workout_id,title,category,all_categories,primary_zone,all_zones,duration,duration_minutes,duration_seconds,tss,intensity_factor,coach,has_instructions,has_rpm_target,description,workout_steps,slug,url
178,10min Best effort!,Testing,Testing; Threshold,Z4 - Threshold,Free Ride; Z1 - Recovery; Z2 - Endurance; Z3 - Tempo; Z4 - Threshold; Z5 - VO2Max,56:00,56.0,3360,49,0.73,Zelmaré Viljoen,True,False,"This is your day to produce your best 10min effort! After warming up and completing 2 x 5min sub-threshold efforts, you will face a 10min effort with no target power. This is your chance to ride how you feel, implementing effective pacing, to record your best 10-minute power.",warmup 06:00 @ 45% FTP - 75% FTP | 01:00 @ 55% | 01:00 @ 109% | 02:00 @ 50% | ramp 03:00 @ 50% FTP - 81% FTP | 04:00 @ 80% | 03:00 @ 55% | 05:00 @ 90% | 05:00 @ 56% | 03:00 @ 105% | 05:00 @ 50% | 10:00 @ Free ride | 03:00 @ 50% | cooldown 05:00 @ 65% FTP - 50% FTP,10min-best-effort,https://mywhooshinfo.com/workouts/workout/10min-best-effort
561,10min Ramps,Threshold,All training plan workouts; Threshold,Z4 - Threshold,Z1 - Recovery; Z2 - Endurance; Z3 - Tempo; Z4 - Threshold; Z5 - VO2Max,59:00,59.0,3540,63,0.8,,True,False,"Your ability to perform long efforts with some intensity is a significant factor in your cycling performance. They require good physical condition, along with the ability to stay focused. Today's session has 3 x 10min efforts that either increase or decrease in intensity.",warmup 03:00 @ 45% FTP - 60% FTP | 01:00 @ 60% | 01:00 @ 65% | 01:00 @ 81% | 01:00 @ 109% | 02:00 @ 50% | 04:00 @ 90% | 03:00 @ 50% | ramp 10:00 @ 76% FTP - 89% FTP | 04:00 @ 50% | ramp 10:00 @ 90% FTP - 104% FTP | 04:00 @ 50% | ramp 10:00 @ 89% FTP - 76% FTP | 05:00 @ 50%,10min-ramps,https://mywhooshinfo.com/workouts/workout/10min-ramps
562,11min Intensive Aerobic,Threshold,All training plan workouts; Threshold,Z4 - Threshold,Z1 - Recovery; Z2 - Endurance; Z3 - Tempo; Z4 - Threshold,01:17:00,77.0,4620,87,0.83,,False,False,"There's no getting away from the benefits of long aerobic efforts. This Intensive Aerobic duration is the point where most of the energy comes from aerobic pathways. After completing a good warm-up, we perform 4 x 11-minute Intensive Aerobic intervals.",warmup 10:00 @ 45% FTP - 75% FTP | 03:00 @ 55% | 11:00 @ 99% | 05:00 @ 55% | 11:00 @ 94% | 05:00 @ 55% | 11:00 @ 91% | 05:00 @ 55% | 11:00 @ 86% | 05:00 @ 55%,11min-intensive-aerobic,https://mywhooshinfo.com/workouts/workout/11min-intensive-aerobic
10802,12min 30/30's #1,All training plan workouts,All training plan workouts,Z6 - Anaerobic,Z1 - Recovery; Z2 - Endurance; Z3 - Tempo; Z6 - Anaerobic,57:00,57.0,3420,60,0.8,,True,False,"Another session of intermittent training, performing 30/30s for an accumulated time of 18 min above threshold. After warming up, we complete three sets of 12-minute blocks of 30 seconds above FTP, followed by 30 seconds of recovery. The rest period mustn't be too easy to train the muscle fibres to use the lactate produced as a fuel.","warmup 10:00 @ 45% FTP - 65% FTP | 02:00 @ 60% | 02:00 @ 70% | 02:00 @ 80% | 02:00 @ 90% | 05:00 @ 55% | 12x [00:30 @ 120%, 00:30 @ 55%] | 05:00 @ 55% | 12x [00:30 @ 120%, 00:30 @ 55%] | 05:00 @ 50%",12min-30-30-s-1,https://mywhooshinfo.com/workouts/workout/12min-30-30-s-1
656,12min 30/30's #2,VO2max,All training plan workouts; VO2max,Z5 - VO2Max,Z1 - Recovery; Z2 - Endurance; Z3 - Tempo; Z6 - Anaerobic,01:14:00,74.0,4440,81,0.81,,True,False,"Another session of intermittent training, performing 30/30s for an accumulated time of 18 min above threshold. After warming up, we complete three sets of 12-minute blocks of 30 seconds above FTP, followed by 30 seconds of recovery. The rest period mustn't be too easy to train the muscle fibres to use the lactate produced as a fuel.","warmup 10:00 @ 45% FTP - 65% FTP | 02:00 @ 60% | 02:00 @ 70% | 02:00 @ 80% | 02:00 @ 90% | 05:00 @ 55% | 12x [00:30 @ 120%, 00:30 @ 55%] | 05:00 @ 55% | 12x [00:30 @ 120%, 00:30 @ 55%] | 05:00 @ 55% | 12x [00:30 @ 120%, 00:30 @ 55%] | 05:00 @ 50%",12min-30-30-s-2,https://mywhooshinfo.com/workouts/workout/12min-30-30-s-2
563,12min Over-Under's,Threshold,Threshold,Z4 - Threshold,Z1 - Recovery; Z2 - Endurance; Z3 - Tempo; Z4 - Threshold,01:09:00,69.0,4140,69,0.78,,True,False,Today's workout focuses on developing threshold power. We complete 2 x 12-minute intervals with the target power moving just above and below your FTP. This is a high-intensity workout requiring you to concentrate on the changes in target power and the increased fatigue as the interval progresses.,"warmup 10:00 @ 35% FTP - 55% FTP | 05:00 @ 73% | 3x [02:00 @ 103%, 02:00 @ 90%] | 10:00 @ 55% | 3x [02:00 @ 103%, 02:00 @ 90%] | 05:00 @ 55% | cooldown 10:00 @ 55% FTP - 35% FTP",12min-over-under-s,https://mywhooshinfo.com/workouts/workout/12min-over-under-s
564,13min Progressive Climb,Threshold,Threshold,Z4 - Threshold,Z1 - Recovery; Z2 - Endurance; Z3 - Tempo; Z4 - Threshold; Z6 - Anaerobic,01:03:00,63.0,3780,71,0.82,,True,True,"There are three climbs of 13 minutes in duration today, but each is completed using a different cadence. As the power ramps up between steps, select your cadence before returning to the target cadence. Position yourself on the bike as you would on a long climb. Like a climb outdoors, the required power will increase throughout the 13 minutes. We culminate with a 1 min above threshold at the top of the climb.",warmup 03:00 @ 45% FTP - 55% FTP | 00:20 @ 125% | ramp 03:00 @ 56% FTP - 65% FTP | 00:20 @ 125% | ramp 03:00 @ 66% FTP - 75% FTP | 00:20 @ 125% | 01:00 @ 55% | ramp 01:00 @ 61% FTP - 79% FTP | 05:00 @ 80% @ 85RPM | ramp 01:00 @ 81% FTP - 94% FTP | 04:00 @ 95% @ 85RPM | ramp 01:00 @ 96% FTP - 104% FTP | 01:00 @ 105% @ 85RPM | 04:00 @ 55% | ramp 01:00 @ 61% FTP - 79% FTP | 05:00 @ 80% @ 80RPM | ramp 01:00 @ 81% FTP - 94% FTP | 04:00 @ 95% @ 80RPM | ramp 01:00 @ 96% FTP - 104% FTP | 01:00 @ 105% @ 80RPM | 04:00 @ 55% | ramp 01:00 @ 61% FTP - 79% FTP | 05:00 @ 80% @ 75RPM | ramp 01:00 @ 81% FTP - 94% FTP | 04:00 @ 95% @ 75RPM | ramp 01:00 @ 96% FTP - 104% FTP | 01:00 @ 105% @ 75RPM | cooldown 05:00 @ 65% FTP - 45% FTP,13min-progressive-climb,https://mywhooshinfo.com/workouts/workout/13min-progressive-climb
1,15min Varied Tempo #1,Beginner,All training plan workouts; Beginner; Tempo,Z3 - Tempo,Z1 - Recovery; Z2 - Endurance; Z3 - Tempo; Z4 - Threshold; Z6 - Anaerobic,48:20,48.3,2900,45,0.75,Si Bradeley,False,True,"Today, working in your Zone 3 Tempo, we vary the cadence and power. Observe your Heart Rate during the 15-minute interval and look for changes in your Heart Rate when the cadence varies. We are working at the lower end of the training Zone today. The added stress comes from the target cadence. This workout is also available as Video workout by a MyWhoosh coach Si Bradeley","03:00 @ 50% | 4x [00:10 @ 180%, 00:50 @ 50%] | 03:00 @ 70% | 02:00 @ 57% | 05:00 @ 81% | 03:00 @ 56% | 05:00 @ 86% @ 90RPM | 05:00 @ 85% @ 95RPM | 05:00 @ 85% @ 100RPM | 05:00 @ 56% | 01:40 @ 93% | 01:40 @ 65% | 05:00 @ 50%",15min-varied-tempo-1,https://mywhooshinfo.com/workouts/workout/15min-varied-tempo-1
462,15min Varied Tempo #2,Tempo,All training plan workouts; Tempo,Z3 - Tempo,Z1 - Recovery; Z2 - Endurance; Z3 - Tempo; Z6 - Anaerobic,59:45,59.8,3585,60,0.78,Si Bradeley,False,True,"Today, working in your Zone 3 Tempo, we vary the cadence and power. Observe your Heart Rate during the 15-minute interval and look for changes in your Heart Rate when the cadence varies. We are working at the lower end of the training Zone today. The added stress comes from the target cadence.","03:00 @ 50% | 4x [00:10 @ 180%, 00:50 @ 50%] | 03:00 @ 70% | 02:00 @ 50% | 05:00 @ 90% | 03:00 @ 50% | 05:00 @ 89% @ 95RPM | 05:00 @ 77% @ 85RPM | 05:00 @ 89% @ 90RPM | 05:00 @ 50% | 05:00 @ 77% @ 95RPM | 05:00 @ 82% @ 85RPM | 05:00 @ 89% @ 90RPM | 01:15 @ 75% | 01:15 @ 65% | 01:15 @ 55% | 01:00 @ 50%",15min-varied-tempo-2,https://mywhooshinfo.com/workouts/workout/15min-varied-tempo-2
463,15min Varied Tempo #3,Tempo,All training plan workouts; Tempo,Z3 - Tempo,Z1 - Recovery; Z2 - Endurance; Z3 - Tempo; Z6 - Anaerobic,59:45,59.8,3585,71,0.85,Si Bradeley,False,True,"Today, working in your Tempo zone, we are varying the cadence and power. However, start each 5min effort with a 'high-speed sprint'. Out of the saddle for the sprint, then straight into the tempo effort. Observe your HR during the 15min intervals and look for changes in heart rate when your cadence changes.","03:00 @ 50% | 4x [00:10 @ 180%, 00:50 @ 50%] | 03:00 @ 70% | 02:00 @ 50% | 04:00 @ 90% | 03:00 @ 50% | 00:15 @ 200% | 05:00 @ 89% @ 85RPM | 00:15 @ 200% | 05:00 @ 77% @ 100RPM | 00:15 @ 200% | 05:00 @ 89% @ 90RPM | 04:30 @ 50% | 00:15 @ 200% | 05:00 @ 77% @ 85RPM | 00:15 @ 200% | 05:00 @ 82% @ 100RPM | 00:15 @ 200% | 05:00 @ 89% @ 90RPM | 01:15 @ 75% | 01:15 @ 65% | 01:15 @ 60% | 01:00 @ 50%",15min-varied-tempo-3,https://mywhooshinfo.com/workouts/workout/15min-varied-tempo-3
657,16min 30/30's #1,VO2max,VO2max,Z5 - VO2Max,Z1 - Recovery; Z2 - Endurance; Z3 - Tempo; Z6 - Anaerobic,01:26:00,86.0,5160,99,0.83,,True,False,"Another session of intermittent training, performing 30/30s for an accumulated time of 24 min above threshold. After warming up, we complete three sets of 16-minute blocks of 30 seconds above FTP, followed by 30 seconds of recovery. The rest period mustn't be too easy to train the muscle fibres to use the lactate produced as a fuel.","warmup 10:00 @ 45% FTP - 65% FTP | 02:00 @ 60% | 02:00 @ 70% | 02:00 @ 80% | 02:00 @ 90% | 05:00 @ 55% | 16x [00:30 @ 120%, 00:30 @ 55%] | 05:00 @ 55% | 16x [00:30 @ 120%, 00:30 @ 55%] | 05:00 @ 55% | 16x [00:30 @ 120%, 00:30 @ 55%] | 05:00 @ 50%",16min-30-30-s-1,https://mywhooshinfo.com/workouts/workout/16min-30-30-s-1
2,1min + Endurance #1,Beginner,All training plan workouts; Beginner; Endurance,Z5 - VO2Max,Free Ride; Z1 - Recovery; Z2 - Endurance; Z5 - VO2Max,01:27:30,87.5,5250,78,0.74,,False,False,"Today, we will burn up the intramuscular glycogen early in the session and then continue with an endurance ride. By depleting this energy source prematurely, the body is forced to adapt by becoming more efficient at utilising fats to produce the power. In this workout, the 1min efforts also act as part of your warm-up. We quickly get into the action today! The remaining endurance ride is completed as a free ride. Aim to keep your effort within zone 2 and 3 for most of your ride.",warmup 05:30 @ 45% FTP - 70% FTP | 01:00 @ 50% | 01:00 @ 106% | 04:00 @ 50% | 01:00 @ 109% | 04:00 @ 50% | 01:00 @ 112% | 04:00 @ 50% | 01:00 @ 115% | 04:00 @ 50% | 01:00 @ 115% | 01:00:00 @ Free ride,1min-endurance-1,https://mywhooshinfo.com/workouts/workout/1min-endurance-1
191,1min Power Duration #2,Anaerobic,All training plan workouts; Anaerobic,Z6 - Anaerobic,Z1 - Recovery; Z2 - Endurance; Z3 - Tempo; Z4 - Threshold; Z5 - VO2Max; Z6 - Anaerobic,57:40,57.7,3460,63,0.81,,False,False,Today's session is all about producing a range of 1min intervals to provide you with a gauge of your 1min power potential. Observe your preferred cadence for the different intensities and your heart rate response.,warmup 05:00 @ 45% FTP - 75% FTP | 01:00 @ 50% | 01:00 @ 91% | 02:00 @ 50% | 01:00 @ 100% | 01:00 @ 50% | 01:00 @ 84% | 01:00 @ 50% | 04:00 @ 85% | 03:00 @ 50% | 01:00 @ 104% | 03:00 @ 45% | 01:00 @ 110% | 05:30 @ 50% | 01:00 @ 135% | 00:30 @ 50% | 03:00 @ 64% | 00:30 @ 50% | 01:00 @ 130% | 00:30 @ 50% | 03:00 @ 63% | 03:00 @ 50% | 01:00 @ 150% | 01:00 @ 50% | 04:00 @ 63% | 01:00 @ 50% | 01:00 @ 160% | 01:00 @ 50% | 01:40 @ 63% | 04:00 @ 55%,1min-power-duration-2,https://mywhooshinfo.com/workouts/workout/1min-power-duration-2
726,2023 TDF Alena Amialiusik - Taper,UAE Team ADQ,UAE Team ADQ,Z3 - Tempo,Z1 - Recovery; Z2 - Endurance; Z3 - Tempo; Z4 - Threshold; Z6 - Anaerobic,58:00,58.0,3480,38,0.63,,True,False,"In her rich career, Alena Amialiusik boasts numerous victories and results, including a gold medal at European Games Road Race, a bronze medal in the Road European Championship, countless National titles, and the TTT World Championships. A significant part of this success is knowing how to taper effectively, leading into an important block of racing. In today's workout, we look at the training Amialiusik would complete before a major stage race.","05:00 @ 50% | ramp 05:00 @ 50% FTP - 70% FTP | 02:00 @ 50% | 04:00 @ 81% | 05:00 @ 50% | 02:00 @ 95% | 05:00 @ 50% | 2x [00:15 @ 120%, 05:00 @ 50%] | 04:00 @ 81% | 05:00 @ 50% | 2x [00:15 @ 120%, 05:00 @ 50%]",2023-tdf-alena-amialiusik-taper,https://mywhooshinfo.com/workouts/workout/2023-tdf-alena-amialiusik-taper
727,2023 TDF Chiara Consonni - Sprint,UAE Team ADQ,UAE Team ADQ,Z3 - Tempo,Z1 - Recovery; Z2 - Endurance; Z3 - Tempo; Z4 - Threshold; Z5 - VO2Max; Z6 - Anaerobic,52:00,52.0,3120,53,0.79,,True,False,"Chiara is a pure sprinter. She is the new arrow for the sprints at UAE Team ADQ. A multiple European and world champion on the track, she has already achieved several career victories on the road, including a stage at the Giro d'Italia. To target peak 5-sec power, Chiara will perform multiple maximal sprints in a single workout. In today's workout, we ride at a lower-end Tempo effort for 30 minutes. However, within these 30 minutes, you will perform a 10-second sprint every 5 minutes. Can you hit the same Peak Power for all six sprints?","warmup 05:00 @ 50% FTP - 75% FTP | 2x [00:10 @ 170%, 00:50 @ 56%] | 02:00 @ 55% | 03:00 @ 90% | 02:00 @ 56% | 01:00 @ 109% | 03:00 @ 55% | 6x [04:50 @ 76%, 00:10 @ 190%] | 04:00 @ 50%",2023-tdf-chiara-consonni-sprint,https://mywhooshinfo.com/workouts/workout/2023-tdf-chiara-consonni-sprint
728,2023 TDF Erica Magnaldi - Climbing,UAE Team ADQ,UAE Team ADQ,Z3 - Tempo,Z1 - Recovery; Z2 - Endurance; Z3 - Tempo; Z4 - Threshold; Z6 - Anaerobic,50:00,50.0,3000,54,0.81,,True,True,Erica Magnaldi is a remarkable climber who has achieved impressive feats in her career. She has worked hard to earn an impressive third-place spot in the Mediterranean games a tenth-place standing on the General Classification at the Giro Donne and even snagged a stage win at the Tour de lArhe. To be a fierce competitor in the GC Erica knows she must hone her climbing skills through rigorous training. In this particular workout we focus on the demands of climbing and sprinting for Queen of the Mountain (QOM) points. We aim to replicate the climbing demands during the tempo effort by riding with a lower cadence. It's important to position yourself on the bike as you would during a long climb.,"warmup 05:00 @ 50% FTP - 75% FTP | 5x [00:30 @ 65%, 00:30 @ 95%] | 03:00 @ 55% | 05:00 @ 87% @ 75RPM | 2x [00:15 @ 200%, 01:45 @ 65%] | 03:00 @ 56% | 05:00 @ 81% @ 70RPM | 2x [00:15 @ 200%, 01:45 @ 65%] | 03:00 @ 55% | 05:00 @ 81% @ 65RPM | 2x [00:15 @ 200%, 01:45 @ 65%] | 04:00 @ 50%",2023-tdf-erica-magnaldi-climbing,https://mywhooshinfo.com/workouts/workout/2023-tdf-erica-magnaldi-climbing
648,2023 TDF George Bennett - Climbing,UAE Team Emirates,UAE Team Emirates,Z3 - Tempo,Z1 - Recovery; Z2 - Endurance; Z3 - Tempo; Z4 - Threshold; Z5 - VO2Max,54:00,54.0,3240,57,0.8,,True,True,"George Bennett, a seasoned General Classification rider, understands the significance of perfecting his climbing fitness. The workout scheduled for today entails three 10-minute climbs, with every ascent executed at a target cadence. Like an outdoor climb, the power demanded will escalate for 10 minutes, culminating in 1 minute above the threshold at the climb's summit. Assume a bike position as you would during a long climb.",warmup 10:00 @ 50% FTP - 75% FTP | 01:00 @ 55% | 05:00 @ 80% @ 85RPM | 04:00 @ 95% @ 85RPM | 01:00 @ 105% @ 85RPM | 04:00 @ 55% | 05:00 @ 80% @ 80RPM | 04:00 @ 95% @ 80RPM | 01:00 @ 105% @ 80RPM | 04:00 @ 55% | 05:00 @ 80% @ 75RPM | 04:00 @ 95% @ 75RPM | 01:00 @ 105% @ 75RPM | cooldown 05:00 @ 50% FTP - 40% FTP,2023-tdf-george-bennett-climbing,https://mywhooshinfo.com/workouts/workout/2023-tdf-george-bennett-climbing
729,2023 TDF Marta Bastianelli - Rouleur,UAE Team ADQ,UAE Team ADQ,Z3 - Tempo,Z1 - Recovery; Z2 - Endurance; Z3 - Tempo; Z4 - Threshold; Z5 - VO2Max; Z6 - Anaerobic,57:10,57.2,3430,40,0.65,,True,False,"Grand Tours provide fans with some of the most entertaining racing of the year. But for the riders, they are some of the most challenging events of the year, requiring detailed preparation and physically demanding training. In this workout, we replicate one of Marta Bastianelli's final training sessions leading into a Grand Tour. Marta's achievements include; the World, European and Italian Championships. She certainly knows how to prepare for the biggest events on the world stage!","warmup 06:00 @ 45% FTP - 70% FTP | 01:00 @ 50% | 01:00 @ 81% | 00:30 @ 50% | 01:00 @ 95% | 00:30 @ 50% | 00:30 @ 109% | 03:00 @ 50% | 04:00 @ 81% | 01:00 @ 50% | 2x [00:10 @ 135%, 05:00 @ 50%] | ramp 06:00 @ 65% FTP - 84% FTP | 05:00 @ 50% | 02:00 @ 95% | 05:00 @ 50% | 2x [00:10 @ 135%, 05:00 @ 50%]",2023-tdf-marta-bastianelli-rouleur,https://mywhooshinfo.com/workouts/workout/2023-tdf-marta-bastianelli-rouleur
652,2023 TDF Matteo Trentin - Rouleur,UAE Team Emirates,UAE Team Emirates,Z3 - Tempo,Z1 - Recovery; Z2 - Endurance; Z3 - Tempo; Z5 - VO2Max; Z6 - Anaerobic,51:00,51.0,3060,52,0.79,,True,False,"Matteo Trentin is no stranger to the rigors of Grand Tour events, having participated in many of them before. As a key member of Tadej Pogacar's team, Trentin strategically plans his season to ensure he is in peak condition for the Tour de France. Our workout mimics the training regimen that Trentin performs leading up to a Grand Tour, helping to elevate his performance to the highest level.","03:00 @ 50% | 3x [00:10 @ 130%, 00:50 @ 50%] | 03:00 @ 70% | 02:00 @ 50% | 05:00 @ 88% | 02:00 @ 50% | 5x [00:40 @ 115%, 00:20 @ 50%] | 05:00 @ 50% | 5x [00:40 @ 115%, 00:20 @ 50%] | 05:00 @ 50% | 3x [00:40 @ 115%, 00:20 @ 50%] | 05:00 @ 81% | cooldown 05:00 @ 50% FTP - 40% FTP",2023-tdf-matteo-trentin-rouleur,https://mywhooshinfo.com/workouts/workout/2023-tdf-matteo-trentin-rouleur
730,2023 TDF Mikayla Harvey - ITT,UAE Team ADQ,UAE Team ADQ,Z3 - Tempo,Z1 - Recovery; Z2 - Endurance; Z3 - Tempo; Z4 - Threshold; Z5 - VO2Max,47:00,47.0,2820,50,0.8,,True,False,Mikayla is a skilled ITT and GC specialist who has achieved remarkable results in her career. She secured fifth place in GC at the 2020 Giro d'Italia and seventh at La Fleche Wallone Femenine in the same year. She also previously won the Oceania ITT championship and New Zealand national ITT championship in the Under-23 Women and Junior categories. In this workout. We guide you through a crucial session that Mikayla undertakes to gear up for the ITT of a Grand Tour. The initial 8-minute sub-threshold efforts will help you prepare for the final 5-minute FTP interval.,warmup 05:00 @ 50% FTP - 75% FTP | 01:00 @ 55% | 01:00 @ 90% | 01:00 @ 55% | 01:00 @ 106% | 03:00 @ 55% | 08:00 @ 88% | 05:00 @ 63% | 08:00 @ 89% | 05:00 @ 63% | 05:00 @ 98% | 04:00 @ 50%,2023-tdf-mikayla-harvey-itt,https://mywhooshinfo.com/workouts/workout/2023-tdf-mikayla-harvey-itt
653,2023 TDF Mikkel Bjerg - ITT,UAE Team Emirates,UAE Team Emirates,Z3 - Tempo,Z1 - Recovery; Z2 - Endurance; Z3 - Tempo; Z4 - Threshold; Z5 - VO2Max,53:00,53.0,3180,38,0.66,,True,False,"Mikkel Bjerg is one of the most knowledgeable and experienced riders when it comes to preparing for a Time Trial. His preparation methods are highly precise and methodical, which have resulted in three U23 World Championship victories in the past. In this workout, we are going to follow one of Mikkel's final training sessions leading into a major Grand Tour Time Trial.","04:00 @ 50% | ramp 05:00 @ 50% FTP - 75% FTP | 02:00 @ 50% | 01:00 @ 109% | 03:00 @ 50% | 5x [01:00 @ 80%, 04:00 @ 50%] | 04:00 @ 90% | 03:00 @ 50% | 01:00 @ 110% | 05:00 @ 50%",2023-tdf-mikkel-bjerg-itt,https://mywhooshinfo.com/workouts/workout/2023-tdf-mikkel-bjerg-itt
654,2023 TDF Pascal Ackermann - Sprint,UAE Team Emirates,UAE Team Emirates,Z3 - Tempo,Z1 - Recovery; Z2 - Endurance; Z3 - Tempo; Z6 - Anaerobic,50:20,50.3,3020,63,0.87,,True,False,"Pascal Ackermann has achieved numerous Grand Tour and Classic sprint victories, showcasing his impressive power when necessary. As the race comes to its climactic final kilometre, spectators are on the edge of their seats watching riders fight to maintain their positions behind their lead-out train. However, the true preparation for this intense sprint begins much earlier, with the speed ramping up within the last 20km of the race. To truly unleash his maximum sprint potential, Pascal must train to optimize his efficiency during this crucial final hour of racing. The UAE Team Emirates workout plan focuses on four brief yet highly intense intervals that gradually increase in power following a steady 10-minute Tempo effort.","warmup 05:00 @ 50% FTP - 75% FTP | 4x [00:30 @ 65%, 00:30 @ 85%] | 03:00 @ 50% | 10:00 @ 81% | 01:00 @ 150% | 01:00 @ 50% | 00:30 @ 170% | 00:30 @ 50% | 00:15 @ 200% | 00:45 @ 50% | 00:10 @ 250% | 05:00 @ 50% | 10:00 @ 81% | 01:00 @ 150% | 01:00 @ 50% | 00:30 @ 170% | 00:30 @ 50% | 00:15 @ 200% | 00:45 @ 50% | 00:10 @ 250% | 05:00 @ 50%",2023-tdf-pascal-ackermann-sprint,https://mywhooshinfo.com/workouts/workout/2023-tdf-pascal-ackermann-sprint
655,2023 TDF Vegard Laengen - Domestique,UAE Team Emirates,UAE Team Emirates,Z3 - Tempo,Z1 - Recovery; Z2 - Endurance; Z3 - Tempo; Z4 - Threshold,53:00,53.0,3180,58,0.81,,True,False,"Vegard Laengen is the trusty workhorse of UAE Team Emirates. Throughout a Grand Tour, Laengen will spend countless hours riding at the head of the peloton, controlling the speed for his team leader. There is no getting away from the benefits of completing long steady Tempo efforts. The best professionals spend countless hours training this way, and Laengen spends much of his training toiling away in this zone 3 power. By completing some 1-minute near FTP efforts in the warm-up, you will be ready for the following 15-minute Tempo efforts.","warmup 05:00 @ 50% FTP - 75% FTP | 4x [01:00 @ 95%, 01:00 @ 50%] | 15:00 @ 89% | 05:00 @ 55% | 15:00 @ 89% | 05:00 @ 50%",2023-tdf-vegard-laengen-domestique,https://mywhooshinfo.com/workouts/workout/2023-tdf-vegard-laengen-domestique
464,20min Tempo w/15sec Accelerations,Tempo,All training plan workouts; Tempo,Z3 - Tempo,Z1 - Recovery; Z2 - Endurance; Z3 - Tempo; Z6 - Anaerobic,55:00,55.0,3300,68,0.87,Si Bradeley,False,False,"Completing long tempo efforts with short, high-intensity surges is another way to increase threshold power. The body must process the lactate produced from the above threshold surges with the constant high power. A practical session without the lung burning effect of a sustained threshold effort.","warmup 05:00 @ 45% FTP - 65% FTP | 4x [04:45 @ 89%, 00:15 @ 150%] | 05:00 @ 55% | 4x [04:45 @ 88%, 00:15 @ 150%] | 05:00 @ 55%",20min-tempo-w-15sec-accelerations,https://mywhooshinfo.com/workouts/workout/20min-tempo-w-15sec-accelerations
3,20sec + Endurance #1,Beginner,All training plan workouts; Beginner; Endurance,Z6 - Anaerobic,Free Ride; Z1 - Recovery; Z2 - Endurance; Z6 - Anaerobic,01:24:10,84.2,5050,56,0.63,,False,False,"Today, we will burn up the intramuscular glycogen early in the session and then continue with an endurance ride. By depleting this energy source prematurely, the body is forced to adapt by becoming more efficient at utilising fats to produce the power. We quickly get into the action today! The 20-second efforts also act as part of your warm-up in this workout. The remaining endurance ride is completed as a free ride. Aim to keep your effort within zone 2 and 3 for most of your ride.",warmup 05:30 @ 45% FTP - 70% FTP | 01:00 @ 50% | 00:20 @ 125% | 04:00 @ 50% | 00:20 @ 130% | 04:00 @ 50% | 00:20 @ 135% | 04:00 @ 50% | 00:20 @ 140% | 04:00 @ 50% | 00:20 @ 145% | 01:00:00 @ Free ride,20sec-endurance-1,https://mywhooshinfo.com/workouts/workout/20sec-endurance-1
566,22min Intensive Aerobic,Threshold,All training plan workouts; Threshold,Z4 - Threshold,Z1 - Recovery; Z2 - Endurance; Z3 - Tempo; Z4 - Threshold,01:28:00,88.0,5280,110,0.87,,False,False,"There's no getting away from the benefits of long aerobic efforts. This Intensive Aerobic duration is the point where most of the energy comes from aerobic pathways. After completing a good warm-up, we perform 3 x 22-minute Intensive Aerobic intervals.",05:00 @ 50% | ramp 04:00 @ 57% FTP - 75% FTP | 03:00 @ 55% | 22:00 @ 96% | 03:00 @ 55% | 22:00 @ 92% | 03:00 @ 55% | 22:00 @ 88% | 04:00 @ 45%,22min-intensive-aerobic,https://mywhooshinfo.com/workouts/workout/22min-intensive-aerobic
179,25sec Intensive Anaerobic,Sprint,Sprint; Testing,Z6 - Anaerobic,Free Ride; Z1 - Recovery; Z2 - Endurance; Z3 - Tempo; Z4 - Threshold; Z5 - VO2Max; Z6 - Anaerobic,55:05,55.1,3305,44,0.69,Si Bradeley,True,False,"Your ability to produce high power efforts above threshold is a significant factor in racing. This session focuses on Intensive Anaerobic efforts of 25sec. Because we are looking for maximal efforts in this area, full recovery is provided between each interval. While the session might look simple on paper, don't be fooled. This is a High-Intensity session with maximal effort. However, to help you judge your effort for this duration, you will be guided through the opening intervals before being provided with the opportunity to produce your best efforts in the finale.",warmup 05:00 @ 45% FTP - 75% FTP | 01:00 @ 55% | 01:00 @ 80% | 01:00 @ 55% | 01:00 @ 95% | 01:00 @ 55% | 00:30 @ 110% | 02:00 @ 55% | 00:30 @ 125% | 05:00 @ 55% | 00:25 @ 160% | 07:00 @ 55% | 00:25 @ 170% | 07:00 @ 55% | 00:25 @ 180% | 07:00 @ 55% | 00:25 @ Free ride | 07:00 @ 55% | 00:25 @ Free ride | 02:00 @ 55% | cooldown 05:00 @ 65% FTP - 45% FTP,25sec-intensive-anaerobic,https://mywhooshinfo.com/workouts/workout/25sec-intensive-anaerobic
192,2min Anaerobic Capacity,Anaerobic,Anaerobic,Z6 - Anaerobic,Z1 - Recovery; Z2 - Endurance; Z3 - Tempo; Z4 - Threshold; Z5 - VO2Max; Z6 - Anaerobic,30:00,30.0,1800,29,0.77,,True,False,"A shorter workout today that is high on quality! A challenging session today, with the focus on completing two quality Anaerobic Capacity intervals. These are high-intensity efforts with the power ramping up over 2min, starting at 88% of FTP and finishing at 130% of FTP. This workout is also available as Video workout by a MyWhoosh coach Liz Smithson",warmup 03:30 @ 45% FTP - 70% FTP | 00:30 @ 55% | 03:00 @ 65% | 00:30 @ 50% | 02:00 @ 81% | 01:00 @ 50% | 01:00 @ 90% | 01:00 @ 50% | 01:00 @ 109% | 02:00 @ 50% | 00:30 @ 125% | 03:00 @ 50% | ramp 02:00 @ 88% FTP - 130% FTP | 03:00 @ 50% | ramp 02:00 @ 88% FTP - 130% FTP | 04:00 @ 50%,2min-anaerobic-capacity,https://mywhooshinfo.com/workouts/workout/2min-anaerobic-capacity
48,2min Capacity,Under 35 min,Under 35 min,Z2 - Endurance,Z1 - Recovery; Z2 - Endurance; Z3 - Tempo; Z4 - Threshold; Z5 - VO2Max; Z6 - Anaerobic,31:00,31.0,1860,28,0.74,,False,False,"A shorter workout today that is high on quality! A challenging session, with the focus being on completing a quality Anaerobic Capacity interval. This is a high-intensity effort with the power ramping up over 2min, starting at 88% of FTP and finishing at 130% of FTP.",warmup 03:00 @ 45% FTP - 60% FTP | 01:00 @ 60% | 01:00 @ 65% | 01:00 @ 81% | 01:00 @ 109% | 02:00 @ 55% | 10:00 @ 75% | 02:00 @ 55% | ramp 02:00 @ 88% FTP - 130% FTP | 02:00 @ 55% | cooldown 06:00 @ 70% FTP - 45% FTP,2min-capacity,https://mywhooshinfo.com/workouts/workout/2min-capacity
49,30/15's #1,Under 35 min,Under 35 min,Z2 - Endurance,Z1 - Recovery; Z2 - Endurance; Z3 - Tempo; Z6 - Anaerobic,30:30,30.5,1830,32,0.8,Si Bradeley,False,False,"After warming up, complete 10 minutes at Zone 2 Endurance, followed by 6 x 30sec on / 15sec off. Recovery power is 65% of FTP.","warmup 05:00 @ 45% FTP - 75% FTP | 5x [00:30 @ 65%, 00:30 @ 89%] | 10:00 @ 75% | 6x [00:30 @ 125%, 00:15 @ 65%] | cooldown 06:00 @ 70% FTP - 45% FTP",30-15-s-1,https://mywhooshinfo.com/workouts/workout/30-15-s-1
50,30/15's #2,Under 35 min,Under 35 min,Z2 - Endurance,Z1 - Recovery; Z2 - Endurance; Z3 - Tempo; Z6 - Anaerobic,30:15,30.2,1815,32,0.8,Lisa Hermansson,False,False,"After warming up, complete 10 minutes at Zone 2 Endurance, followed by 7 x 30sec on / 15sec off. Recovery power is 65% of FTP.","warmup 05:00 @ 45% FTP - 75% FTP | 3x [00:30 @ 65%, 00:30 @ 89%] | 10:00 @ 75% | 7x [00:30 @ 125%, 00:15 @ 65%] | 02:00 @ 55% | cooldown 05:00 @ 70% FTP - 45% FTP",30-15-s-2,https://mywhooshinfo.com/workouts/workout/30-15-s-2
51,30/15's #3,Under 35 min,Under 35 min,Z2 - Endurance,Z1 - Recovery; Z2 - Endurance; Z3 - Tempo; Z6 - Anaerobic,30:00,30.0,1800,33,0.82,Lisa Hermansson,False,False,"After warming up, complete 10 minutes at Zone 2 Endurance, followed by 8 x 30sec on / 15sec off. Recovery power is 65% of FTP. This workout is also available as Video workout by a MyWhoosh coach Si Bradeley","warmup 05:00 @ 45% FTP - 75% FTP | 3x [00:30 @ 65%, 00:30 @ 89%] | 02:00 @ 55% | 10:00 @ 75% | 8x [00:30 @ 125%, 00:15 @ 65%] | 01:00 @ 55% | cooldown 03:00 @ 70% FTP - 50% FTP",30-15-s-3,https://mywhooshinfo.com/workouts/workout/30-15-s-3
52,30/15's #4,Under 35 min,Under 35 min,Z2 - Endurance,Z1 - Recovery; Z2 - Endurance; Z3 - Tempo; Z4 - Threshold; Z6 - Anaerobic,33:45,33.8,2025,36,0.81,Si Bradeley,False,False,"After warming up, complete a 3-minute ramp, leading into 10 minutes at Zone 2 Endurance. Another 3-minute ramp then leads into 5 x 30sec on / 15sec off.","warmup 05:00 @ 45% FTP - 75% FTP | 2x [00:30 @ 65%, 00:30 @ 90%] | ramp 03:00 @ 75% FTP - 104% FTP | 10:00 @ 75% | ramp 03:00 @ 75% FTP - 104% FTP | 5x [00:30 @ 125%, 00:15 @ 65%] | 02:00 @ 55% | cooldown 05:00 @ 70% FTP - 45% FTP",30-15-s-4,https://mywhooshinfo.com/workouts/workout/30-15-s-4
53,30/15's #5,Under 35 min,Under 35 min,Z3 - Tempo,Z1 - Recovery; Z2 - Endurance; Z3 - Tempo; Z4 - Threshold; Z6 - Anaerobic,34:30,34.5,2070,41,0.85,Si Bradeley,False,False,"After warming up, complete 10 minutes @ Zone 2 Endurance, followed by 10x30sec on 15sec off, however, the set opens with a 3min threshold effort.","warmup 05:00 @ 50% FTP - 75% FTP | 3x [00:30 @ 65%, 00:30 @ 89%] | 02:00 @ 55% | 09:00 @ 75% | ramp 03:00 @ 89% FTP - 104% FTP | 10x [00:30 @ 125%, 00:15 @ 65%] | 01:00 @ 55% | cooldown 04:00 @ 70% FTP - 50% FTP",30-15-s-5,https://mywhooshinfo.com/workouts/workout/30-15-s-5
54,30/15's #6,Under 35 min,Under 35 min,Z2 - Endurance,Z1 - Recovery; Z2 - Endurance; Z3 - Tempo; Z4 - Threshold; Z6 - Anaerobic,35:00,35.0,2100,42,0.86,Si Bradeley,False,False,"After warming up, complete 5 minutes at Zone 2 Endurance, Followed by 12 x 30sec on / 15sec off. However, the set begins with a 3-minute threshold ramp effort. Recovery power is 65% of FTP.","warmup 05:00 @ 50% FTP - 75% FTP | 3x [00:30 @ 65%, 00:30 @ 89%] | 02:00 @ 55% | 05:00 @ 75% | ramp 03:00 @ 90% FTP - 104% FTP | 12x [00:30 @ 125%, 00:15 @ 65%] | 01:00 @ 55% | cooldown 07:00 @ 70% FTP - 45% FTP",30-15-s-6,https://mywhooshinfo.com/workouts/workout/30-15-s-6
55,30/15's into Threshold #1,Under 35 min,Under 35 min,Z2 - Endurance,Z1 - Recovery; Z2 - Endurance; Z3 - Tempo; Z4 - Threshold; Z6 - Anaerobic,33:15,33.2,1995,33,0.78,Tim Don,False,False,"After warming up, complete 5 minutes at Threshold, followed by 10 minutes at Zone 2 Endurance, leading into 3 x 30sec on / 15sec off.","warmup 05:00 @ 45% FTP - 75% FTP | 2x [00:30 @ 65%, 00:30 @ 89%] | 02:00 @ 55% | ramp 05:00 @ 85% FTP - 100% FTP | 10:00 @ 75% | 3x [00:30 @ 125%, 00:15 @ 65%] | 02:00 @ 55% | cooldown 05:00 @ 70% FTP - 45% FTP",30-15-s-into-threshold-1,https://mywhooshinfo.com/workouts/workout/30-15-s-into-threshold-1
56,30/15's into Threshold #2,Under 35 min,Under 35 min,Z2 - Endurance,Z1 - Recovery; Z2 - Endurance; Z3 - Tempo; Z4 - Threshold; Z6 - Anaerobic,33:15,33.2,1995,33,0.78,Tim Don,False,False,"After warming up, complete 10 minutes at Zone 2 Endurance, followed by 3 x 30sec on / 15sec off, leading into 5 minutes at threshold.","warmup 05:00 @ 45% FTP - 75% FTP | 3x [00:30 @ 65%, 00:30 @ 89%] | 02:00 @ 55% | 10:00 @ 75% | 3x [00:30 @ 125%, 00:15 @ 65%] | ramp 05:00 @ 85% FTP - 100% FTP | 02:00 @ 55% | cooldown 04:00 @ 70% FTP - 45% FTP",30-15-s-into-threshold-2,https://mywhooshinfo.com/workouts/workout/30-15-s-into-threshold-2
57,30/15's into Threshold #3,Under 35 min,Under 35 min,Z2 - Endurance,Z1 - Recovery; Z2 - Endurance; Z3 - Tempo; Z4 - Threshold; Z6 - Anaerobic,34:45,34.8,2085,37,0.8,,False,False,"After warming up, complete 10 minutes at Zone 2 Endurance, followed by 5 x 30sec on / 15sec off, leading into 5 minutes at threshold.","warmup 05:00 @ 45% FTP - 75% FTP | 3x [00:30 @ 65%, 00:30 @ 89%] | 02:00 @ 55% | 10:00 @ 75% | 5x [00:30 @ 125%, 00:15 @ 65%] | ramp 05:00 @ 85% FTP - 100% FTP | 02:00 @ 55% | cooldown 04:00 @ 70% FTP - 45% FTP",30-15-s-into-threshold-3,https://mywhooshinfo.com/workouts/workout/30-15-s-into-threshold-3
58,30/15's into Threshold #4,Under 35 min,Under 35 min,Z2 - Endurance,Z1 - Recovery; Z2 - Endurance; Z3 - Tempo; Z4 - Threshold; Z6 - Anaerobic,33:30,33.5,2010,36,0.81,,False,False,"After warming up, complete 10 minutes at Zone 2 Endurance, followed by 6 x 30sec on / 15sec off, leading into 4 minutes at threshold.","warmup 04:00 @ 45% FTP - 75% FTP | 3x [00:30 @ 65%, 00:30 @ 89%] | 02:00 @ 55% | 10:00 @ 75% | 6x [00:30 @ 125%, 00:15 @ 65%] | ramp 04:00 @ 85% FTP - 100% FTP | 02:00 @ 55% | cooldown 04:00 @ 70% FTP - 45% FTP",30-15-s-into-threshold-4,https://mywhooshinfo.com/workouts/workout/30-15-s-into-threshold-4
10060,30/30 Anaerobic #3,All training plan workouts,All training plan workouts,Z5 - VO2Max,Z1 - Recovery; Z2 - Endurance; Z3 - Tempo; Z4 - Threshold; Z5 - VO2Max; Z6 - Anaerobic,01:08:00,68.0,4080,74,0.81,,True,False,"After completing a warm up that includes some high rpm sprints and a 5min threshold effort, the main sets today include 12 x 30sec efforts @ 115%FTP with 30sec recovery. By completing short efforts above threshold you are able to accumulate more time in this area than if completed in longer efforts. The short recovery periods also increase oxygen uptake. Particularly towards the end of the set!","03:00 @ 50% | 4x [00:10 @ 170%, 00:50 @ 65%] | 01:00 @ 50% | 02:00 @ 75% | 02:00 @ 50% | ramp 03:00 @ 50% FTP - 85% FTP | 03:00 @ 92% | 03:00 @ 50% | 12x [00:30 @ 115%, 00:30 @ 50%] | 03:00 @ 50% | 12x [00:30 @ 115%, 00:30 @ 50%] | 03:00 @ 50% | 12x [00:30 @ 115%, 00:30 @ 50%] | cooldown 05:00 @ 70% FTP - 45% FTP",30-30-anaerobic-3,https://mywhooshinfo.com/workouts/workout/30-30-anaerobic-3
10082,30/30 Anaerobic #4,All training plan workouts,All training plan workouts,Z5 - VO2Max,Z1 - Recovery; Z2 - Endurance; Z3 - Tempo; Z4 - Threshold; Z5 - VO2Max,01:07:00,67.0,4020,72,0.81,Lisa Hermansson,True,False,"After completing a warm up that includes a 2 minute threshold effort, the main sets today include 20 x 30sec efforts @ 115%FTP with 30sec recovery. By completing short efforts above threshold you are able to accumulate more time in this area than if completed in longer efforts. The short recovery periods also increase oxygen uptake. Particularly towards the end of the set!","03:00 @ 50% | 01:00 @ 50% | 02:00 @ 75% | 02:00 @ 50% | ramp 03:00 @ 50% FTP - 85% FTP | 02:00 @ 92% | 03:00 @ 50% | 20x [00:30 @ 115%, 00:30 @ 50%] | 03:00 @ 50% | 20x [00:30 @ 115%, 00:30 @ 50%] | 03:00 @ 50% | cooldown 05:00 @ 70% FTP - 45% FTP",30-30-anaerobic-4,https://mywhooshinfo.com/workouts/workout/30-30-anaerobic-4
11192,30/30 Efforts,All training plan workouts,All training plan workouts,Z6 - Anaerobic,Z1 - Recovery; Z2 - Endurance; Z3 - Tempo; Z4 - Threshold; Z6 - Anaerobic,51:00,51.0,3060,55,0.81,,True,False,"These Controlled 30/30 efforts are completed at a power just below your Maximal Aerobic Power (MAP). By splitting the effort into 30 seconds of work, with 30 seconds of recovery, you can accumulate more time at this intensity than you would if doing it as a continuous effort. As we progress towards the gravel plan's end, these shorter, sharper efforts are an excellent taper session.","warmup 05:00 @ 50% FTP - 85% FTP | 05:00 @ 92% | 03:00 @ 50% | 6x [00:30 @ 130%, 00:30 @ 45%] | 07:00 @ 55% | 6x [00:30 @ 130%, 00:30 @ 45%] | 07:00 @ 55% | 6x [00:30 @ 130%, 00:30 @ 45%] | cooldown 06:00 @ 50% FTP - 30% FTP",30-30-efforts,https://mywhooshinfo.com/workouts/workout/30-30-efforts
193,30/30's Anaerobic #1,Anaerobic,All training plan workouts; Anaerobic,Z6 - Anaerobic,Z1 - Recovery; Z2 - Endurance; Z3 - Tempo; Z5 - VO2Max,52:00,52.0,3120,51,0.77,Si Bradeley,True,False,This session will have you touch briefly on VO2max power. VO2max training is one of the critical elements of improving fitness. It's also the key to unlocking more significant gains in FTP later in your training plan. This workout is also available as Video workout by a MyWhoosh coach Si Bradeley,"warmup 05:00 @ 45% FTP - 75% FTP | 01:00 @ 65% | ramp 03:00 @ 70% FTP - 90% FTP | 01:00 @ 65% | 01:00 @ 109% | 02:00 @ 50% | 4x [00:30 @ 115%, 00:30 @ 50%] | 04:00 @ 65% | 4x [00:30 @ 115%, 00:30 @ 50%] | 04:00 @ 65% | 4x [00:30 @ 115%, 00:30 @ 50%] | 04:00 @ 65% | 4x [00:30 @ 115%, 00:30 @ 50%] | 02:00 @ 50% | 04:00 @ 81% | cooldown 05:00 @ 75% FTP - 45% FTP",30-30-s-anaerobic-1,https://mywhooshinfo.com/workouts/workout/30-30-s-anaerobic-1
194,30/30's Anaerobic #2,Anaerobic,All training plan workouts; Anaerobic,Z6 - Anaerobic,Z1 - Recovery; Z2 - Endurance; Z3 - Tempo; Z4 - Threshold; Z5 - VO2Max; Z6 - Anaerobic,01:00:00,60.0,3600,64,0.8,Si Bradeley,True,False,"After completing a warmup that includes some high rpm sprints and a 5min threshold effort, the principal sets today include 12 x 30sec efforts @ 115%FTP with 30sec recovery. By completing short efforts above threshold, you can accumulate more time in this area than if completed in more prolonged efforts. The short recovery periods also increase oxygen uptake. Particularly towards the end of the set!","03:00 @ 50% | 4x [00:10 @ 200%, 00:50 @ 65%] | 01:00 @ 50% | 03:00 @ 75% | 02:00 @ 50% | ramp 05:00 @ 50% FTP - 85% FTP | 05:00 @ 92% | 03:00 @ 50% | 12x [00:30 @ 115%, 00:30 @ 50%] | 05:00 @ 50% | 12x [00:30 @ 115%, 00:30 @ 50%] | cooldown 05:00 @ 70% FTP - 45% FTP",30-30-s-anaerobic-2,https://mywhooshinfo.com/workouts/workout/30-30-s-anaerobic-2
195,30/30's Anaerobic #3,Anaerobic,Anaerobic,Z6 - Anaerobic,Z1 - Recovery; Z2 - Endurance; Z3 - Tempo; Z4 - Threshold; Z5 - VO2Max; Z6 - Anaerobic,01:08:00,68.0,4080,74,0.81,Si Bradeley,True,False,"After completing a warm-up that includes some high rpm sprints and a 5min threshold effort, the principal sets today include 12 x 30sec efforts @ 115%FTP with 30sec recovery. By completing short efforts above threshold, you can accumulate more time in this area than if completed in more prolonged efforts. The short recovery periods also increase oxygen uptake. Particularly towards the end of the set!","03:00 @ 50% | 4x [00:10 @ 170%, 00:50 @ 65%] | 01:00 @ 50% | 02:00 @ 75% | 02:00 @ 50% | ramp 03:00 @ 50% FTP - 85% FTP | 03:00 @ 92% | 03:00 @ 50% | 12x [00:30 @ 115%, 00:30 @ 50%] | 03:00 @ 50% | 12x [00:30 @ 115%, 00:30 @ 50%] | 03:00 @ 50% | 12x [00:30 @ 115%, 00:30 @ 50%] | cooldown 05:00 @ 70% FTP - 45% FTP",30-30-s-anaerobic-3,https://mywhooshinfo.com/workouts/workout/30-30-s-anaerobic-3
196,30/30's Anaerobic #4,Anaerobic,Anaerobic,Z6 - Anaerobic,Z1 - Recovery; Z2 - Endurance; Z3 - Tempo; Z4 - Threshold; Z5 - VO2Max,01:07:00,67.0,4020,72,0.81,Lisa Hermansson,True,False,"After completing a warm-up that includes a 2-minute threshold effort, today's principal sets include 20 x 30sec efforts @ 115%FTP with 30sec recovery. By completing short efforts above threshold, you can accumulate more time in this area than if completed in more prolonged efforts. The short recovery periods also increase oxygen uptake. Particularly towards the end of the set!","03:00 @ 50% | 01:00 @ 50% | 02:00 @ 75% | 02:00 @ 50% | ramp 03:00 @ 50% FTP - 85% FTP | 02:00 @ 92% | 03:00 @ 50% | 20x [00:30 @ 115%, 00:30 @ 50%] | 03:00 @ 50% | 20x [00:30 @ 115%, 00:30 @ 50%] | 03:00 @ 50% | cooldown 05:00 @ 70% FTP - 45% FTP",30-30-s-anaerobic-4,https://mywhooshinfo.com/workouts/workout/30-30-s-anaerobic-4
736,30min Social Ride,UAE Team Emirates,UAE Team Emirates,Free Ride,Free Ride,30:00,30.0,1800,0,0,,False,False,Free Ride,30:00 @ Free ride,30min-social-ride,https://mywhooshinfo.com/workouts/workout/30min-social-ride
395,30min Sub-Threshold,Sweetspot,All training plan workouts; Sweetspot,Z3 - Tempo,Z1 - Recovery; Z2 - Endurance; Z3 - Tempo; Z4 - Threshold,58:00,58.0,3480,64,0.81,,False,False,"Sub-threshold intervals are an integral part of building aerobic endurance. By training at an intensity slightly lower than threshold, you can complete large volumes of work with minimal anaerobic impact. Completing sub-threshold intervals results in high oxygen consumption, boosting your aerobic system. This is an essential aspect of your preparation.","warmup 05:00 @ 45% FTP - 65% FTP | 5x [00:30 @ 65%, 00:30 @ 89%] | 02:00 @ 55% | 03:00 @ 81% | 02:00 @ 55% | ramp 10:00 @ 84% FTP - 96% FTP | 03:00 @ 65% | ramp 10:00 @ 84% FTP - 96% FTP | 03:00 @ 65% | ramp 10:00 @ 84% FTP - 96% FTP | 05:00 @ 55%",30min-sub-threshold,https://mywhooshinfo.com/workouts/workout/30min-sub-threshold
4,30sec + Endurance #1,Beginner,All training plan workouts; Beginner; Endurance,Z6 - Anaerobic,Free Ride; Z1 - Recovery; Z2 - Endurance; Z6 - Anaerobic,01:25:00,85.0,5100,71,0.71,,False,False,"Today, we will burn up the intramuscular glycogen early in the session and then continue with an endurance ride. By depleting this energy source prematurely, the body is forced to adapt by becoming more efficient at utilising fats to produce the power. We quickly get into the action today! The remaining endurance ride is completed as a free ride. The 30-second efforts also act as part of your warm-up in this workout. Aim to keep your effort within zone 2 and 3 for most of your ride.",warmup 05:30 @ 45% FTP - 70% FTP | 01:00 @ 50% | 00:30 @ 125% | 04:00 @ 50% | 00:30 @ 130% | 04:00 @ 50% | 00:30 @ 135% | 04:00 @ 50% | 00:30 @ 140% | 04:00 @ 50% | 00:30 @ 145% | 01:00:00 @ Free ride,30sec-endurance-1,https://mywhooshinfo.com/workouts/workout/30sec-endurance-1
262,30sec + Endurance #2,Endurance,All training plan workouts; Endurance,Z2 - Endurance,Free Ride; Z1 - Recovery; Z2 - Endurance; Z6 - Anaerobic,01:29:30,89.5,5370,77,0.72,,False,False,"Today, we will burn up the intramuscular glycogen early in the session and then continue with an endurance ride. By depleting this energy source prematurely, the body is forced to adapt by becoming more efficient at utilising fats to produce the power. We quickly get into the action today! The remaining endurance ride is completed as a free ride. The 30-second efforts also act as part of your warm-up in this workout. Aim to keep your effort within zone 2 and 3 for most of your ride.",warmup 05:30 @ 45% FTP - 70% FTP | 01:00 @ 50% | 00:30 @ 125% | 04:00 @ 50% | 00:30 @ 130% | 04:00 @ 50% | 00:30 @ 135% | 04:00 @ 50% | 00:30 @ 140% | 04:00 @ 50% | 00:30 @ 145% | 04:00 @ 50% | 00:30 @ 145% | 01:00:00 @ Free ride,30sec-endurance-2,https://mywhooshinfo.com/workouts/workout/30sec-endurance-2
59,3min Max Aerobic Power,Under 35 min,Under 35 min,Z5 - VO2Max,Z1 - Recovery; Z5 - VO2Max; Z6 - Anaerobic,34:00,34.0,2040,43,0.87,Si Bradeley,False,False,A well developed VO2max system will allow you to recover from high-intensity efforts faster and increase endurance. Be prepared; VO2max training requires motivation and focus from you.,"03:00 @ 50% | 2x [00:10 @ 200%, 00:50 @ 50%] | 02:00 @ 50% | 01:00 @ 109% | 02:00 @ 50% | 4x [03:00 @ 109%, 03:00 @ 50%]",3min-max-aerobic-power,https://mywhooshinfo.com/workouts/workout/3min-max-aerobic-power
658,3min Max Aerobic Power,VO2max,VO2max,Z5 - VO2Max,Free Ride; Z1 - Recovery; Z4 - Threshold; Z5 - VO2Max; Z6 - Anaerobic,01:33:00,93.0,5580,107,0.83,,True,False,"After a good warm-up, prepare yourself for 6 x 3min max Aerobic intervals with 5min recovery. A well developed VO2max system will allow you to recover from high-intensity efforts faster and increase endurance. If time allows, build endurance by completing 25min of 'free ride' after the max Aerobic efforts. Be prepared; VO2max training requires motivation and focus from you.","05:00 @ 50% | 2x [00:10 @ 200%, 00:50 @ 50%] | 02:00 @ 50% | 01:00 @ 109% | 02:00 @ 50% | 05:00 @ 90% | 03:00 @ 50% | 6x [03:00 @ 109%, 05:00 @ 50%] | 25:00 @ Free ride",3min-max-aerobic-power-2pj6,https://mywhooshinfo.com/workouts/workout/3min-max-aerobic-power-2pj6
659,40/20 Efforts,VO2max,All training plan workouts; VO2max,Z5 - VO2Max,Z1 - Recovery; Z2 - Endurance; Z3 - Tempo; Z4 - Threshold; Z6 - Anaerobic,51:00,51.0,3060,66,0.88,,True,False,"40/20 efforts are completed at just below your Maximal Aerobic Power (MAP). By splitting up into 40 seconds, with 20 seconds of recovery, you can accumulate more time at this intensity than you would if doing it as a continuous effort.","warmup 05:00 @ 50% FTP - 85% FTP | 05:00 @ 92% | 03:00 @ 50% | 6x [00:40 @ 130%, 00:20 @ 45%] | 07:00 @ 55% | 6x [00:40 @ 130%, 00:20 @ 45%] | 07:00 @ 55% | 6x [00:40 @ 130%, 00:20 @ 45%] | cooldown 06:00 @ 50% FTP - 30% FTP",40-20-efforts,https://mywhooshinfo.com/workouts/workout/40-20-efforts
10394,40/20's #1,All training plan workouts,All training plan workouts,Z5 - VO2Max,Z1 - Recovery; Z2 - Endurance; Z3 - Tempo; Z5 - VO2Max; Z6 - Anaerobic,47:00,47.0,2820,46,0.77,Katie Zaferes,False,False,"The 40/20 sessions consist of 40sec above your threshold pace, followed by 20sec of rest. By continually lifting power above what is comfortable, you will improve your VO2max fitness, along with your ability to recover from hard efforts. Monitor your heart rate before and after each interval. Has heart rate increased significantly over the course of the efforts?","03:00 @ 50% | 4x [00:10 @ 175%, 00:50 @ 50%] | 03:00 @ 70% | 02:00 @ 50% | 05:00 @ 90% | 03:00 @ 50% | 4x [00:40 @ 109%, 00:20 @ 55%] | 05:00 @ 50% | 4x [00:40 @ 109%, 00:20 @ 55%] | 05:00 @ 50% | 4x [00:40 @ 109%, 00:20 @ 55%] | 05:00 @ 50%",40-20-s-1-4j8x,https://mywhooshinfo.com/workouts/workout/40-20-s-1-4j8x
660,40/20's #1,VO2max,All training plan workouts; VO2max,Z5 - VO2Max,Z1 - Recovery; Z2 - Endurance; Z3 - Tempo; Z4 - Threshold; Z5 - VO2Max; Z6 - Anaerobic,52:00,52.0,3120,55,0.8,Si Bradeley,False,False,"The 40/20 sessions consist of 40sec above your threshold pace, followed by 20sec of rest. By continually lifting power above what is comfortable, you will improve your ability to recover from strenuous efforts and enhance your VO2max capacity. Monitor your heart rate before and after each interval. Has heart rate increased significantly throughout the efforts?","03:00 @ 50% | 4x [00:10 @ 200%, 00:50 @ 50%] | 03:00 @ 75% | 02:00 @ 65% | 05:00 @ 90% | 03:00 @ 50% | 5x [00:40 @ 109%, 00:20 @ 65%] | 05:00 @ 50% | 5x [00:40 @ 109%, 00:20 @ 66%] | 05:00 @ 50% | 5x [00:40 @ 109%, 00:20 @ 65%] | 02:00 @ 50% | cooldown 05:00 @ 65% FTP - 50% FTP",40-20-s-1,https://mywhooshinfo.com/workouts/workout/40-20-s-1
10406,40/20's #2,All training plan workouts,All training plan workouts,Z5 - VO2Max,Z1 - Recovery; Z2 - Endurance; Z3 - Tempo; Z5 - VO2Max; Z6 - Anaerobic,54:00,54.0,3240,63,0.84,Si Bradeley,False,False,"Building upon your previous 40/20 session, this time we are increasing the number intervals before finishing with a 3min VO2max effort. We are challenging your ability to recover from hard work and measuring the final effort produced. Like last time, observe your heart rate before and after each of the 40/20 intervals.","03:00 @ 50% | 4x [00:10 @ 175%, 00:50 @ 50%] | 03:00 @ 70% | 02:00 @ 50% | 05:00 @ 90% | 03:00 @ 50% | 8x [00:40 @ 109%, 00:20 @ 55%] | 05:00 @ 50% | 8x [00:40 @ 109%, 00:20 @ 55%] | 05:00 @ 50% | 03:00 @ 125% | 05:00 @ 50%",40-20-s-2-pbno,https://mywhooshinfo.com/workouts/workout/40-20-s-2-pbno
661,40/20's #2,VO2max,All training plan workouts; VO2max,Z5 - VO2Max,Z1 - Recovery; Z2 - Endurance; Z3 - Tempo; Z4 - Threshold; Z5 - VO2Max; Z6 - Anaerobic,58:00,58.0,3480,71,0.86,,False,False,"Building upon your previous 40/20 session, this time, we are increasing the number of intervals before finishing with a 3min VO2max effort. We challenge your ability to recover from hard work and measure the final effort produced.","03:00 @ 50% | 4x [00:10 @ 180%, 00:50 @ 50%] | 03:00 @ 75% | 02:00 @ 65% | 05:00 @ 90% | 03:00 @ 50% | 10x [00:40 @ 109%, 00:20 @ 65%] | 05:00 @ 50% | 10x [00:40 @ 109%, 00:20 @ 65%] | 05:00 @ 50% | 03:00 @ 125% | 05:00 @ 50%",40-20-s-2,https://mywhooshinfo.com/workouts/workout/40-20-s-2
61,40/20's into FTP #1,Under 35 min,Under 35 min,Z4 - Threshold,Z1 - Recovery; Z2 - Endurance; Z4 - Threshold; Z6 - Anaerobic,25:00,25.0,1500,31,0.87,,False,False,"40/20s are an effective workout on its own. Complement these by finishing with a 10-minute Threshold effort, and you are in for an extensive session!","warmup 03:00 @ 40% FTP - 60% FTP | 2x [00:30 @ 95%, 01:00 @ 60%] | 01:00 @ 50% | 4x [00:40 @ 121%, 00:20 @ 50%] | 10:00 @ 95% | 04:00 @ 55%",40-20-s-into-ftp-1,https://mywhooshinfo.com/workouts/workout/40-20-s-into-ftp-1
568,40/20's into FTP #1,Threshold,All training plan workouts; Threshold,Z4 - Threshold,Z1 - Recovery; Z2 - Endurance; Z4 - Threshold; Z6 - Anaerobic,53:00,53.0,3180,64,0.85,Lisa Hermansson,False,False,"40/20s are an effective workout on its own. Complement these by finishing with a 10-minute Threshold effort, and you are in for a big session! The opening 40/20s target your VO2max system, but the accumulated lactate will influence the fuel source for the culminating Threshold effort.","warmup 03:00 @ 40% FTP - 60% FTP | 3x [00:30 @ 95%, 01:00 @ 60%] | 02:30 @ 50% | 4x [00:40 @ 121%, 00:20 @ 50%] | 10:00 @ 95% | 10:00 @ 55% | 4x [00:40 @ 121%, 00:20 @ 50%] | 10:00 @ 95% | 05:00 @ 50%",40-20-s-into-ftp-1-9ici,https://mywhooshinfo.com/workouts/workout/40-20-s-into-ftp-1-9ici
569,40/20's into Threshold,Threshold,All training plan workouts; Threshold,Z4 - Threshold,Z1 - Recovery; Z2 - Endurance; Z3 - Tempo; Z4 - Threshold; Z6 - Anaerobic,57:20,57.3,3440,67,0.84,,True,False,"By building up some lactate before completing a sub-threshold effort, you will be training your body to clear lactate while improving the efficiency of your aerobic system. After warming up, you will complete 4min of 40/20, leading straight into a 10min sub-threshold.","05:00 @ 50% | 5x [00:30 @ 65%, 00:30 @ 80%] | 03:00 @ 50% | 4x [00:40 @ 121%, 00:30 @ 65%] | 10:00 @ 95% | 10:00 @ 50% | 4x [00:40 @ 121%, 00:30 @ 50%] | 10:00 @ 95% | 05:00 @ 50%",40-20-s-into-threshold,https://mywhooshinfo.com/workouts/workout/40-20-s-into-threshold
60,40/20s #1,Under 35 min,Under 35 min,Z5 - VO2Max,Z1 - Recovery; Z2 - Endurance; Z3 - Tempo; Z5 - VO2Max; Z6 - Anaerobic,31:00,31.0,1860,34,0.82,Vincent Luis,False,False,"By continually lifting power above what is comfortable, you will improve your ability to recover from strenuous efforts and enhance your VO2max capacity. This workout is also available as Video workout by a MyWhoosh coach Katie Zaferes","03:00 @ 50% | 2x [00:10 @ 200%, 00:50 @ 50%] | 05:00 @ 90% | 02:00 @ 50% | 5x [00:40 @ 109%, 00:20 @ 65%] | 05:00 @ 50% | 5x [00:40 @ 109%, 00:20 @ 66%] | 04:00 @ 50%",40-20s-1,https://mywhooshinfo.com/workouts/workout/40-20s-1
465,40min Tempo w/15sec surge,Tempo,Tempo,Z3 - Tempo,Z1 - Recovery; Z2 - Endurance; Z3 - Tempo; Z6 - Anaerobic,55:00,55.0,3300,71,0.88,,False,False,Steady endurance work trains your body to utilise oxygen to metabolise fat as its fuel source. Incorporating sprint efforts into a steady-state interval will recruit additional muscle fibres and extend their ability to work aerobically. This is a long day in the breakaway today!,"warmup 10:00 @ 45% FTP - 65% FTP | 8x [04:45 @ 88%, 00:15 @ 170%] | 05:00 @ 50%",40min-tempo-w-15sec-surge,https://mywhooshinfo.com/workouts/workout/40min-tempo-w-15sec-surge
10232,40min Tempo w/15sec surge wo,All training plan workouts,All training plan workouts,Z3 - Tempo,Z1 - Recovery; Z2 - Endurance; Z3 - Tempo; Z6 - Anaerobic,55:00,55.0,3300,71,0.88,Si Bradeley,False,False,"Steady endurance work trains your body to utilise oxygen to metabolise fat as its fuel source. By incorporating sprint efforts into a steady-state interval, you will recruit additional muscle fibres and extend their ability to work aerobically. This is a long day in the breakaway today!","warmup 10:00 @ 45% FTP - 65% FTP | 8x [04:45 @ 88%, 00:15 @ 170%] | 05:00 @ 50%",40min-tempo-w-15sec-surge-wo,https://mywhooshinfo.com/workouts/workout/40min-tempo-w-15sec-surge-wo
662,4min 30/30's,VO2max,All training plan workouts; VO2max,Z5 - VO2Max,Z1 - Recovery; Z2 - Endurance; Z3 - Tempo; Z4 - Threshold; Z5 - VO2Max,57:00,57.0,3420,57,0.78,Vincent Luis,False,False,"This type of training is a very effective method to improve your VO2max abilities while also focusing on high rpm pedalling. By performing short, mild intensity efforts with brief recovery, we can trigger the effects of oxygen debt without the high levels of fatigue that come with longer intervals. Riders often use this workout to bring them into top form, with its calculated balance of work and rest during the interval period.","warmup 10:00 @ 50% FTP - 75% FTP | 01:00 @ 55% | 01:00 @ 111% | 01:00 @ 55% | 03:00 @ 100% | 02:00 @ 55% | 4x [00:30 @ 115%, 00:30 @ 55%] | 04:00 @ 63% | 4x [00:30 @ 115%, 00:30 @ 55%] | 04:00 @ 63% | 4x [00:30 @ 115%, 00:30 @ 55%] | 04:00 @ 63% | 4x [00:30 @ 115%, 00:30 @ 55%] | 02:00 @ 55% | 04:00 @ 83% | cooldown 05:00 @ 55% FTP - 45% FTP",4min-30-30-s,https://mywhooshinfo.com/workouts/workout/4min-30-30-s
62,4min 3030's,Under 35 min,Under 35 min,Z2 - Endurance,Z1 - Recovery; Z2 - Endurance; Z5 - VO2Max,31:00,31.0,1860,31,0.78,Katie Zaferes,False,False,"This type of training is a very effective method to improve your VO2max abilities while also focusing on high rpm pedalling. By performing short, mild intensity efforts with brief recovery, we can trigger the effects of oxygen debt without the high levels of fatigue that come with longer intervals. This workout is also available as Video workout by a MyWhoosh coach Vincent Luis","warmup 04:00 @ 50% FTP - 75% FTP | 01:00 @ 55% | 01:00 @ 111% | 01:00 @ 55% | 4x [00:30 @ 115%, 00:30 @ 55%] | 04:00 @ 63% | 4x [00:30 @ 115%, 00:30 @ 55%] | 04:00 @ 63% | 4x [00:30 @ 115%, 00:30 @ 55%] | 04:00 @ 50%",4min-3030-s,https://mywhooshinfo.com/workouts/workout/4min-3030-s
180,4min Best effort!,Testing,All training plan workouts; Testing; VO2max,Z3 - Tempo,Free Ride; Z1 - Recovery; Z2 - Endurance; Z3 - Tempo; Z4 - Threshold; Z5 - VO2Max,56:30,56.5,3390,48,0.72,,True,False,"As the name suggests, Maximal Aerobic intervals are high-intensity efforts where the majority (not all) of the power produced comes from aerobic energy pathways. Generally, athletes who excel in this area can climb and Time Trial well. On its own, Max Aerobic interval training is an effective method to increase fitness. However, Max Aerobic power is also a good indication of an athlete's potential. In today's session, we focus on 4min Max Aerobic efforts. You will be guided through the early intervals before completing a 4min 'best effort' to complete the set.","warmup 03:00 @ 45% FTP - 60% FTP | 01:00 @ 65% | 01:00 @ 77% | 01:00 @ 91% | 01:00 @ 106% | 02:00 @ 50% | 03:00 @ 80% | 03:00 @ 50% | 2x [03:00 @ 85%, 01:30 @ 50%] | 03:30 @ 50% | ramp 05:00 @ 80% FTP - 95% FTP | 06:00 @ 50% | ramp 02:00 @ 95% FTP - 107% FTP | 06:00 @ 50% | 04:00 @ Free ride | 01:00 @ 50% | cooldown 05:00 @ 55% FTP - 45% FTP",4min-best-effort,https://mywhooshinfo.com/workouts/workout/4min-best-effort
63,4min FTP #1,Under 35 min,Under 35 min,Z4 - Threshold,Z1 - Recovery; Z3 - Tempo; Z4 - Threshold,30:00,30.0,1800,35,0.85,Lisa Hermansson,False,False,"Improving your FTP allows you to ride faster and more efficiently. By targeting shorter FTP efforts of 4min @ Threshold with 90sec recovery, athletes can focus and remain engaged in their training.","03:00 @ 50% | 2x [01:00 @ 90%, 01:00 @ 50%] | 4x [04:00 @ 96%, 01:30 @ 56%] | 01:00 @ 50%",4min-ftp-1,https://mywhooshinfo.com/workouts/workout/4min-ftp-1
10184,4min FTP #1,Threshold,All training plan workouts; Threshold,Z4 - Threshold,Free Ride; Z1 - Recovery; Z3 - Tempo; Z4 - Threshold,01:17:00,77.0,4620,90,0.84,,True,False,"Improving your FTP allows you to ride faster and more efficiently. However, not all FTP work needs to focus on long intervals of over 20 minutes. By targeting shorter FTP efforts of 6 x 4min @ Threshold with 90sec recovery, athletes can focus and remain engaged in their training. The shorter intervals also allow you to analyse any changes to your heart rate, cadence and power from each effort. The brief recovery period is enough to allow you to accumulate a good volume of quality work at threshold power. Yet, the fatigue will gradually build throughout the set intervals. To build endurance, complete 30 minutes of zone 2 after your threshold work.","03:00 @ 50% | 2x [01:00 @ 75%, 01:00 @ 50%] | 2x [01:00 @ 90%, 01:00 @ 50%] | 03:00 @ 50% | 6x [04:00 @ 96%, 01:30 @ 56%] | 30:00 @ Free ride",4min-ftp-1-p354,https://mywhooshinfo.com/workouts/workout/4min-ftp-1-p354
10759,4min FTP #1,All training plan workouts,All training plan workouts,Z4 - Threshold,Free Ride; Z1 - Recovery; Z3 - Tempo; Z4 - Threshold,01:22:00,82.0,4920,96,0.84,,True,False,"Improving your FTP allows you to ride faster and more efficiently. However, not all FTP work needs to focus on long intervals of over 20 minutes. By targeting shorter FTP efforts of 6 x 4min @ Threshold with 90sec recovery, athletes can focus and remain engaged in their training. The shorter intervals also allow you to analyse any changes to your heart rate, cadence and power from each effort. The brief recovery period is enough to allow you to accumulate a good volume of quality work at threshold power. Yet, the fatigue will gradually build throughout the set intervals. To build endurance, complete 30 minutes of zone 2 after your threshold work.","03:00 @ 50% | 2x [01:00 @ 75%, 01:00 @ 50%] | 2x [01:00 @ 90%, 01:00 @ 50%] | 03:00 @ 50% | 6x [04:00 @ 98%, 01:30 @ 56%] | 30:00 @ Free ride | 05:00 @ 50%",4min-ftp-1-n5y9,https://mywhooshinfo.com/workouts/workout/4min-ftp-1-n5y9
571,4min FTP #2,Threshold,All training plan workouts; Threshold,Z4 - Threshold,Free Ride; Z1 - Recovery; Z3 - Tempo; Z4 - Threshold,01:22:30,82.5,4950,98,0.85,,True,False,"Improving your FTP allows you to ride faster and more efficiently. However, not all FTP work needs to focus on long intervals of over 20 minutes. By targeting shorter FTP efforts of 7 x 4min @ Threshold with 90sec recovery, athletes can focus and remain engaged in their training. The shorter intervals also allow you to analyse changes to your heart rate, cadence and power from each effort. The brief recovery period is enough to allow you to accumulate a good volume of quality work at threshold power. Yet, the fatigue will gradually build throughout the set intervals. Complete 25 minutes of zone 2 after your threshold work to build endurance.","03:00 @ 50% | 2x [01:00 @ 75%, 01:00 @ 50%] | 2x [01:00 @ 90%, 01:00 @ 50%] | 03:00 @ 50% | 7x [04:00 @ 98%, 01:30 @ 56%] | 25:00 @ Free ride | 05:00 @ 50%",4min-ftp-2,https://mywhooshinfo.com/workouts/workout/4min-ftp-2
572,4min FTP #3,Threshold,All training plan workouts; Threshold,Z4 - Threshold,Free Ride; Z1 - Recovery; Z3 - Tempo; Z4 - Threshold,01:23:30,83.5,5010,102,0.86,,True,False,"Improving your FTP allows you to ride faster and more efficiently. However, not all FTP work needs to focus on long intervals of over 20 minutes. By targeting shorter FTP efforts of 9 x 4min @ Threshold with 90sec recovery, athletes can focus and remain engaged in their training. The shorter intervals also allow you to analyse changes to your heart rate, cadence and power from each effort. The brief recovery period is enough to allow you to accumulate a good volume of quality work at threshold power. Yet, the fatigue will gradually build throughout the set intervals. Complete 15 minutes of zone 2 after your threshold work to build endurance.","03:00 @ 50% | 2x [01:00 @ 75%, 01:00 @ 50%] | 2x [01:00 @ 90%, 01:00 @ 50%] | 03:00 @ 50% | 9x [04:00 @ 98%, 01:30 @ 56%] | 15:00 @ Free ride | 05:00 @ 50%",4min-ftp-3,https://mywhooshinfo.com/workouts/workout/4min-ftp-3
573,4min FTP #4,Threshold,All training plan workouts; Threshold,Z4 - Threshold,Free Ride; Z1 - Recovery; Z3 - Tempo; Z4 - Threshold,01:29:00,89.0,5340,110,0.86,,True,False,"Improving your FTP allows you to ride faster and more efficiently. However, not all FTP work needs to focus on long intervals of over 20 minutes. By targeting shorter FTP efforts of 10 x 4min @ Threshold with 90sec recovery, athletes can focus and remain engaged in their training. The shorter intervals also allow you to analyse changes to your heart rate, cadence and power from each effort. The brief recovery period is enough to allow you to accumulate a good volume of quality work at threshold power. Yet, the fatigue will gradually build throughout the set intervals. Complete 15 minutes of zone 2 after your threshold work to build endurance.","03:00 @ 50% | 2x [01:00 @ 75%, 01:00 @ 50%] | 2x [01:00 @ 90%, 01:00 @ 50%] | 03:00 @ 50% | 10x [04:00 @ 98%, 01:30 @ 56%] | 15:00 @ Free ride | 05:00 @ 50%",4min-ftp-4,https://mywhooshinfo.com/workouts/workout/4min-ftp-4
574,5 minute strength #1,Threshold,Threshold,Z4 - Threshold,Z1 - Recovery; Z2 - Endurance; Z3 - Tempo; Z4 - Threshold,01:05:00,65.0,3900,56,0.72,,True,True,"It's time to increase the intensity while also working on strength! After a good warm-up and 5-minutes of activation, the target power progressively increases. Throughout each effort, there is a progression of cadence and intensity. We begin with 80% of FTP power and finish the 5-minute effort at FTP power, while cadence will increase from 50 rpm to 100rpm. After three repetitions, it is time to do another activation at high cadence before a good cool down. Remember to drink; as the intensity goes up, you'll be sweating a lot!",warmup 10:00 @ 35% FTP - 55% FTP @ 90RPM | 05:00 @ 75% | 05:00 @ 55% | 01:00 @ 83% @ 55RPM | 01:00 @ 88% @ 65RPM | 01:00 @ 93% @ 75RPM | 01:00 @ 98% @ 85RPM | 01:00 @ 103% @ 95RPM | 05:00 @ 55% | 01:00 @ 83% @ 55RPM | 01:00 @ 88% @ 65RPM | 01:00 @ 93% @ 75RPM | 01:00 @ 98% @ 85RPM | 01:00 @ 103% @ 95RPM | 05:00 @ 55% | 01:00 @ 83% @ 55RPM | 01:00 @ 88% @ 65RPM | 01:00 @ 93% @ 75RPM | 01:00 @ 98% @ 85RPM | 01:00 @ 103% @ 95RPM | 05:00 @ 55% | 05:00 @ 75% @ 95RPM | cooldown 10:00 @ 55% FTP - 45% FTP,5-minute-strength-1,https://mywhooshinfo.com/workouts/workout/5-minute-strength-1
575,5 minute strength #2,Threshold,Threshold,Z4 - Threshold,Z1 - Recovery; Z2 - Endurance; Z3 - Tempo; Z4 - Threshold,01:15:00,75.0,4500,67,0.73,,True,True,"Today's session builds on the previous work you completed in the 1st strength workout. We increase the number of sets to 4 x 5min with both the power and cadence increasing. After a good warm-up and 5-minutes of activation, the target power progressively increases. Throughout each effort, there is a progression of cadence and intensity. We begin with 80% of FTP power and finish the 5-minute effort at FTP power, while cadence will increase from 50 rpm to 100rpm.",warmup 10:00 @ 35% FTP - 55% FTP @ 90RPM | 05:00 @ 75% | 05:00 @ 55% | 01:00 @ 83% @ 55RPM | 01:00 @ 88% @ 65RPM | 01:00 @ 93% @ 75RPM | 01:00 @ 98% @ 85RPM | 01:00 @ 103% @ 95RPM | 05:00 @ 55% | 01:00 @ 83% @ 55RPM | 01:00 @ 88% @ 65RPM | 01:00 @ 93% @ 75RPM | 01:00 @ 98% @ 85RPM | 01:00 @ 103% @ 95RPM | 05:00 @ 55% | 01:00 @ 83% @ 55RPM | 01:00 @ 88% @ 65RPM | 01:00 @ 93% @ 75RPM | 01:00 @ 98% @ 85RPM | 01:00 @ 103% @ 95RPM | 05:00 @ 55% | 01:00 @ 83% @ 55RPM | 01:00 @ 88% @ 65RPM | 01:00 @ 93% @ 75RPM | 01:00 @ 98% @ 85RPM | 01:00 @ 103% @ 95RPM | 05:00 @ 55% | 05:00 @ 75% @ 95RPM | cooldown 10:00 @ 55% FTP - 45% FTP,5-minute-strength-2,https://mywhooshinfo.com/workouts/workout/5-minute-strength-2
197,50sec Extensive Anaerobic #1,Anaerobic,All training plan workouts; Anaerobic,Z6 - Anaerobic,Z1 - Recovery; Z2 - Endurance; Z6 - Anaerobic,01:01:00,61.0,3660,53,0.73,,False,False,"The aim today is to produce repeatable, high power intervals. Extensive Anaerobic efforts will improve your ability to recover from high-intensity efforts and repeat them repeatedly. Recovery is crucial with 6 x 50-second quality efforts ahead of you!","warmup 05:00 @ 45% FTP - 75% FTP | 05:00 @ 55% | 6x [00:50 @ 130%, 06:00 @ 55%] | cooldown 10:00 @ 65% FTP - 45% FTP",50sec-extensive-anaerobic-1,https://mywhooshinfo.com/workouts/workout/50sec-extensive-anaerobic-1
664,5min 30/30's,VO2max,All training plan workouts; VO2max,Z5 - VO2Max,Z1 - Recovery; Z2 - Endurance; Z3 - Tempo; Z4 - Threshold,01:00:00,60.0,3600,50,0.71,,True,False,"This type of training is a very effective method to improve your VO2max abilities while also focusing on high rpm pedalling. By performing short, mild intensity efforts with brief recovery, we can trigger the effects of oxygen debt without the high levels of fatigue that come with longer intervals. Riders often use this workout to bring them into top form, with its calculated balance of work and rest during the interval period.","warmup 10:00 @ 45% FTP - 65% FTP | 02:30 @ 60% | 02:30 @ 70% | 02:30 @ 80% | 02:30 @ 90% | 05:00 @ 55% | 5x [00:30 @ 104%, 00:30 @ 65%] | 05:00 @ 55% | 5x [00:30 @ 105%, 00:30 @ 65%] | 05:00 @ 55% | 5x [00:30 @ 105%, 00:30 @ 65%] | 05:00 @ 55% | cooldown 05:00 @ 55% FTP - 35% FTP",5min-30-30-s,https://mywhooshinfo.com/workouts/workout/5min-30-30-s
64,5min Max Aerobic,Under 35 min,Under 35 min,Z5 - VO2Max,Z1 - Recovery; Z2 - Endurance; Z3 - Tempo; Z5 - VO2Max,34:00,34.0,2040,46,0.91,Si Bradeley,False,False,"By working just above Threshold in Zone 4 and into Zone 5, we can improve our VO2max abilities and increase our Threshold. These are high-intensity efforts, so the intervals are broken down into shorter work periods.","02:00 @ 50% | 01:00 @ 57% | 01:00 @ 63% | 01:00 @ 70% | 01:00 @ 80% | 01:00 @ 55% | 3x [05:00 @ 109%, 04:00 @ 55%]",5min-max-aerobic,https://mywhooshinfo.com/workouts/workout/5min-max-aerobic
10221,5min Max Aerobic,VO2max,All training plan workouts; VO2max,Z5 - VO2Max,Z1 - Recovery; Z2 - Endurance; Z3 - Tempo; Z5 - VO2Max,01:02:00,62.0,3720,74,0.85,,False,False,"By working just above Threshold in Zone 4 and into Zone 5, we can improve our VO2max abilities and also increase our Threshold. These are high-intensity efforts, so the intervals are broken down into shorter periods of work. A well developed VO2max system will allow you to recover from high-intensity efforts faster along with increased endurance.","05:00 @ 50% | 01:00 @ 57% | 01:00 @ 63% | 01:00 @ 70% | 01:00 @ 80% | 03:00 @ 55% | 4x [05:00 @ 109%, 05:00 @ 55%] | cooldown 10:00 @ 71% FTP - 45% FTP",5min-max-aerobic-aisr,https://mywhooshinfo.com/workouts/workout/5min-max-aerobic-aisr
10409,5min Max Aerobic,All training plan workouts,All training plan workouts,Z5 - VO2Max,Z1 - Recovery; Z2 - Endurance; Z5 - VO2Max,01:17:00,77.0,4620,99,0.88,,False,False,"VO2max training is one of the best ways to improve your climbing speed. These are high-intensity intervals above threshold. The result is an increased ability of the body to utilise the oxygen it takes on board. With 2 sets of 3 x 5min @ Zone 5 power with 5min recovery ahead of you. This is a hard session, but the rewards are big!","05:00 @ 50% | ramp 04:00 @ 50% FTP - 75% FTP | 03:00 @ 55% | 3x [05:00 @ 109%, 05:00 @ 55%] | 05:00 @ 55% | 3x [05:00 @ 109%, 05:00 @ 55%]",5min-max-aerobic-j5ph,https://mywhooshinfo.com/workouts/workout/5min-max-aerobic-j5ph
396,5min Neuromuscular,Sweetspot,All training plan workouts; Sweetspot,Z3 - Tempo,Free Ride; Z1 - Recovery; Z3 - Tempo; Z4 - Threshold; Z5 - VO2Max; Z6 - Anaerobic,01:10:00,70.0,4200,70,0.78,,True,False,You are targeting your aerobic efficiency with 4 x 5min sub-threshold efforts with 3min recovery. We also introduce added stress by challenging your neuromuscular system by increasing the target cadence. We are working on endurance with some 'free riding' at the end.,"05:00 @ 50% | 2x [00:10 @ 180%, 00:50 @ 50%] | 02:00 @ 50% | 01:00 @ 109% | 02:00 @ 50% | 03:00 @ 84% | 03:00 @ 50% | 4x [05:00 @ 90%, 03:00 @ 50%] | 20:00 @ Free ride",5min-neuromuscular,https://mywhooshinfo.com/workouts/workout/5min-neuromuscular
666,6min 30/30's,VO2max,All training plan workouts; VO2max,Z5 - VO2Max,Z1 - Recovery; Z2 - Endurance; Z3 - Tempo; Z4 - Threshold,01:03:00,63.0,3780,54,0.72,Si Bradeley,True,False,"This type of training is a very effective method to improve your VO2max abilities while also focusing on high rpm pedalling. By performing short, mild intensity efforts with brief recovery, we can trigger the effects of oxygen debt without the high levels of fatigue that come with longer intervals. Riders often use this workout to bring them into top form, with its calculated balance of work and rest during the interval period.","warmup 10:00 @ 45% FTP - 65% FTP | 02:30 @ 60% | 02:30 @ 70% | 02:30 @ 80% | 02:30 @ 90% | 05:00 @ 55% | 6x [00:30 @ 104%, 00:30 @ 65%] | 05:00 @ 55% | 6x [00:30 @ 105%, 00:30 @ 65%] | 05:00 @ 55% | 6x [00:30 @ 105%, 00:30 @ 65%] | 05:00 @ 55% | cooldown 05:00 @ 55% FTP - 35% FTP",6min-30-30-s,https://mywhooshinfo.com/workouts/workout/6min-30-30-s
181,6min Best effort!,Testing,All training plan workouts; Testing; VO2max,Z2 - Endurance,Free Ride; Z1 - Recovery; Z2 - Endurance; Z3 - Tempo; Z4 - Threshold; Z5 - VO2Max; Z6 - Anaerobic,01:00:00,60.0,3600,62,0.79,,True,True,"After completing the opening Max Aerobic efforts, you will be performing a 6min 'Best effort'. With no set power for this interval, this is your chance to produce a Personal Best 6min power effort. Remember to implement effective pacing to get the best out of yourself.","warmup 06:00 @ 42% FTP - 70% FTP | 01:00 @ 50% | 01:00 @ 109% @ 95RPM | 02:00 @ 50% | 05:00 @ 81% | 05:00 @ 50% | 04:00 @ 90% @ 95RPM | 03:00 @ 50% | 3x [02:00 @ 121%, 02:00 @ 60%] | 10:00 @ 50% | 06:00 @ Free ride | 05:00 @ 50%",6min-best-effort,https://mywhooshinfo.com/workouts/workout/6min-best-effort
668,7min 30/30's,VO2max,All training plan workouts; VO2max,Z5 - VO2Max,Z1 - Recovery; Z2 - Endurance; Z3 - Tempo; Z5 - VO2Max,01:04:00,64.0,3840,59,0.74,,True,False,"We continue progressing into higher intensity in the form of intermittent training by increasing the amount of 30-second reps up to 7 in each set. We also raise the power at which we perform each 30-second micro interval, tapping into the reserve of anaerobic fuel and energy. This stimulates our body to increase the oxygen-carrying capacity, improving the efficiency of energy substrate use and enhancing acid buffering systems. The goal is to increase VO2max and, consequently, our FTP.","warmup 10:00 @ 45% FTP - 65% FTP | 02:00 @ 60% | 02:00 @ 70% | 02:00 @ 80% | 02:00 @ 90% | 05:00 @ 55% | 7x [00:30 @ 115%, 00:30 @ 55%] | 05:00 @ 55% | 7x [00:30 @ 115%, 00:30 @ 55%] | 05:00 @ 55% | 7x [00:30 @ 115%, 00:30 @ 55%] | 05:00 @ 55% | cooldown 05:00 @ 55% FTP - 35% FTP",7min-30-30-s,https://mywhooshinfo.com/workouts/workout/7min-30-30-s
669,8min 30/30's,VO2max,All training plan workouts; VO2max,Z5 - VO2Max,Z1 - Recovery; Z2 - Endurance; Z3 - Tempo; Z6 - Anaerobic,01:07:00,67.0,4020,66,0.77,Lisa Hermansson,True,False,"Another session of intermittent training, performing 30/30s for an accumulated time of 12 min above threshold. After warming up, we complete three sets of 8-minute blocks of 30 seconds above FTP, followed by 30 seconds of recovery. The rest period mustn't be too easy to train the muscle fibres to use the lactate produced as a fuel.","warmup 10:00 @ 45% FTP - 65% FTP | 02:00 @ 60% | 02:00 @ 70% | 02:00 @ 80% | 02:00 @ 90% | 05:00 @ 55% | 8x [00:30 @ 120%, 00:30 @ 55%] | 05:00 @ 55% | 8x [00:30 @ 120%, 00:30 @ 55%] | 05:00 @ 55% | 8x [00:30 @ 120%, 00:30 @ 55%] | 05:00 @ 55% | cooldown 05:00 @ 55% FTP - 35% FTP",8min-30-30-s,https://mywhooshinfo.com/workouts/workout/8min-30-30-s
65,8min Rolling TT,Under 35 min,Under 35 min,Z4 - Threshold,Z1 - Recovery; Z2 - Endurance; Z3 - Tempo; Z4 - Threshold; Z5 - VO2Max,33:30,33.5,2010,40,0.85,,False,False,"Today's session consists of 2 x 8 minute rolling TT intervals. Rolling intervals are performed within Zone 4. However, each 8-minute interval is preceded by a 30 second Zone 5 effort. However, today aims to disrupt your rhythm by moving the target power up and down every minute.","warmup 04:00 @ 45% FTP - 75% FTP | 00:30 @ 65% | 2x [00:30 @ 89%, 00:30 @ 65%] | 04:00 @ 81% | 02:00 @ 50% | 00:30 @ 110% | 01:00 @ 92% | 3x [01:00 @ 97%, 01:00 @ 92%] | 01:00 @ 97% | 02:00 @ 50% | 00:30 @ 110% | 01:00 @ 92% | 3x [01:00 @ 97%, 01:00 @ 92%] | 01:00 @ 97% | 02:00 @ 50%",8min-rolling-tt,https://mywhooshinfo.com/workouts/workout/8min-rolling-tt
10372,8min Rolling TT,Threshold,All training plan workouts; Threshold,Z4 - Threshold,Z1 - Recovery; Z2 - Endurance; Z3 - Tempo; Z4 - Threshold; Z5 - VO2Max,52:30,52.5,3150,61,0.84,,True,False,"Today's session consists of 3 x 8 minute rolling TT intervals. However, each 8-minute interval is preceded by a 30 second Zone 5 effort. Rolling intervals are performed within Zone 4. However, the aim today is to disrupt your rhythm by moving the target power up and down every minute.","warmup 05:00 @ 45% FTP - 75% FTP | 5x [00:30 @ 65%, 00:30 @ 89%] | 02:00 @ 50% | 04:00 @ 81% | 02:00 @ 50% | 00:30 @ 110% | 4x [01:00 @ 92%, 01:00 @ 97%] | 02:00 @ 50% | 00:30 @ 110% | 4x [01:00 @ 92%, 01:00 @ 97%] | 02:00 @ 50% | 00:30 @ 110% | 4x [01:00 @ 92%, 01:00 @ 97%] | 05:00 @ 50%",8min-rolling-tt-hkpp,https://mywhooshinfo.com/workouts/workout/8min-rolling-tt-hkpp
5,90 Minute Endurance,Beginner,All training plan workouts; Beginner; Endurance,Z2 - Endurance,Z1 - Recovery; Z2 - Endurance,01:30:00,90.0,5400,70,0.69,,False,False,"Zone 2 endurance training is one of the most important aspects of any training plan. In this training Zone, we predominately stimulate Type 1 muscle fibres, leading to increased mitochondrial growth and function. You improve your ability to utilise fat as the preferred fuel source and preserve your precious glycogen stores. Long periods within Zone 2 will benefit any athlete. Feel free to substitute this structured endurance ride with a low-intensity free ride. Or jump into a low-intensity group ride if available. Choose a course or group ride that will allow you to spend most of your ride with Zone 2.",warmup 03:00 @ 39% FTP - 59% FTP | 03:00 @ 55% | 00:30 @ 65% | 00:30 @ 75% | 00:30 @ 65% | 00:30 @ 75% | 04:00 @ 60% | 02:00 @ 65% | 02:00 @ 75% | 02:00 @ 65% | 02:00 @ 75% | 02:00 @ 65% | 02:00 @ 75% | 04:00 @ 60% | 02:00 @ 65% | 02:00 @ 75% | 02:00 @ 65% | 02:00 @ 75% | 02:00 @ 65% | 02:00 @ 75% | 01:00 @ 60% | 03:00 @ 65% | 04:00 @ 75% | 02:00 @ 65% | 02:00 @ 75% | 02:00 @ 65% | 02:00 @ 75% | 01:00 @ 60% | 03:00 @ 65% | 04:00 @ 75% | 02:00 @ 65% | 02:00 @ 75% | 02:00 @ 65% | 02:00 @ 75% | 01:00 @ 60% | 02:00 @ 65% | 04:00 @ 75% | 02:00 @ 65% | 03:00 @ 75% | 02:00 @ 65% | 02:00 @ 75% | 01:00 @ 60% | 01:00 @ 40%,90-minute-endurance,https://mywhooshinfo.com/workouts/workout/90-minute-endurance
128,A forest,Fast Fitness,Fast Fitness,Z4 - Threshold,Z1 - Recovery; Z2 - Endurance; Z4 - Threshold,45:30,45.5,2730,47,0.8,,False,False,The challenge today is to reach the target power with the highest cadence possible.,01:00 @ 50% | 01:00 @ 56% | 01:00 @ 60% | 01:00 @ 65% | 01:00 @ 69% | 01:00 @ 75% | 00:30 @ 95% | 01:00 @ 55% | 02:00 @ 95% | 02:00 @ 55% | 03:00 @ 95% | 03:00 @ 55% | 04:00 @ 95% | 04:00 @ 55% | 01:00 @ 95% | 01:00 @ 55% | 02:00 @ 95% | 02:00 @ 55% | 03:00 @ 95% | 03:00 @ 55% | 04:00 @ 95% | 04:00 @ 55%,a-forest,https://mywhooshinfo.com/workouts/workout/a-forest
397,AC + Sweetspot #1,Sweetspot,All training plan workouts; Sweetspot,Z3 - Tempo,Z1 - Recovery; Z2 - Endurance; Z3 - Tempo; Z4 - Threshold; Z6 - Anaerobic,01:02:00,62.0,3720,90,0.94,,True,False,"The aim today is to work on your Anaerobic Capacity and improve your aerobic efficiency. We do this by completing 5 x 2min AC intervals before finishing with a 10min Sweetspot effort. By depleting your carbohydrate stores with the AC intervals, the 10min Sweetspot effort may not be as comfortable as it should be!","03:00 @ 50% | 4x [00:10 @ 180%, 00:50 @ 50%] | ramp 03:00 @ 60% FTP - 75% FTP | 02:00 @ 50% | ramp 05:00 @ 90% FTP - 104% FTP | 03:00 @ 50% | 02:00 @ 150% | 03:00 @ 50% | 02:00 @ 143% | 03:00 @ 50% | 02:00 @ 136% | 03:00 @ 50% | 02:00 @ 129% | 03:00 @ 50% | 02:00 @ 122% | 05:00 @ 50% | ramp 10:00 @ 94% FTP - 88% FTP | cooldown 05:00 @ 75% FTP - 45% FTP",ac-sweetspot-1,https://mywhooshinfo.com/workouts/workout/ac-sweetspot-1
398,AC + Sweetspot #2,Sweetspot,All training plan workouts; Sweetspot,Z3 - Tempo,Z1 - Recovery; Z2 - Endurance; Z3 - Tempo; Z4 - Threshold; Z6 - Anaerobic,01:02:00,62.0,3720,92,0.95,,True,False,"The aim today is to work on your Anaerobic Capacity and improve your aerobic efficiency. We complete 6 x 2min AC intervals before finishing with a 5min Sweet Spot effort. By depleting your carbohydrate stores with the AC intervals, the 5min Sweet Spot effort may not be as comfortable as it should be!","03:00 @ 50% | 4x [00:10 @ 180%, 00:50 @ 50%] | ramp 03:00 @ 60% FTP - 75% FTP | 02:00 @ 50% | ramp 05:00 @ 90% FTP - 104% FTP | 03:00 @ 50% | 02:00 @ 150% | 03:00 @ 50% | 02:00 @ 144% | 03:00 @ 50% | 02:00 @ 138% | 03:00 @ 50% | 02:00 @ 132% | 03:00 @ 50% | 02:00 @ 126% | 03:00 @ 50% | 02:00 @ 120% | 05:00 @ 50% | ramp 05:00 @ 94% FTP - 88% FTP | cooldown 05:00 @ 70% FTP - 45% FTP",ac-sweetspot-2,https://mywhooshinfo.com/workouts/workout/ac-sweetspot-2
349,Accelerations #1,Sprint,All training plan workouts; Sprint,Z6 - Anaerobic,Z1 - Recovery; Z2 - Endurance; Z3 - Tempo; Z4 - Threshold; Z5 - VO2Max; Z6 - Anaerobic,52:10,52.2,3130,62,0.85,Si Bradeley,True,False,Incorporating sprint efforts into a steady-state effort will recruit additional muscle fibres and extend their ability to work aerobically. The sprint efforts increase in duration from 15sec to 20sec and 30sec. This workout is also available as Video workout by a MyWhoosh coach Si Bradeley,03:00 @ 50% | 01:00 @ 60% | 01:00 @ 65% | 01:00 @ 81% | 01:00 @ 109% | 02:00 @ 50% | 04:00 @ 90% | 03:00 @ 50% | 04:00 @ 84% | 00:15 @ 175% | 04:00 @ 84% | 00:20 @ 170% | 04:00 @ 84% | 00:30 @ 150% | 05:00 @ 50% | 04:00 @ 84% | 00:15 @ 175% | 04:00 @ 84% | 00:20 @ 170% | 04:00 @ 84% | 00:30 @ 150% | 05:00 @ 50%,accelerations-1,https://mywhooshinfo.com/workouts/workout/accelerations-1
350,Accelerations #2,Sprint,Sprint,Z6 - Anaerobic,Free Ride; Z1 - Recovery; Z2 - Endurance; Z3 - Tempo; Z4 - Threshold; Z6 - Anaerobic,59:20,59.3,3560,48,0.7,Si Bradeley,True,False,"Accelerating into corners and improving position is an essential factor in any race. But quite often, these accelerations occur from an already high, steady power. In this session, we replicate this demand by completing a series of sprints preceded by a steady-state effort.","warmup 05:00 @ 42% FTP - 70% FTP | 02:00 @ 50% | 03:00 @ 70% | 4x [00:10 @ 175%, 00:50 @ 50%] | 02:00 @ 50% | 05:00 @ 90% | 03:00 @ 50% | 00:20 @ Free ride | 01:40 @ 65% | 00:20 @ Free ride | 01:40 @ 65% | 00:20 @ Free ride | 01:40 @ 65% | 00:20 @ Free ride | 05:00 @ 60% | 03:00 @ 80% | 00:20 @ Free ride | 01:40 @ 65% | 00:20 @ Free ride | 01:40 @ 65% | 05:00 @ 60% | 03:00 @ 95% | 00:20 @ Free ride | 01:40 @ 65% | 00:20 @ Free ride | 01:40 @ 65% | 05:00 @ 50%",accelerations-2,https://mywhooshinfo.com/workouts/workout/accelerations-2
129,Accuracy,Fast Fitness,Fast Fitness,Z2 - Endurance,Z1 - Recovery; Z2 - Endurance; Z3 - Tempo; Z4 - Threshold; Z5 - VO2Max,44:20,44.3,2660,42,0.75,,False,False,Endurance sessions are the ideal time to focus on improving your pedalling.,"01:30 @ 45% | 01:30 @ 60% | 01:00 @ 60% | 01:00 @ 65% | 01:00 @ 81% | 01:00 @ 109% | 01:00 @ 50% | 03:00 @ 90% | 01:00 @ 50% | 3x [01:00 @ 92%, 01:00 @ 50%] | 02:30 @ 60% | 02:30 @ 75% | 00:20 @ 110% | 02:30 @ 75% | 02:30 @ 60% | 05:00 @ 90% | 02:00 @ 60% | 2x [01:00 @ 85%, 01:00 @ 50%] | 01:15 @ 75% | 01:15 @ 64% | 01:15 @ 56% | 01:15 @ 45%",accuracy,https://mywhooshinfo.com/workouts/workout/accuracy
6,Active Recovery,Beginner,All training plan workouts; Beginner; Taper,Z2 - Endurance,Z1 - Recovery; Z2 - Endurance; Z3 - Tempo,48:00,48.0,2880,31,0.63,,True,False,"Don't discount the importance of today! This is where the magic happens, and the gains are realised. Recovery rides allow your body to recuperate and adapt, increasing your fitness. Enjoy today. You deserve it!","03:00 @ 50% | 2x [01:00 @ 70%, 01:00 @ 50%] | 2x [01:00 @ 80%, 01:00 @ 50%] | 03:00 @ 50% | ramp 10:00 @ 60% FTP - 75% FTP | 03:00 @ 50% | 01:00 @ 80% | 03:00 @ 50% | ramp 10:00 @ 60% FTP - 75% FTP | 03:00 @ 50% | 01:00 @ 80% | 03:00 @ 50%",active-recovery,https://mywhooshinfo.com/workouts/workout/active-recovery
10400,Active Recovery #1,All training plan workouts,All training plan workouts,Free Ride,Free Ride,45:00,45.0,2700,0,0,,True,False,"To facilitate recovery, we must include 'Active Recovery' days into the program. These are the sessions that will allow you to keep progressing your fitness, and avoid plateaus in training. Aim to keep power within Zone 1 for the majority of the session with only a few moments into zone 2. Choose a course with minimal elevation gain.",45:00 @ Free ride,active-recovery-1,https://mywhooshinfo.com/workouts/workout/active-recovery-1
10045,Active Recovery #2,All training plan workouts,All training plan workouts,Z2 - Endurance,Z1 - Recovery; Z2 - Endurance; Z3 - Tempo,48:00,48.0,2880,31,0.63,,True,False,"Don't discount the importance of today! This is where the magic happens, and the gains are realised. Recovery rides allow your body to recuperate and adapt, which means your fitness increases. Enjoy today. You deserve it!","03:00 @ 50% | 2x [01:00 @ 70%, 01:00 @ 50%] | 2x [01:00 @ 80%, 01:00 @ 50%] | 03:00 @ 50% | ramp 10:00 @ 60% FTP - 75% FTP | 03:00 @ 50% | 01:00 @ 80% | 03:00 @ 50% | ramp 10:00 @ 60% FTP - 75% FTP | 03:00 @ 50% | 01:00 @ 80% | 03:00 @ 50%",active-recovery-2,https://mywhooshinfo.com/workouts/workout/active-recovery-2
8,Aerobic 12's #1,Beginner,All training plan workouts; Beginner; Endurance,Z3 - Tempo,Z1 - Recovery; Z2 - Endurance; Z3 - Tempo; Z4 - Threshold,01:03:00,63.0,3780,55,0.73,Si Bradeley,False,False,"The primary goal of endurance training is to improve your ability to preserve glycogen. The more efficient you are in your fuel source, the more energy you will have for the finale. Aerobic Endurance workouts are aimed at improving your efficiency at lower intensity levels. You are training your muscles to access fat as its primary fuel source and preserve your precious glycogen stores for the finale. After warming up, you will be completing 3 x 12min aerobic efforts with 3min recovery.","warmup 05:00 @ 45% FTP - 65% FTP | 5x [00:30 @ 70%, 00:30 @ 90%] | 02:00 @ 45% | 03:00 @ 90% | 01:00 @ 45% | 3x [12:00 @ 76%, 03:00 @ 55%] | cooldown 02:00 @ 55% FTP - 45% FTP",aerobic-12-s-1,https://mywhooshinfo.com/workouts/workout/aerobic-12-s-1
268,Aerobic 12's #2,Endurance,All training plan workouts; Endurance,Z2 - Endurance,Z1 - Recovery; Z2 - Endurance; Z3 - Tempo; Z4 - Threshold,01:02:00,62.0,3720,55,0.74,,False,False,"The primary goal of endurance training is to improve your ability to preserve glycogen. The more efficient you are in your fuel source, the more energy you will have for the finale. Aerobic Endurance workouts are aimed at improving your efficiency at lower intensity levels. You are training your muscles to access fat as its primary fuel source and preserve your precious glycogen stores for the finale. After warming up, you will be completing 3 x 12min aerobic efforts with 2min recovery.","01:00 @ 50% | 01:00 @ 56% | 01:00 @ 63% | 01:00 @ 69% | 01:00 @ 75% | 5x [00:30 @ 65%, 00:30 @ 89%] | 02:00 @ 55% | 03:00 @ 90% | 02:00 @ 55% | 3x [12:00 @ 76%, 02:00 @ 55%] | 03:00 @ 50%",aerobic-12-s-2,https://mywhooshinfo.com/workouts/workout/aerobic-12-s-2
269,Aerobic 12's #3,Endurance,All training plan workouts; Endurance,Z2 - Endurance,Z1 - Recovery; Z2 - Endurance; Z3 - Tempo; Z4 - Threshold,01:00:00,60.0,3600,54,0.74,,False,False,"The primary goal of endurance training is to improve your ability to preserve glycogen. The more efficient you are in your fuel source, the more energy you will have for the finale. Aerobic Endurance workouts are aimed at improving your efficiency at lower intensity levels. You are training your muscles to access fat as its primary fuel source and preserve your precious glycogen stores for the finale. After warming up, you will be completing 3 x 12min aerobic efforts with 1min recovery.","01:00 @ 50% | 01:00 @ 56% | 01:00 @ 63% | 01:00 @ 69% | 01:00 @ 75% | 5x [00:30 @ 65%, 00:30 @ 89%] | 02:00 @ 55% | 03:00 @ 90% | 02:00 @ 55% | 3x [12:00 @ 76%, 01:00 @ 55%] | 04:00 @ 50%",aerobic-12-s-3,https://mywhooshinfo.com/workouts/workout/aerobic-12-s-3
264,Aerobic 15's #1,Endurance,All training plan workouts; Endurance,Z2 - Endurance,Z1 - Recovery; Z2 - Endurance; Z3 - Tempo; Z4 - Threshold,01:10:00,70.0,4200,63,0.74,,False,False,"The primary goal of endurance training is to improve your ability to preserve glycogen. The more efficient you are in your fuel source, the more energy you will have for the finale. Aerobic Endurance workouts are aimed at improving your efficiency at lower intensity levels. You are training your muscles to access fat as its primary fuel source and preserve your precious glycogen stores for the finale. After warming up, you will be completing 3 x 15min aerobic efforts with 2min recovery.","warmup 07:00 @ 45% FTP - 70% FTP | 01:00 @ 50% | 04:00 @ 95% | 04:00 @ 55% | 3x [15:00 @ 76%, 02:00 @ 55%] | 03:00 @ 50%",aerobic-15-s-1,https://mywhooshinfo.com/workouts/workout/aerobic-15-s-1
265,Aerobic Development,Endurance,Endurance,Z2 - Endurance,Z1 - Recovery; Z2 - Endurance; Z3 - Tempo; Z5 - VO2Max; Z6 - Anaerobic,55:00,55.0,3300,46,0.71,,True,False,"In this session, we are targeting your aerobic development by using short anaerobic 'surges'. We are completing 15sec out of the saddle surges with a short recovery period. This is getting you ready to finish the session with an aerobically efficient 10min effort.","05:00 @ 50% | 2x [00:10 @ 160%, 00:50 @ 50%] | 02:00 @ 50% | 01:00 @ 109% | 02:00 @ 50% | 05:00 @ 75% | 03:00 @ 50% | 4x [00:15 @ 150%, 01:30 @ 62%] | 03:00 @ 50% | 4x [00:15 @ 150%, 01:30 @ 62%] | 03:00 @ 50% | 10:00 @ 75% | 05:00 @ 50%",aerobic-development,https://mywhooshinfo.com/workouts/workout/aerobic-development
66,Aerobic Ramps,Under 35 min,Under 35 min,Z2 - Endurance,Z1 - Recovery; Z2 - Endurance; Z3 - Tempo; Z5 - VO2Max,33:00,33.0,1980,27,0.7,Si Bradeley,False,False,Not every session needs to involve high-intensity efforts. Today's session is a low-intensity workout focussing on your aerobic fitness.,"warmup 03:00 @ 45% FTP - 60% FTP | 01:00 @ 65% | 01:00 @ 81% | 01:00 @ 109% | 01:00 @ 50% | 03:00 @ 88% | 01:00 @ 50% | ramp 04:00 @ 61% FTP - 80% FTP | 01:00 @ 60% | ramp 04:00 @ 61% FTP - 80% FTP | 2x [01:00 @ 65%, 04:00 @ 61%] | 03:00 @ 65%",aerobic-ramps-uzg1,https://mywhooshinfo.com/workouts/workout/aerobic-ramps-uzg1
7,Aerobic Ramps,Beginner,All training plan workouts; Beginner; Endurance,Z2 - Endurance,Z1 - Recovery; Z2 - Endurance; Z3 - Tempo; Z5 - VO2Max,53:00,53.0,3180,44,0.71,Lisa Hermansson,True,False,One of the most important aspects of cycling is your aerobic fitness. Not every session needs to involve high-intensity efforts. Today's session is a low-intensity workout focussing on your aerobic fitness. This allows you to preserve vital glycogen stores and power up the day's final climb. This workout is also available as Video workout by a MyWhoosh coach Si Bradeley,warmup 03:00 @ 45% FTP - 60% FTP | 01:00 @ 60% | 01:00 @ 65% | 01:00 @ 81% | 01:00 @ 109% | 02:00 @ 50% | 04:00 @ 88% | 02:00 @ 50% | ramp 05:00 @ 61% FTP - 80% FTP | 02:00 @ 60% | ramp 05:00 @ 61% FTP - 80% FTP | 02:00 @ 65% | ramp 05:00 @ 61% FTP - 80% FTP | 02:00 @ 65% | ramp 05:00 @ 61% FTP - 80% FTP | 02:00 @ 65% | ramp 05:00 @ 61% FTP - 80% FTP | cooldown 05:00 @ 75% FTP - 50% FTP,aerobic-ramps,https://mywhooshinfo.com/workouts/workout/aerobic-ramps
130,Ain't nobody but me,Fast Fitness,Fast Fitness,Z4 - Threshold,Z1 - Recovery; Z2 - Endurance; Z4 - Threshold,30:00,30.0,1800,34,0.83,,False,False,There's no getting away from the benefits of long aerobic efforts. This Intensive Aerobic duration is the point where most of the energy comes from aerobic pathways.,05:00 @ 50% | ramp 04:00 @ 57% FTP - 75% FTP | 03:00 @ 55% | 15:00 @ 96% | 03:00 @ 55%,ain-t-nobody-but-me,https://mywhooshinfo.com/workouts/workout/ain-t-nobody-but-me
131,All I need,Fast Fitness,Fast Fitness,Z2 - Endurance,Z1 - Recovery; Z2 - Endurance; Z3 - Tempo; Z4 - Threshold; Z5 - VO2Max,20:00,20.0,1200,17,0.73,,False,False,"Quite often, racing involves periods of short, high-intensity efforts, followed by a period of Tempo riding.",warmup 04:00 @ 45% FTP - 75% FTP | 01:00 @ 55% | 01:00 @ 81% | 01:00 @ 55% | 01:00 @ 95% | 01:00 @ 55% | 01:00 @ 109% | 01:00 @ 55% | 07:00 @ 75% | 02:00 @ 55%,all-i-need,https://mywhooshinfo.com/workouts/workout/all-i-need
198,Anaerobic 10 #1,Anaerobic,All training plan workouts; Anaerobic,Z6 - Anaerobic,Z1 - Recovery; Z2 - Endurance; Z3 - Tempo; Z5 - VO2Max; Z6 - Anaerobic,58:00,58.0,3480,52,0.74,,False,False,Another session targeting your aerobic development but using short anaerobic 'surges'. The target cadence for these surges is 85rpm. You are completing 10sec out of the saddle surges with a short recovery period. This is getting you ready to finish the session with an aerobically efficient 10min tempo effort.,"05:00 @ 50% | 2x [00:10 @ 170%, 00:50 @ 50%] | 02:00 @ 65% | 01:00 @ 109% | 02:00 @ 65% | 05:00 @ 90% | 03:00 @ 50% | 10x [00:10 @ 150%, 01:50 @ 62%] | 03:00 @ 50% | 10:00 @ 83% | 05:00 @ 50%",anaerobic-10-1,https://mywhooshinfo.com/workouts/workout/anaerobic-10-1
10829,Anaerobic 10 #1,All training plan workouts,All training plan workouts,Z2 - Endurance,Z1 - Recovery; Z2 - Endurance; Z3 - Tempo; Z5 - VO2Max; Z6 - Anaerobic,58:00,58.0,3480,53,0.74,,False,False,"Another session targeting your aerobic development, but using short anaerobic 'surges'. This time you are completing 10sec out of the saddle surges with a short recovery period. Target cadence for these surges is 85rpm. All of this is getting you ready to finish the session with an aerobically efficient 10min tempo effort.","05:00 @ 50% | 2x [00:10 @ 200%, 00:50 @ 50%] | 02:00 @ 65% | 01:00 @ 109% | 02:00 @ 65% | 05:00 @ 90% | 03:00 @ 50% | 10x [00:10 @ 150%, 01:50 @ 62%] | 03:00 @ 50% | 10:00 @ 83% | 05:00 @ 50%",anaerobic-10-1-9p4z,https://mywhooshinfo.com/workouts/workout/anaerobic-10-1-9p4z
199,Anaerobic 10 #2,Anaerobic,All training plan workouts; Anaerobic,Z6 - Anaerobic,Z1 - Recovery; Z2 - Endurance; Z3 - Tempo; Z5 - VO2Max; Z6 - Anaerobic,01:01:46,61.8,3706,56,0.74,,False,False,Another session targeting your aerobic development but using short anaerobic 'surges'. You complete 10 seconds out of the saddle surges with a short recovery period. This is getting you ready to finish the session with an aerobically efficient 10min tempo effort.,"05:00 @ 50% | 2x [00:10 @ 170%, 00:49 @ 50%] | 02:00 @ 65% | 01:00 @ 109% | 02:00 @ 65% | 05:00 @ 90% | 03:00 @ 50% | 12x [00:10 @ 150%, 01:49 @ 62%] | 03:00 @ 50% | 10:00 @ 83% | 05:00 @ 50%",anaerobic-10-2,https://mywhooshinfo.com/workouts/workout/anaerobic-10-2
200,Anaerobic 8 #1,Anaerobic,All training plan workouts; Anaerobic,Z6 - Anaerobic,Z1 - Recovery; Z2 - Endurance; Z3 - Tempo; Z5 - VO2Max; Z6 - Anaerobic,58:00,58.0,3480,51,0.73,,False,False,"Another session targeting your aerobic development by implementing short anaerobic 'surges'. You are completing a series of 8 second, out of the saddle surges with a short recovery period. This is getting you ready to finish the session with an aerobically efficient 10min tempo effort.","05:00 @ 50% | 2x [00:10 @ 170%, 00:50 @ 50%] | 02:00 @ 65% | 01:00 @ 109% | 02:00 @ 65% | 05:00 @ 90% | 03:00 @ 50% | 10x [00:08 @ 150%, 01:52 @ 62%] | 03:00 @ 50% | 10:00 @ 83% | 05:00 @ 50%",anaerobic-8-1,https://mywhooshinfo.com/workouts/workout/anaerobic-8-1
67,Anaerobic 8's,Under 35 min,Under 35 min,Z2 - Endurance,Z1 - Recovery; Z2 - Endurance; Z3 - Tempo; Z5 - VO2Max; Z6 - Anaerobic,31:00,31.0,1860,27,0.73,,False,False,This session targets your aerobic development by implementing short anaerobic 'surges'.,"03:00 @ 50% | 2x [00:10 @ 170%, 00:50 @ 50%] | 01:00 @ 65% | 01:00 @ 109% | 01:00 @ 65% | 02:00 @ 90% | 01:00 @ 50% | 5x [00:08 @ 150%, 01:52 @ 62%] | 02:00 @ 50% | 05:00 @ 83% | 03:00 @ 50%",anaerobic-8-s,https://mywhooshinfo.com/workouts/workout/anaerobic-8-s
68,Anaerobic Capacity #1,Under 35 min,Under 35 min,Z6 - Anaerobic,Z1 - Recovery; Z2 - Endurance; Z4 - Threshold; Z6 - Anaerobic,30:30,30.5,1830,39,0.88,,False,False,"A challenging workout today that is high on quality! The focus is on completing a series of short, high-intensity efforts.","warmup 03:00 @ 45% FTP - 70% FTP | 00:30 @ 65% | 2x [00:30 @ 98%, 00:30 @ 65%] | 01:00 @ 55% | 02:00 @ 55% | 2x [02:00 @ 121%, 01:00 @ 55%] | 02:00 @ 55% | 4x [01:00 @ 121%, 02:00 @ 55%] | 02:00 @ 55%",anaerobic-capacity-1,https://mywhooshinfo.com/workouts/workout/anaerobic-capacity-1
201,Anaerobic Capacity #1,Anaerobic,All training plan workouts; Anaerobic,Z6 - Anaerobic,Z1 - Recovery; Z2 - Endurance; Z3 - Tempo; Z4 - Threshold; Z6 - Anaerobic,01:05:00,65.0,3900,70,0.81,,False,False,"A challenging workout today that is high on quality! The focus is on completing a series of short, high-intensity efforts ranging from 2min to 30sec.","warmup 05:00 @ 45% FTP - 70% FTP | 5x [00:30 @ 65%, 00:30 @ 89%] | 02:00 @ 55% | ramp 10:00 @ 75% FTP - 94% FTP | 02:00 @ 55% | 2x [02:00 @ 121%, 01:00 @ 55%] | 03:00 @ 55% | 4x [01:00 @ 121%, 05:00 @ 55%] | 6x [00:30 @ 90%, 00:30 @ 55%] | 02:00 @ 55%",anaerobic-capacity-1-cpuu,https://mywhooshinfo.com/workouts/workout/anaerobic-capacity-1-cpuu
69,Anaerobic Capacity #2,Under 35 min,Under 35 min,Z2 - Endurance,Z1 - Recovery; Z2 - Endurance; Z3 - Tempo; Z5 - VO2Max; Z6 - Anaerobic,27:00,27.0,1620,41,0.96,Zelmaré Viljoen,False,False,The ability to repeat high-intensity efforts can mean the difference between making the front group or not.,"03:00 @ 50% | 01:00 @ 65% | 01:00 @ 75% | 01:00 @ 85% | 01:00 @ 109% | 02:00 @ 50% | ramp 02:00 @ 121% FTP - 140% FTP | 02:00 @ 65% | 2x [02:00 @ 121%, 02:00 @ 65%] | ramp 02:00 @ 121% FTP - 140% FTP | 02:00 @ 65% | 02:00 @ 50%",anaerobic-capacity-2,https://mywhooshinfo.com/workouts/workout/anaerobic-capacity-2
202,Anaerobic Capacity #2,Anaerobic,Anaerobic,Z6 - Anaerobic,Z1 - Recovery; Z2 - Endurance; Z3 - Tempo; Z4 - Threshold; Z6 - Anaerobic,01:00:00,60.0,3600,77,0.88,,False,False,"A challenging workout today that is high on quality! The focus is on completing a series of 3min Anaerobic intervals, leading into a steady-state Zone 2 effort.","warmup 07:00 @ 45% FTP - 70% FTP | 05:00 @ 95% | 05:00 @ 55% | 4x [03:00 @ 121%, 02:00 @ 55%] | 03:00 @ 55% | 15:00 @ 75% | 05:00 @ 55%",anaerobic-capacity-2-sfep,https://mywhooshinfo.com/workouts/workout/anaerobic-capacity-2-sfep
11061,Anaerobic Capacity #2,All training plan workouts,All training plan workouts,Z6 - Anaerobic,Z1 - Recovery; Z2 - Endurance; Z3 - Tempo; Z4 - Threshold; Z6 - Anaerobic,01:05:00,65.0,3900,70,0.81,,False,False,"A challenging workout today, that is high on quality! The focus is on completing a series of short, high intensity efforts ranging in duration from 2min to 30sec.","warmup 05:00 @ 45% FTP - 70% FTP | 5x [00:30 @ 65%, 00:30 @ 89%] | 02:00 @ 55% | ramp 10:00 @ 75% FTP - 94% FTP | 02:00 @ 55% | 2x [02:00 @ 121%, 01:00 @ 55%] | 03:00 @ 55% | 4x [01:00 @ 121%, 05:00 @ 55%] | 6x [00:30 @ 90%, 00:30 @ 55%] | 02:00 @ 55%",anaerobic-capacity-2-x0w5,https://mywhooshinfo.com/workouts/workout/anaerobic-capacity-2-x0w5
11068,Anaerobic Capacity #3,All training plan workouts,All training plan workouts,Z3 - Tempo,Z1 - Recovery; Z2 - Endurance; Z3 - Tempo; Z4 - Threshold; Z6 - Anaerobic,01:00:00,60.0,3600,77,0.88,,False,False,"A challenging workout today, that is high on quality! The focus is on completing a series of 3min Anaerobic intervals, leading into a steady state Zone 2 effort.","warmup 07:00 @ 45% FTP - 70% FTP | 05:00 @ 95% | 05:00 @ 55% | 4x [03:00 @ 121%, 02:00 @ 55%] | 03:00 @ 55% | 15:00 @ 75% | 05:00 @ 55%",anaerobic-capacity-3,https://mywhooshinfo.com/workouts/workout/anaerobic-capacity-3
203,Anaerobic Capacity 1min & 2min,Anaerobic,All training plan workouts; Anaerobic,Z6 - Anaerobic,Z1 - Recovery; Z2 - Endurance; Z3 - Tempo; Z5 - VO2Max; Z6 - Anaerobic,54:00,54.0,3240,67,0.87,,True,False,"This is a very high level of intensity that requires mental and physical perseverance. Along with improving your ability to produce sustained power above threshold, AC training will also enhance your ability to recover from high-intensity efforts and repeat them repeatedly. With 5 x 2min efforts followed by 3 x 1min efforts, you will need to stay focused today!",warmup 06:00 @ 45% FTP - 75% FTP | 01:00 @ 50% | 01:00 @ 109% | 02:00 @ 50% | ramp 03:00 @ 50% FTP - 90% FTP | 04:00 @ 90% | 03:00 @ 50% | ramp 02:00 @ 106% FTP - 120% FTP | 02:00 @ 50% | ramp 02:00 @ 106% FTP - 120% FTP | 02:00 @ 50% | ramp 02:00 @ 106% FTP - 120% FTP | 02:00 @ 50% | ramp 02:00 @ 106% FTP - 120% FTP | 02:00 @ 50% | ramp 02:00 @ 106% FTP - 120% FTP | 02:00 @ 50% | ramp 01:00 @ 121% FTP - 150% FTP | 02:00 @ 50% | ramp 01:00 @ 121% FTP - 150% FTP | 02:00 @ 50% | ramp 01:00 @ 121% FTP - 150% FTP | 02:00 @ 50% | cooldown 05:00 @ 55% FTP - 45% FTP,anaerobic-capacity-1min-2min,https://mywhooshinfo.com/workouts/workout/anaerobic-capacity-1min-2min
10331,Anaerobic Capacity 4 x 60sec,All training plan workouts,All training plan workouts,Z6 - Anaerobic,Z1 - Recovery; Z2 - Endurance; Z3 - Tempo; Z5 - VO2Max; Z6 - Anaerobic,59:00,59.0,3540,61,0.79,,True,False,"After completing a good warm-up the main sets consist of 4 x 60 seconds at Zone 6, with 3min recovery. Anaerobic Capacity involves high cadence and big power, along with the ability to resist fatigue. Throughout each 60sec interval observe your cadence and heart rate. Is your cadence dropping with fatigue and your heart rate rising?","warmup 06:00 @ 45% FTP - 75% FTP | 01:00 @ 50% | 01:00 @ 109% | 02:00 @ 50% | ramp 03:00 @ 50% FTP - 90% FTP | 04:00 @ 90% | 03:00 @ 50% | 4x [01:00 @ 121%, 03:00 @ 55%] | 02:00 @ 50% | 4x [01:00 @ 121%, 03:00 @ 55%] | cooldown 05:00 @ 75% FTP - 45% FTP",anaerobic-capacity-4-x-60sec,https://mywhooshinfo.com/workouts/workout/anaerobic-capacity-4-x-60sec
70,Anaerobic Capacity Hills #1,Under 35 min,Under 35 min,Z2 - Endurance,Z1 - Recovery; Z2 - Endurance; Z3 - Tempo; Z5 - VO2Max; Z6 - Anaerobic,24:30,24.5,1470,29,0.85,,False,True,This session replicates Anaerobic Capacity intervals performed on a climb by adding a target rpm. The climb starts steady enough before stepping up to the finish with high power.,warmup 03:00 @ 45% FTP - 60% FTP | 01:00 @ 65% | 01:00 @ 81% | 01:00 @ 109% | 02:00 @ 50% | ramp 02:00 @ 60% FTP - 75% FTP @ 75RPM | 00:30 @ 125% @ 75RPM | ramp 02:00 @ 75% FTP - 60% FTP | ramp 02:00 @ 60% FTP - 75% FTP @ 80RPM | 01:00 @ 125% @ 80RPM | ramp 02:00 @ 75% FTP - 60% FTP | ramp 02:00 @ 60% FTP - 75% FTP @ 85RPM | 02:00 @ 125% @ 85RPM | cooldown 03:00 @ 75% FTP - 60% FTP,anaerobic-capacity-hills-1,https://mywhooshinfo.com/workouts/workout/anaerobic-capacity-hills-1
10190,Anaerobic Capacity Hills #1,Anaerobic,All training plan workouts; Anaerobic,Z2 - Endurance,Z1 - Recovery; Z2 - Endurance; Z3 - Tempo; Z5 - VO2Max; Z6 - Anaerobic,01:00:00,60.0,3600,58,0.77,,True,False,"Increasing your anaerobic capacity will help you become a stronger cyclist. Anaerobic energy can be used for a short burst at a higher power output than your FTP. To improve your anaerobic capacity, we need to produce high power efforts between 30sec and 3min. In this session, we replicate AC intervals performed on a climb by adding a target rpm. The climb starts steady enough, before stepping up to the finish with high power.",warmup 03:00 @ 45% FTP - 60% FTP | 01:00 @ 60% | 01:00 @ 65% | 01:00 @ 81% | 01:00 @ 109% | 02:00 @ 50% | 04:00 @ 90% | 03:00 @ 50% | 05:00 @ 60% | ramp 03:00 @ 60% FTP - 75% FTP | 00:30 @ 125% | ramp 03:00 @ 75% FTP - 60% FTP | 02:00 @ 60% | ramp 03:00 @ 60% FTP - 75% FTP | 01:00 @ 125% | ramp 03:00 @ 75% FTP - 60% FTP | 02:00 @ 60% | ramp 03:00 @ 60% FTP - 75% FTP | 02:00 @ 125% | ramp 03:00 @ 75% FTP - 60% FTP | 02:00 @ 60% | ramp 03:00 @ 60% FTP - 75% FTP | 00:30 @ 125% | ramp 03:00 @ 75% FTP - 60% FTP | cooldown 05:00 @ 70% FTP - 45% FTP,anaerobic-capacity-hills-1-ehpg,https://mywhooshinfo.com/workouts/workout/anaerobic-capacity-hills-1-ehpg
205,Anaerobic Capacity Hills #2,Anaerobic,Anaerobic,Z6 - Anaerobic,Z1 - Recovery; Z2 - Endurance; Z3 - Tempo; Z5 - VO2Max; Z6 - Anaerobic,01:00:00,60.0,3600,62,0.79,,True,True,"Increasing your anaerobic capacity will help you become a stronger cyclist. Anaerobic energy can be used for a short burst at a higher power output than your FTP. To improve your anaerobic capacity, we need to produce high power efforts between 30sec and 3min. This session replicates AC intervals performed on a climb by adding a target rpm. The climb starts steady enough before stepping up to the finish with high power.",warmup 03:00 @ 45% FTP - 60% FTP | 01:00 @ 60% | 01:00 @ 65% | 01:00 @ 81% | 01:00 @ 109% | 02:00 @ 50% | 04:00 @ 90% | 03:00 @ 50% | 05:00 @ 60% | ramp 03:00 @ 60% FTP - 75% FTP @ 75RPM | 00:30 @ 140% @ 75RPM | ramp 02:00 @ 75% FTP - 60% FTP | 02:00 @ 60% | ramp 03:00 @ 60% FTP - 75% FTP @ 80RPM | 01:00 @ 130% @ 80RPM | ramp 02:00 @ 75% FTP - 60% FTP | 02:00 @ 60% | ramp 03:00 @ 60% FTP - 75% FTP @ 85RPM | 02:00 @ 121% @ 85RPM | ramp 02:00 @ 75% FTP - 60% FTP | 02:00 @ 60% | ramp 03:00 @ 60% FTP - 75% FTP @ 75RPM | 00:30 @ 150% @ 75RPM | ramp 02:00 @ 75% FTP - 60% FTP | ramp 03:00 @ 60% FTP - 75% FTP @ 85RPM | 01:00 @ 130% @ 85RPM | cooldown 05:00 @ 60% FTP - 45% FTP,anaerobic-capacity-hills-2,https://mywhooshinfo.com/workouts/workout/anaerobic-capacity-hills-2
71,Anaerobic Capacity into Sweetspot #1,Under 35 min,Under 35 min,Z3 - Tempo,Z1 - Recovery; Z2 - Endurance; Z3 - Tempo; Z4 - Threshold; Z5 - VO2Max; Z6 - Anaerobic,23:30,23.5,1410,28,0.85,Lisa Hermansson,False,False,"We finish the session with a steady 5min Sweetspot interval in today's workout. However, with the effort preceded by a series of 1min Anaerobic Capacity efforts, it may not be as comfortable as expected!","warmup 03:00 @ 45% FTP - 75% FTP | 00:30 @ 50% | 01:00 @ 81% | 00:30 @ 50% | 01:00 @ 95% | 00:30 @ 50% | 01:00 @ 109% | 02:00 @ 50% | 3x [01:00 @ 125%, 01:00 @ 65%] | 05:00 @ 81% | cooldown 03:00 @ 60% FTP - 45% FTP",anaerobic-capacity-into-sweetspot-1,https://mywhooshinfo.com/workouts/workout/anaerobic-capacity-into-sweetspot-1
399,Anaerobic Capacity into Sweetspot #1,Sweetspot,Sweetspot,Z3 - Tempo,Z1 - Recovery; Z2 - Endurance; Z3 - Tempo; Z4 - Threshold; Z5 - VO2Max; Z6 - Anaerobic,30:00,30.0,1800,34,0.83,Liz Smithson,True,False,"Sweetspot intervals are generally considered comfortable efforts, completed over longer durations. We finish the session with a steady 5min Sweetspot interval in today's workout. However, with the effort preceded by a series of 1min Anaerobic Capacity efforts, it may not be as comfortable as expected! This workout is also available as Video workout by a MyWhoosh coach Lisa Hermansson","warmup 03:00 @ 45% FTP - 75% FTP | 00:30 @ 50% | 01:00 @ 81% | 00:30 @ 50% | 01:00 @ 95% | 00:30 @ 50% | 01:00 @ 109% | 01:30 @ 50% | 05:00 @ 75% | 02:00 @ 50% | 3x [01:00 @ 125%, 01:00 @ 65%] | 05:00 @ 81% | cooldown 03:00 @ 60% FTP - 45% FTP",anaerobic-capacity-into-sweetspot-1-agwx,https://mywhooshinfo.com/workouts/workout/anaerobic-capacity-into-sweetspot-1-agwx
400,Anaerobic Capacity into Sweetspot #2,Sweetspot,Sweetspot,Z3 - Tempo,Z1 - Recovery; Z2 - Endurance; Z3 - Tempo; Z4 - Threshold; Z5 - VO2Max; Z6 - Anaerobic,01:00:00,60.0,3600,74,0.86,Lisa Hermansson,True,False,"Quite often, racing involves periods of short, high-intensity efforts, followed by a period of Tempo riding. Today we look to replicate what it takes to break away from the group and maintain that advantage. After a good warmup, the session consists of 4 sets of 2 x 1min capacity efforts leading to a 5min tempo effort.","warmup 05:00 @ 45% FTP - 75% FTP | 01:00 @ 50% | 01:00 @ 81% | 01:00 @ 50% | 01:00 @ 95% | 01:00 @ 50% | 01:00 @ 109% | 01:00 @ 50% | 2x [00:10 @ 150%, 00:50 @ 50%] | 02:00 @ 50% | 2x [01:00 @ 125%, 01:00 @ 65%] | ramp 05:00 @ 76% FTP - 89% FTP | 2x [01:00 @ 125%, 01:00 @ 65%] | ramp 05:00 @ 89% FTP - 76% FTP | 2x [01:00 @ 125%, 01:00 @ 65%] | ramp 05:00 @ 76% FTP - 89% FTP | 2x [01:00 @ 125%, 01:00 @ 65%] | ramp 05:00 @ 89% FTP - 76% FTP | 03:00 @ 50% | cooldown 05:00 @ 65% FTP - 50% FTP",anaerobic-capacity-into-sweetspot-2,https://mywhooshinfo.com/workouts/workout/anaerobic-capacity-into-sweetspot-2
401,Anaerobic Capacity into Sweetspot #3,Sweetspot,Sweetspot,Z3 - Tempo,Z1 - Recovery; Z2 - Endurance; Z3 - Tempo; Z6 - Anaerobic,01:04:00,64.0,3840,75,0.84,Lisa Hermansson,True,True,"Along with challenging your fitness by going from a brief Anaerobic effort into a sustained tempo effort, this session adds to that adaptation by including a significant difference in cadence. Complete the opening low cadence Anaerobic Interval out of the seat before settling into a high cadence tempo Interval.",warmup 10:00 @ 25% FTP - 75% FTP | 01:00 @ 50% | 01:00 @ 120% @ 80RPM | 05:00 @ 88% @ 95RPM | 02:00 @ 55% @ 85RPM | 01:00 @ 120% @ 80RPM | 05:00 @ 88% @ 95RPM | 02:00 @ 55% @ 85RPM | 01:00 @ 120% @ 80RPM | 05:00 @ 88% @ 95RPM | 02:00 @ 55% @ 85RPM | 01:00 @ 120% @ 80RPM | 05:00 @ 88% @ 95RPM | 02:00 @ 55% @ 85RPM | 01:00 @ 120% @ 80RPM | 05:00 @ 88% @ 95RPM | 02:00 @ 55% | 01:00 @ 120% @ 80RPM | 05:00 @ 88% @ 95RPM | 02:00 @ 55% | cooldown 05:00 @ 65% FTP - 50% FTP,anaerobic-capacity-into-sweetspot-3,https://mywhooshinfo.com/workouts/workout/anaerobic-capacity-into-sweetspot-3
206,Anaerobic Capacity into VO2,Anaerobic,All training plan workouts; Anaerobic,Z6 - Anaerobic,Z1 - Recovery; Z2 - Endurance; Z3 - Tempo; Z4 - Threshold; Z5 - VO2Max; Z6 - Anaerobic,52:00,52.0,3120,80,0.97,,True,False,"Big session today! The ability to repeat high-intensity efforts can mean the difference between making the front group or not. Everyone is good for the 1st effort when the legs are fresh, but will you be there after 3 or 4? We open with 6 x 2min Anaerobic Capacity efforts; however, the target power increases from 'hard' to 'very hard'! The workout concludes with a 6min VO2 effort featuring the same steady increase in target power.",03:00 @ 50% | 01:00 @ 65% | 01:00 @ 75% | 01:00 @ 85% | 01:00 @ 109% | 02:00 @ 50% | 04:00 @ 90% | 03:00 @ 50% | ramp 02:00 @ 121% FTP - 140% FTP | 02:00 @ 65% | ramp 02:00 @ 121% FTP - 140% FTP | 02:00 @ 65% | ramp 02:00 @ 121% FTP - 140% FTP | 02:00 @ 65% | ramp 02:00 @ 121% FTP - 140% FTP | 02:00 @ 65% | ramp 02:00 @ 121% FTP - 140% FTP | 02:00 @ 65% | 05:00 @ 50% | ramp 06:00 @ 108% FTP - 120% FTP | 05:00 @ 50%,anaerobic-capacity-into-vo2,https://mywhooshinfo.com/workouts/workout/anaerobic-capacity-into-vo2
207,Anaerobic Capacity Maintenance #1,Anaerobic,All training plan workouts; Anaerobic,Z6 - Anaerobic,Z1 - Recovery; Z2 - Endurance; Z3 - Tempo; Z6 - Anaerobic,58:00,58.0,3480,66,0.83,,False,False,"The focus today is on quality. With this in mind, the intensity is completed early in the session with 8 x 1 Min Anaerobic Capacity Intervals before finishing with a 25 Min zone 2 effort. Observe your Heart Rate response during the 25 Min effort. How much does it increase throughout the effort?","warmup 10:00 @ 50% FTP - 74% FTP | 8x [01:00 @ 121%, 01:15 @ 50%] | 25:00 @ 80% | cooldown 05:00 @ 65% FTP - 51% FTP",anaerobic-capacity-maintenance-1,https://mywhooshinfo.com/workouts/workout/anaerobic-capacity-maintenance-1
402,Anaerobic Capacity with Sweetspot #1,Sweetspot,Sweetspot,Z3 - Tempo,Z1 - Recovery; Z2 - Endurance; Z3 - Tempo; Z4 - Threshold; Z6 - Anaerobic,01:02:00,62.0,3720,90,0.94,Lisa Hermansson,True,False,"The aim today is to work on your Anaerobic Capacity and improve your aerobic efficiency. We do this by completing 5 x 2min AC intervals before finishing with a 10min Sweetspot effort. By depleting your carbohydrate stores with the AC intervals, the 10min Sweetspot effort may not be as comfortable as it should be!","03:00 @ 50% | 4x [00:10 @ 200%, 00:50 @ 50%] | ramp 03:00 @ 60% FTP - 75% FTP | 02:00 @ 50% | ramp 05:00 @ 90% FTP - 104% FTP | 03:00 @ 50% | 02:00 @ 150% | 03:00 @ 50% | 02:00 @ 143% | 03:00 @ 50% | 02:00 @ 136% | 03:00 @ 50% | 02:00 @ 129% | 03:00 @ 50% | 02:00 @ 122% | 05:00 @ 50% | ramp 10:00 @ 94% FTP - 88% FTP | cooldown 05:00 @ 75% FTP - 45% FTP",anaerobic-capacity-with-sweetspot-1,https://mywhooshinfo.com/workouts/workout/anaerobic-capacity-with-sweetspot-1
403,Anaerobic Capacity with Sweetspot #2,Sweetspot,Sweetspot,Z3 - Tempo,Z1 - Recovery; Z2 - Endurance; Z3 - Tempo; Z4 - Threshold; Z6 - Anaerobic,01:02:00,62.0,3720,92,0.95,Lisa Hermansson,True,False,"The aim today is to work on your Anaerobic Capacity and improve your aerobic efficiency. We do this by completing 6 x 2min AC intervals before finishing with a 5min Sweetspot effort. By depleting your carbohydrate stores with the AC intervals, the 5min Sweetspot effort may not be as comfortable as it should be!","03:00 @ 50% | 4x [00:10 @ 200%, 00:50 @ 50%] | ramp 03:00 @ 60% FTP - 75% FTP | 02:00 @ 50% | ramp 05:00 @ 90% FTP - 104% FTP | 03:00 @ 50% | 02:00 @ 150% | 03:00 @ 50% | 02:00 @ 144% | 03:00 @ 50% | 02:00 @ 138% | 03:00 @ 50% | 02:00 @ 132% | 03:00 @ 50% | 02:00 @ 126% | 03:00 @ 50% | 02:00 @ 120% | 05:00 @ 50% | ramp 05:00 @ 94% FTP - 88% FTP | cooldown 05:00 @ 75% FTP - 45% FTP",anaerobic-capacity-with-sweetspot-2,https://mywhooshinfo.com/workouts/workout/anaerobic-capacity-with-sweetspot-2
208,Anaerobic Endurance #1,Anaerobic,Anaerobic,Z6 - Anaerobic,Z1 - Recovery; Z2 - Endurance; Z3 - Tempo; Z5 - VO2Max; Z6 - Anaerobic,59:00,59.0,3540,61,0.79,,True,False,"Anaerobic Endurance involves high cadence and big power, and the ability to resist fatigue. After completing a good warm-up, the principal sets consist of 4 x 60 seconds at 121%FTP, with 3min recovery. Throughout each 60sec interval, observe your cadence and heart rate. Is your cadence dropping with fatigue and your heart rate rising?","warmup 06:00 @ 45% FTP - 75% FTP | 01:00 @ 50% | 01:00 @ 109% | 02:00 @ 50% | ramp 03:00 @ 50% FTP - 90% FTP | 04:00 @ 90% | 03:00 @ 50% | 4x [01:00 @ 121%, 03:00 @ 55%] | 02:00 @ 50% | 4x [01:00 @ 121%, 03:00 @ 55%] | cooldown 05:00 @ 55% FTP - 45% FTP",anaerobic-endurance-1,https://mywhooshinfo.com/workouts/workout/anaerobic-endurance-1
209,Anaerobic Endurance #2,Anaerobic,Anaerobic,Z6 - Anaerobic,Z1 - Recovery; Z2 - Endurance; Z3 - Tempo; Z5 - VO2Max; Z6 - Anaerobic,01:13:00,73.0,4380,79,0.81,,True,False,"After completing a good warm-up, the principal sets consist of 6 x 60 seconds at Zone 6, with 3min recovery. Anaerobic Capacity involves high cadence and big power, and the ability to resist fatigue. Throughout each 60sec interval, observe your cadence and heart rate. Is your cadence dropping with fatigue and your heart rate rising?","warmup 04:00 @ 45% FTP - 75% FTP | 01:00 @ 50% | 01:00 @ 109% | 02:00 @ 50% | ramp 03:00 @ 50% FTP - 90% FTP | 04:00 @ 90% | 03:00 @ 50% | 6x [01:00 @ 121%, 03:00 @ 55%] | 02:00 @ 55% | 6x [01:00 @ 121%, 03:00 @ 55%] | cooldown 05:00 @ 55% FTP - 45% FTP",anaerobic-endurance-2,https://mywhooshinfo.com/workouts/workout/anaerobic-endurance-2
10252,Anaerobic Endurance 4 x 60sec,All training plan workouts,All training plan workouts,Z6 - Anaerobic,Z1 - Recovery; Z2 - Endurance; Z3 - Tempo; Z5 - VO2Max; Z6 - Anaerobic,59:00,59.0,3540,61,0.79,,True,False,"Anaerobic Endurance involves high cadence and big power, along with the ability to resist fatigue. After completing a good warm-up, the main sets consist of 4 x 60 seconds at 121%FTP, with 3min recovery. Throughout each 60sec interval, observe your cadence and heart rate. Is your cadence dropping with fatigue and your heart rate rising?","warmup 06:00 @ 45% FTP - 75% FTP | 01:00 @ 50% | 01:00 @ 109% | 02:00 @ 50% | ramp 03:00 @ 50% FTP - 90% FTP | 04:00 @ 90% | 03:00 @ 50% | 4x [01:00 @ 121%, 03:00 @ 55%] | 02:00 @ 50% | 4x [01:00 @ 121%, 03:00 @ 55%] | cooldown 05:00 @ 65% FTP - 45% FTP",anaerobic-endurance-4-x-60sec,https://mywhooshinfo.com/workouts/workout/anaerobic-endurance-4-x-60sec
10354,Anaerobic Endurance 6 x 60sec,All training plan workouts,All training plan workouts,Z6 - Anaerobic,Z1 - Recovery; Z2 - Endurance; Z3 - Tempo; Z5 - VO2Max; Z6 - Anaerobic,01:13:00,73.0,4380,79,0.81,,True,False,"After completing a good warm-up the main sets consist of 6 x 60 seconds at Zone 6, with 3min recovery. Anaerobic Capacity involves high cadence and big power, along with the ability to resist fatigue. Throughout each 60sec interval observe your cadence and heart rate. Is your cadence dropping with fatigue and your heart rate rising?","warmup 04:00 @ 45% FTP - 75% FTP | 01:00 @ 50% | 01:00 @ 109% | 02:00 @ 50% | ramp 03:00 @ 50% FTP - 90% FTP | 04:00 @ 90% | 03:00 @ 50% | 6x [01:00 @ 121%, 03:00 @ 55%] | 02:00 @ 55% | 6x [01:00 @ 121%, 03:00 @ 55%] | cooldown 05:00 @ 75% FTP - 45% FTP",anaerobic-endurance-6-x-60sec,https://mywhooshinfo.com/workouts/workout/anaerobic-endurance-6-x-60sec
10236,Anaerobic Intensive (2 sets),All training plan workouts,All training plan workouts,Z3 - Tempo,Z1 - Recovery; Z2 - Endurance; Z3 - Tempo; Z6 - Anaerobic,01:02:30,62.5,3750,107,1.02,,False,False,"The aim today is to produce repeatable, high power intervals. With 2 sets of the 45-second Anaerobic Intensive intervals, note any differences in your heart rate response from the first to the second set. Between the Anaerobic Intensive sets, we complete a 20-minute tempo effort to build some fatigue.","warmup 10:00 @ 45% FTP - 70% FTP | 01:00 @ 55% | 5x [00:45 @ 180%, 02:00 @ 55%] | 20:00 @ 75% | 01:00 @ 55% | 5x [00:45 @ 180%, 02:00 @ 55%] | 03:00 @ 50%",anaerobic-intensive-2-sets,https://mywhooshinfo.com/workouts/workout/anaerobic-intensive-2-sets
10023,Anaerobic Intensive 170%,All training plan workouts,All training plan workouts,Z2 - Endurance,Z1 - Recovery; Z2 - Endurance; Z3 - Tempo; Z4 - Threshold; Z5 - VO2Max; Z6 - Anaerobic,56:30,56.5,3390,72,0.88,,False,False,"Today we step up the effort, but only briefly. By completing 5 x 30-second high-intensity efforts we will be tapping into our anaerobic reserves while recruiting a large number of fast-twitch fibres. With plenty of recovery between efforts, you should be hitting each interval fully recovered.","warmup 05:00 @ 45% FTP - 75% FTP | 01:00 @ 55% | 01:00 @ 80% | 01:00 @ 55% | 01:00 @ 95% | 01:00 @ 55% | 01:00 @ 110% | 03:00 @ 50% | 5x [00:30 @ 200%, 07:00 @ 65%] | 05:00 @ 50%",anaerobic-intensive-170,https://mywhooshinfo.com/workouts/workout/anaerobic-intensive-170
10057,Anaerobic Intensive 200% #1,All training plan workouts,All training plan workouts,Z2 - Endurance,Z1 - Recovery; Z2 - Endurance; Z3 - Tempo; Z4 - Threshold; Z5 - VO2Max; Z6 - Anaerobic,56:30,56.5,3390,72,0.88,,False,False,"Today we step up the effort, but only briefly. By completing 5 x 30-second high-intensity efforts we will be tapping into our anaerobic reserves while recruiting a large number of fast-twitch fibres. With plenty of recovery between efforts, you should be hitting each interval fully recovered.","warmup 05:00 @ 45% FTP - 75% FTP | 01:00 @ 55% | 01:00 @ 80% | 01:00 @ 55% | 01:00 @ 95% | 01:00 @ 55% | 01:00 @ 110% | 03:00 @ 50% | 5x [00:30 @ 200%, 07:00 @ 65%] | 05:00 @ 50%",anaerobic-intensive-200-1,https://mywhooshinfo.com/workouts/workout/anaerobic-intensive-200-1
10081,Anaerobic Intensive 200% #1,All training plan workouts,All training plan workouts,Z2 - Endurance,Z1 - Recovery; Z2 - Endurance; Z3 - Tempo; Z4 - Threshold; Z5 - VO2Max; Z6 - Anaerobic,01:04:00,64.0,3840,83,0.89,,False,False,"Today we step up the effort, but only briefly. By completing 6 x 30-second high-intensity efforts we will be tapping into our anaerobic reserves while recruiting a large number of fast-twitch fibres. With plenty of recovery between efforts, you should be hitting each interval fully recovered.","warmup 05:00 @ 45% FTP - 75% FTP | 01:00 @ 55% | 01:00 @ 80% | 01:00 @ 55% | 01:00 @ 95% | 01:00 @ 55% | 01:00 @ 110% | 03:00 @ 50% | 6x [00:30 @ 200%, 07:00 @ 65%] | 05:00 @ 50%",anaerobic-intensive-200-1-c0qw,https://mywhooshinfo.com/workouts/workout/anaerobic-intensive-200-1-c0qw
9,Anaerobic Intensive 25sec,Anaerobic,All training plan workouts; Anaerobic; Beginner,Z2 - Endurance,Z1 - Recovery; Z2 - Endurance; Z3 - Tempo; Z4 - Threshold; Z5 - VO2Max; Z6 - Anaerobic,56:05,56.1,3365,57,0.78,Zelmaré Viljoen,True,False,"Another workout targeting your aerobic development but using short anaerobic 'surges'. This time you are completing 25sec surges with a short recovery period. However, before the anaerobic effort, the power ramps up over 1min.",warmup 05:00 @ 45% FTP - 75% FTP | 01:00 @ 55% | 01:00 @ 80% | 01:00 @ 55% | 01:00 @ 95% | 01:00 @ 55% | 01:00 @ 110% | 03:00 @ 50% | ramp 01:00 @ 55% FTP - 90% FTP | 00:25 @ 175% | 07:00 @ 66% | ramp 01:00 @ 55% FTP - 85% FTP | 00:25 @ 175% | 07:00 @ 65% | ramp 01:00 @ 55% FTP - 85% FTP | 00:25 @ 175% | 07:00 @ 65% | ramp 01:00 @ 55% FTP - 85% FTP | 00:25 @ 175% | 07:00 @ 66% | ramp 01:00 @ 55% FTP - 85% FTP | 00:25 @ 175% | 02:00 @ 55% | cooldown 05:00 @ 55% FTP - 45% FTP,anaerobic-intensive-25sec,https://mywhooshinfo.com/workouts/workout/anaerobic-intensive-25sec
10485,Anaerobic Intensive 25sec,All training plan workouts,All training plan workouts,Z6 - Anaerobic,Z1 - Recovery; Z2 - Endurance; Z3 - Tempo; Z4 - Threshold; Z5 - VO2Max; Z6 - Anaerobic,01:03:30,63.5,3810,60,0.76,,False,False,"Today we step up the effort, but only briefly. By completing 6 x 25-second high-intensity efforts we will be tapping into our anaerobic reserves while recruiting a large number of fast-twitch fibres. With plenty of recovery between efforts, you should be hitting each interval fully recovered.","warmup 05:00 @ 45% FTP - 75% FTP | 01:00 @ 55% | 01:00 @ 80% | 01:00 @ 55% | 01:00 @ 95% | 01:00 @ 55% | 01:00 @ 110% | 03:00 @ 50% | 6x [00:25 @ 180%, 07:00 @ 55%] | cooldown 05:00 @ 75% FTP - 45% FTP",anaerobic-intensive-25sec-aoya,https://mywhooshinfo.com/workouts/workout/anaerobic-intensive-25sec-aoya
10050,Anaerobic Intensive 30sec,All training plan workouts,All training plan workouts,Z2 - Endurance,Z1 - Recovery; Z2 - Endurance; Z3 - Tempo; Z4 - Threshold; Z5 - VO2Max; Z6 - Anaerobic,55:30,55.5,3330,59,0.8,,False,False,"Another session targeting your aerobic development, but using short anaerobic 'surges'. This time you are completing 30sec surges with a short recovery period. However, prior to the anaerobic effort, the power ramps up over 1min.",warmup 05:00 @ 45% FTP - 75% FTP | 01:00 @ 55% | 01:00 @ 81% | 01:00 @ 55% | 01:00 @ 95% | 01:00 @ 55% | 01:00 @ 110% | 02:00 @ 55% | ramp 01:00 @ 65% FTP - 84% FTP | 00:30 @ 165% | 07:00 @ 65% | ramp 01:00 @ 65% FTP - 84% FTP | 00:30 @ 165% | 07:00 @ 65% | ramp 01:00 @ 65% FTP - 84% FTP | 00:30 @ 165% | 07:00 @ 65% | ramp 01:00 @ 65% FTP - 84% FTP | 00:30 @ 165% | 07:00 @ 65% | ramp 01:00 @ 65% FTP - 84% FTP | 00:30 @ 165% | 02:00 @ 55% | cooldown 05:00 @ 65% FTP - 45% FTP,anaerobic-intensive-30sec,https://mywhooshinfo.com/workouts/workout/anaerobic-intensive-30sec
211,Anaerobic Intensive 30sec #1,Anaerobic,Anaerobic,Z6 - Anaerobic,Z1 - Recovery; Z2 - Endurance; Z3 - Tempo; Z4 - Threshold; Z5 - VO2Max; Z6 - Anaerobic,56:30,56.5,3390,72,0.88,,False,False,"Today we step up the effort, but only briefly. By completing 5 x 30-second high-intensity efforts, we will be tapping into our anaerobic reserves while recruiting a large number of fast-twitch fibres. With plenty of recovery between efforts, you should be hitting each interval wholly recovered.","warmup 05:00 @ 45% FTP - 75% FTP | 01:00 @ 55% | 01:00 @ 80% | 01:00 @ 55% | 01:00 @ 95% | 01:00 @ 55% | 01:00 @ 110% | 03:00 @ 50% | 5x [00:30 @ 200%, 07:00 @ 65%] | 05:00 @ 50%",anaerobic-intensive-30sec-1,https://mywhooshinfo.com/workouts/workout/anaerobic-intensive-30sec-1
212,Anaerobic Intensive 30sec #2,Anaerobic,Anaerobic,Z6 - Anaerobic,Z1 - Recovery; Z2 - Endurance; Z3 - Tempo; Z4 - Threshold; Z5 - VO2Max; Z6 - Anaerobic,55:30,55.5,3330,59,0.8,,False,False,"Another session targeting your aerobic development but using short anaerobic 'surges'. This time you are completing 30sec surges with a short recovery period. However, before the anaerobic effort, the power ramps up over 1min.",warmup 05:00 @ 45% FTP - 75% FTP | 01:00 @ 55% | 01:00 @ 81% | 01:00 @ 55% | 01:00 @ 95% | 01:00 @ 55% | 01:00 @ 110% | 02:00 @ 55% | ramp 01:00 @ 65% FTP - 84% FTP | 00:30 @ 165% | 07:00 @ 65% | ramp 01:00 @ 65% FTP - 84% FTP | 00:30 @ 165% | 07:00 @ 65% | ramp 01:00 @ 65% FTP - 84% FTP | 00:30 @ 165% | 07:00 @ 65% | ramp 01:00 @ 65% FTP - 84% FTP | 00:30 @ 165% | 07:00 @ 65% | ramp 01:00 @ 65% FTP - 84% FTP | 00:30 @ 165% | 02:00 @ 55% | cooldown 05:00 @ 55% FTP - 45% FTP,anaerobic-intensive-30sec-2,https://mywhooshinfo.com/workouts/workout/anaerobic-intensive-30sec-2
10499,Anaerobic Intensive 30sec #2,All training plan workouts,All training plan workouts,Z2 - Endurance,Z1 - Recovery; Z2 - Endurance; Z3 - Tempo; Z4 - Threshold; Z5 - VO2Max; Z6 - Anaerobic,55:30,55.5,3330,71,0.88,,False,False,"Today we step up the effort, but only briefly. By completing 5 x 30-second high-intensity efforts we will be tapping into our anaerobic reserves while recruiting a large number of fast-twitch fibres. With plenty of recovery between efforts, you should be hitting each interval fully recovered.","05:00 @ 50% | 01:00 @ 65% | 01:00 @ 55% | 01:00 @ 80% | 01:00 @ 55% | 01:00 @ 95% | 01:00 @ 55% | 01:00 @ 110% | 03:00 @ 50% | 5x [00:30 @ 200%, 07:00 @ 65%] | 03:00 @ 50%",anaerobic-intensive-30sec-2-g6n2,https://mywhooshinfo.com/workouts/workout/anaerobic-intensive-30sec-2-g6n2
213,Anaerobic Intensive 30sec #3,Anaerobic,Anaerobic,Z6 - Anaerobic,Z1 - Recovery; Z2 - Endurance; Z3 - Tempo; Z4 - Threshold; Z5 - VO2Max; Z6 - Anaerobic,01:04:00,64.0,3840,83,0.89,,False,False,"Today we step up the effort, but only briefly. By completing 6 x 30-second high-intensity efforts, we will be tapping into our anaerobic reserves while recruiting a large number of fast-twitch fibres. With plenty of recovery between efforts, you should be hitting each interval fully recovered.","warmup 05:00 @ 45% FTP - 75% FTP | 01:00 @ 55% | 01:00 @ 80% | 01:00 @ 55% | 01:00 @ 95% | 01:00 @ 55% | 01:00 @ 110% | 03:00 @ 50% | 6x [00:30 @ 200%, 07:00 @ 65%] | 05:00 @ 50%",anaerobic-intensive-30sec-3,https://mywhooshinfo.com/workouts/workout/anaerobic-intensive-30sec-3
10317,Anaerobic Intensive 30sec x 5,All training plan workouts,All training plan workouts,Z2 - Endurance,Z1 - Recovery; Z2 - Endurance; Z3 - Tempo; Z4 - Threshold; Z5 - VO2Max; Z6 - Anaerobic,56:30,56.5,3390,71,0.87,,False,False,"Today we step up the effort, but only briefly. By completing 5 x 30-second high-intensity efforts we will be tapping into our anaerobic reserves while recruiting a large number of fast-twitch fibres. With plenty of recovery between efforts, you should be hitting each interval fully recovered.","warmup 05:00 @ 45% FTP - 75% FTP | 01:00 @ 55% | 01:00 @ 80% | 01:00 @ 55% | 01:00 @ 95% | 01:00 @ 55% | 01:00 @ 110% | 03:00 @ 50% | 5x [00:30 @ 200%, 07:00 @ 63%] | 05:00 @ 50%",anaerobic-intensive-30sec-x-5,https://mywhooshinfo.com/workouts/workout/anaerobic-intensive-30sec-x-5
214,Anaerobic Intensive 45sec #2,Anaerobic,Anaerobic,Z6 - Anaerobic,Z1 - Recovery; Z2 - Endurance; Z3 - Tempo; Z6 - Anaerobic,01:02:30,62.5,3750,107,1.02,,False,False,"The aim today is to produce repeatable, high power intervals. With two sets of the 45-second Anaerobic Intensive intervals, note any differences in your heart rate response from the first to the second set. We complete a 20-minute tempo effort between the Anaerobic Intensive sets to build some fatigue.","warmup 10:00 @ 45% FTP - 70% FTP | 01:00 @ 55% | 5x [00:45 @ 180%, 02:00 @ 55%] | 20:00 @ 75% | 01:00 @ 55% | 5x [00:45 @ 180%, 02:00 @ 55%] | 03:00 @ 50%",anaerobic-intensive-45sec-2,https://mywhooshinfo.com/workouts/workout/anaerobic-intensive-45sec-2
10,Anaerobic Intensive x 3 #1,Anaerobic,All training plan workouts; Anaerobic; Beginner,Z3 - Tempo,Z1 - Recovery; Z2 - Endurance; Z3 - Tempo; Z6 - Anaerobic,56:20,56.3,3380,40,0.66,,False,False,"Today we step up the effort. By completing two sets of 30-second high-intensity efforts, you will be tapping into your anaerobic reserves while recruiting a large number of fast-twitch fibres. With a reduced recovery period, fatigue will build throughout the set.","05:00 @ 50% | ramp 05:00 @ 55% FTP - 75% FTP | 03:00 @ 55% | 2x [00:10 @ 150%, 02:00 @ 50%] | 04:00 @ 81% | 05:00 @ 50% | 3x [00:30 @ 120%, 02:00 @ 50%] | 10:00 @ 55% | 3x [00:30 @ 120%, 02:00 @ 50%] | 05:00 @ 55%",anaerobic-intensive-x-3-1,https://mywhooshinfo.com/workouts/workout/anaerobic-intensive-x-3-1
216,Anaerobic Intensive x 4 #1,Anaerobic,All training plan workouts; Anaerobic,Z6 - Anaerobic,Z1 - Recovery; Z2 - Endurance; Z3 - Tempo; Z6 - Anaerobic,01:01:20,61.3,3680,45,0.67,,False,False,"Today we step up the effort. By completing two sets of 30-second high-intensity efforts, you will be tapping into your anaerobic reserves while recruiting a large number of fast-twitch fibres. With a reduced recovery period, fatigue will build throughout the set.","05:00 @ 50% | ramp 05:00 @ 55% FTP - 75% FTP | 03:00 @ 55% | 2x [00:10 @ 150%, 02:00 @ 50%] | 04:00 @ 81% | 05:00 @ 50% | 4x [00:30 @ 120%, 02:00 @ 50%] | 10:00 @ 55% | 4x [00:30 @ 120%, 02:00 @ 50%] | 05:00 @ 55%",anaerobic-intensive-x-4-1,https://mywhooshinfo.com/workouts/workout/anaerobic-intensive-x-4-1
404,Anaerobic into Sweet Spot,Sweetspot,Sweetspot,Z3 - Tempo,Z1 - Recovery; Z2 - Endurance; Z3 - Tempo; Z6 - Anaerobic,01:04:00,64.0,3840,77,0.85,,False,False,"Along with challenging your fitness by going from a short Anaerobic effort into a sustained Tempo effort, this session adds to that adaptation by including a significant difference in cadence. Complete the opening low cadence Anaerobic Interval out of the seat before settling into a high cadence tempo Interval.",warmup 10:00 @ 50% FTP - 75% FTP | 01:00 @ 50% | 01:00 @ 120% | 05:00 @ 88% | 02:00 @ 66% | 01:00 @ 120% | 05:00 @ 88% | 02:00 @ 66% | 01:00 @ 120% | 05:00 @ 88% | 02:00 @ 65% | 01:00 @ 120% | 05:00 @ 88% | 02:00 @ 65% | 01:00 @ 120% | 05:00 @ 88% | 02:00 @ 65% | 01:00 @ 120% | 05:00 @ 88% | 02:00 @ 55% | cooldown 05:00 @ 65% FTP - 50% FTP,anaerobic-into-sweet-spot,https://mywhooshinfo.com/workouts/workout/anaerobic-into-sweet-spot
10219,Anaerobic into Sweet Spot,All training plan workouts,All training plan workouts,Z3 - Tempo,Z1 - Recovery; Z2 - Endurance; Z3 - Tempo; Z6 - Anaerobic,01:04:00,64.0,3840,78,0.86,,False,False,"Along with challenging your fitness by going from a short Anaerobic effort into a sustained Tempo effort, this session adds to that adaptation by including a large difference in cadence. Complete the opening low cadence Anaerobic Interval out of the seat, before settling into a high cadence tempo Interval.",warmup 10:00 @ 50% FTP - 75% FTP | 01:00 @ 50% | 01:00 @ 120% | 05:00 @ 88% | 02:00 @ 66% | 01:00 @ 120% | 05:00 @ 88% | 02:00 @ 66% | 01:00 @ 120% | 05:00 @ 88% | 02:00 @ 65% | 01:00 @ 120% | 05:00 @ 88% | 02:00 @ 65% | 01:00 @ 120% | 05:00 @ 88% | 02:00 @ 65% | 01:00 @ 120% | 05:00 @ 88% | 02:00 @ 55% | cooldown 05:00 @ 75% FTP - 50% FTP,anaerobic-into-sweet-spot-2e0z,https://mywhooshinfo.com/workouts/workout/anaerobic-into-sweet-spot-2e0z
217,Anaerobic Power Development,Anaerobic,Anaerobic,Z6 - Anaerobic,Z1 - Recovery; Z2 - Endurance; Z3 - Tempo; Z6 - Anaerobic,01:00:00,60.0,3600,72,0.85,,True,True,Developing your anaerobic power doesn't only come from sprinting. Increasing your anaerobic power 'tank' can be done in several ways. This session explores some options. They all require maximum effort and maximum suffering!,"03:00 @ 55% | 03:00 @ 65% | 03:00 @ 80% @ 75RPM | 02:00 @ 90% | 03:00 @ 55% | 2x [00:05 @ 150%, 00:55 @ 55%] | 04:00 @ 50% | 3x [00:30 @ 190%, 06:00 @ 55%] | 02:00 @ 50% | 2x [03:00 @ 125%, 06:00 @ 55%] | 00:30 @ 50%",anaerobic-power-development,https://mywhooshinfo.com/workouts/workout/anaerobic-power-development
132,Another round,Fast Fitness,Fast Fitness,Z6 - Anaerobic,Z1 - Recovery; Z2 - Endurance; Z6 - Anaerobic,31:00,31.0,1860,25,0.71,,False,False,"Short, high-intensity efforts. How many rounds will you go?","02:00 @ 50% | 01:00 @ 50% | 01:00 @ 55% | 01:00 @ 60% | 01:00 @ 65% | 01:00 @ 70% | 02:00 @ 55% | 3x [00:45 @ 121%, 05:00 @ 55%] | 00:45 @ 120% | 04:00 @ 50%",another-round,https://mywhooshinfo.com/workouts/workout/another-round
10983,Base Miles,All training plan workouts,All training plan workouts,Z2 - Endurance,Z1 - Recovery; Z2 - Endurance; Z3 - Tempo,42:00,42.0,2520,30,0.66,,True,False,"Low intensity Base Miles are a great way to build fitness. The effort is low enough that sessions of moderate duration can be completed frequently. To improve your response to this type of training we also focus on your cadence. Today we are performing a long, steady base ride with varying cadence to improve your training response.","warmup 05:00 @ 40% FTP - 70% FTP | 01:00 @ 50% | 3x [05:00 @ 62%, 05:00 @ 75%] | 01:00 @ 50% | cooldown 05:00 @ 66% FTP - 40% FTP",base-miles,https://mywhooshinfo.com/workouts/workout/base-miles
72,Base Miles #1,Under 35 min,Under 35 min,Z2 - Endurance,Z1 - Recovery; Z2 - Endurance,33:00,33.0,1980,25,0.68,,False,True,Low-intensity Base Miles is a great way to build fitness. The effort is low enough that sessions of moderate duration can be completed frequently.,"warmup 05:00 @ 40% FTP - 70% FTP | 01:00 @ 50% | 03:00 @ 62% @ 85RPM | 2x [05:00 @ 75%, 03:00 @ 62%] | 05:00 @ 75% @ 95RPM | cooldown 03:00 @ 66% FTP - 40% FTP",base-miles-1-eh1k,https://mywhooshinfo.com/workouts/workout/base-miles-1-eh1k
11,Base Miles #1,Beginner,All training plan workouts; Beginner; Endurance,Z2 - Endurance,Z1 - Recovery; Z2 - Endurance; Z3 - Tempo,42:00,42.0,2520,30,0.66,Si Bradeley,True,False,"Low-intensity Base Miles is a great way to build fitness. The effort is low enough that we can complete moderate duration frequently. To improve your response to this type of training, we also focus on your cadence. Today, we perform a long, steady base ride with varying cadence to improve your training response.","warmup 05:00 @ 40% FTP - 70% FTP | 01:00 @ 50% | 3x [05:00 @ 62%, 05:00 @ 75%] | 01:00 @ 50% | cooldown 05:00 @ 66% FTP - 40% FTP",base-miles-1,https://mywhooshinfo.com/workouts/workout/base-miles-1
12,Base Miles #2,Beginner,All training plan workouts; Beginner; Endurance,Z2 - Endurance,Z1 - Recovery; Z2 - Endurance,44:35,44.6,2675,32,0.66,,True,True,It is essential to allow for recovery between higher intensity sessions while still maintaining your training volume. Base training (or Zone 2) allows you to work on your aerobic fitness while still enabling you to recover for the next higher intensity session.,warmup 05:00 @ 40% FTP - 75% FTP | 01:00 @ 50% | ramp 10:00 @ 64% FTP - 71% FTP @ 90RPM | ramp 05:00 @ 71% FTP - 62% FTP @ 85RPM | ramp 05:00 @ 62% FTP - 71% FTP @ 90RPM | 05:00 @ 74% @ 95RPM | ramp 07:00 @ 71% FTP - 64% FTP @ 90RPM | cooldown 06:35 @ 64% FTP - 50% FTP,base-miles-2,https://mywhooshinfo.com/workouts/workout/base-miles-2
13,Base Miles #3,Beginner,All training plan workouts; Beginner; Endurance,Z2 - Endurance,Z1 - Recovery; Z2 - Endurance; Z3 - Tempo,43:50,43.8,2630,34,0.68,,True,False,"Continuing our focus on building base fitness, in today's session, we are again aiming to build aerobic power and efficiency by riding within Zone 2 for an extended period. During the session, we also focus on pedalling mechanics by completing a variety of cadence drills.",warmup 05:00 @ 42% FTP - 70% FTP | 05:00 @ 65% | ramp 02:00 @ 65% FTP - 73% FTP | 05:00 @ 73% | ramp 02:00 @ 73% FTP - 68% FTP | 01:50 @ 65% | 03:00 @ 65% | ramp 05:00 @ 66% FTP - 75% FTP | 10:00 @ 73% | cooldown 05:00 @ 75% FTP - 41% FTP,base-miles-3,https://mywhooshinfo.com/workouts/workout/base-miles-3
133,Before too long,Fast Fitness,Fast Fitness,Z2 - Endurance,Z1 - Recovery; Z2 - Endurance; Z3 - Tempo; Z6 - Anaerobic,25:15,25.2,1515,27,0.81,,False,False,Complete 2 sets of 30 second efforts before performing a solid Sweetspot effort.,"warmup 03:00 @ 45% FTP - 75% FTP | 00:30 @ 65% | 4x [00:30 @ 89%, 00:30 @ 65%] | 00:30 @ 89% | 03:00 @ 55% | 5x [00:30 @ 125%, 00:15 @ 65%] | 00:30 @ 125% | 03:00 @ 55% | ramp 04:00 @ 85% FTP - 85% FTP | 03:00 @ 50%",before-too-long,https://mywhooshinfo.com/workouts/workout/before-too-long
182,Best 20 Second Sprint!,Sprint,Sprint; Testing,Z2 - Endurance,Free Ride; Z1 - Recovery; Z2 - Endurance; Z3 - Tempo; Z4 - Threshold; Z5 - VO2Max,58:20,58.3,3500,43,0.67,,True,False,"To accurately assess your strengths and weaknesses, we sometimes need to complete maximal efforts across various durations. Today's session is all about producing your best 20-second power. Before completing this maximal effort, the session includes a range of intervals that will allow you to get a feel for your target 20-second maximal power.","warmup 05:00 @ 45% FTP - 75% FTP | 5x [00:30 @ 85%, 00:30 @ 60%] | 01:00 @ 50% | 03:00 @ 85% | 01:00 @ 50% | 01:00 @ 102% | 02:00 @ 50% | 4x [00:15 @ 115%, 00:45 @ 63%] | 06:00 @ 50% | 3x [00:30 @ 107%, 03:00 @ 63%] | 06:00 @ 50% | 00:25 @ Free ride | 01:00 @ 50% | 03:00 @ 63% | 02:00 @ 50% | 00:25 @ Free ride | 01:00 @ 50% | cooldown 06:00 @ 63% FTP - 45% FTP",best-20-second-sprint,https://mywhooshinfo.com/workouts/workout/best-20-second-sprint
134,Best of you,Fast Fitness,Fast Fitness,Z3 - Tempo,Z1 - Recovery; Z2 - Endurance; Z3 - Tempo; Z5 - VO2Max; Z6 - Anaerobic,35:30,35.5,2130,40,0.83,,False,False,"In this session, we challenge your fitness by going from a short, hard effort into a long sustained effort.",03:00 @ 50% | 00:30 @ 120% | 03:00 @ 75% | 01:00 @ 55% | 01:00 @ 110% | 02:00 @ 88% | 02:00 @ 55% | 01:00 @ 110% | 03:00 @ 88% | 02:00 @ 55% | 01:00 @ 110% | 04:00 @ 88% | 02:00 @ 55% | 01:00 @ 110% | 05:00 @ 88% | 04:00 @ 55%,best-of-you,https://mywhooshinfo.com/workouts/workout/best-of-you
10563,Cadence Changers,All training plan workouts,All training plan workouts,Z2 - Endurance,Z1 - Recovery; Z2 - Endurance,42:00,42.0,2520,28,0.64,Si Bradeley,True,False,"This session will help improve your pedalling efficiency and increase your cardiovascular capacity. The majority of the workout should be carried out at Zone 2 - roughly the power you would maintain on a steady road ride. Not too hard, not too easy. Carry out 3 x 8 minute blocks with 3 mins recovery. Each 8 minute block should follow: 1 minute at 90 rpm, followed by 1 minute at 120 rpm, repeated for the duration of the interval.",warmup 07:00 @ 40% FTP - 60% FTP | 01:00 @ 70% | 01:00 @ 70% | 01:00 @ 70% | 01:00 @ 70% | 01:00 @ 70% | 01:00 @ 70% | 01:00 @ 70% | 01:00 @ 70% | 03:00 @ 50% | 01:00 @ 70% | 01:00 @ 70% | 01:00 @ 70% | 01:00 @ 70% | 01:00 @ 70% | 01:00 @ 70% | 01:00 @ 70% | 01:00 @ 70% | 03:00 @ 50% | 01:00 @ 70% | 01:00 @ 70% | 01:00 @ 70% | 01:00 @ 70% | 01:00 @ 70% | 01:00 @ 70% | 01:00 @ 70% | 01:00 @ 70% | 05:00 @ 55%,cadence-changers,https://mywhooshinfo.com/workouts/workout/cadence-changers
11158,Cadence Changers,All training plan workouts,All training plan workouts,Z2 - Endurance,Z1 - Recovery; Z2 - Endurance,46:00,46.0,2760,33,0.66,Si Bradeley,True,False,"This session will help improve your pedalling efficiency and increase your cardiovascular capacity. Most of the workout should be carried out at Zone 2 - roughly the power you would maintain on a steady gravel ride. Not too hard, not too easy. As part of the Gravel Program, we must develop your aerobic pathways, a key component to success in gravel events. Carry out 3 x 10-minute blocks with 3 mins recovery. Each 8-minute block should follow: 1 minute at 90 rpm, followed by 1 minute at 120 rpm, repeated for the interval duration.","warmup 05:00 @ 40% FTP - 60% FTP | 5x [01:00 @ 70%, 01:00 @ 70%] | 03:00 @ 50% | 5x [01:00 @ 70%, 01:00 @ 70%] | 03:00 @ 50% | 5x [01:00 @ 70%, 01:00 @ 70%] | 05:00 @ 55%",cadence-changers-4oku,https://mywhooshinfo.com/workouts/workout/cadence-changers-4oku
274,Cadence Changers #1,Endurance,All training plan workouts; Endurance,Z2 - Endurance,Z1 - Recovery; Z2 - Endurance,42:00,42.0,2520,28,0.64,Si Bradeley,True,True,"This session will help improve your pedalling efficiency and increase your cardiovascular capacity. Most of the workout should be carried out at Zone 2 - roughly the power you would maintain on a steady road ride. Not too hard, not too easy. Carry out 3 x 8-minute blocks with 3 mins recovery. Each 8-minute block should follow 1 minute at 90 rpm, followed by 1 minute at 120 rpm, repeated for the duration of the interval. This workout is also available as Video workout by a MyWhoosh coach Si Bradeley",warmup 07:00 @ 40% FTP - 60% FTP | 01:00 @ 70% @ 90RPM | 01:00 @ 70% @ 120RPM | 01:00 @ 70% @ 90RPM | 01:00 @ 70% @ 120RPM | 01:00 @ 70% @ 90RPM | 01:00 @ 70% @ 120RPM | 01:00 @ 70% @ 90RPM | 01:00 @ 70% @ 120RPM | 03:00 @ 50% | 01:00 @ 70% @ 90RPM | 01:00 @ 70% @ 120RPM | 01:00 @ 70% @ 90RPM | 01:00 @ 70% @ 120RPM | 01:00 @ 70% @ 90RPM | 01:00 @ 70% @ 120RPM | 01:00 @ 70% @ 90RPM | 01:00 @ 70% @ 120RPM | 03:00 @ 50% | 01:00 @ 70% @ 90RPM | 01:00 @ 70% @ 120RPM | 01:00 @ 70% @ 90RPM | 01:00 @ 70% @ 120RPM | 01:00 @ 70% @ 90RPM | 01:00 @ 70% @ 120RPM | 01:00 @ 70% @ 90RPM | 01:00 @ 70% @ 120RPM | 05:00 @ 55%,cadence-changers-1,https://mywhooshinfo.com/workouts/workout/cadence-changers-1
275,Cadence Changers #2,Endurance,All training plan workouts; Endurance,Z2 - Endurance,Z1 - Recovery; Z2 - Endurance,48:00,48.0,2880,33,0.65,Si Bradeley,True,True,"This session will help improve your pedalling efficiency and increase your cardiovascular capacity. Most of the workout should be carried out at Zone 2 - roughly the power you would maintain on a steady road ride. Not too hard, not too easy. Carry out 3 x 10-minute blocks with 3 mins recovery. Each 10-minute block should follow 1 minute at 90 rpm, followed by 1 minute at 120 rpm, repeated for the duration of the interval.",warmup 07:00 @ 40% FTP - 60% FTP | 01:00 @ 70% @ 90RPM | 01:00 @ 70% @ 120RPM | 01:00 @ 70% @ 90RPM | 01:00 @ 70% @ 120RPM | 01:00 @ 70% @ 90RPM | 01:00 @ 70% @ 120RPM | 01:00 @ 70% @ 90RPM | 01:00 @ 70% @ 120RPM | 01:00 @ 70% @ 90RPM | 01:00 @ 70% @ 120RPM | 03:00 @ 50% | 01:00 @ 70% @ 90RPM | 01:00 @ 70% @ 120RPM | 01:00 @ 70% @ 90RPM | 01:00 @ 70% @ 120RPM | 01:00 @ 70% @ 90RPM | 01:00 @ 70% @ 120RPM | 01:00 @ 70% @ 90RPM | 01:00 @ 70% @ 120RPM | 01:00 @ 70% @ 90RPM | 01:00 @ 70% @ 120RPM | 03:00 @ 50% | 01:00 @ 70% @ 90RPM | 01:00 @ 70% @ 120RPM | 01:00 @ 70% @ 90RPM | 01:00 @ 70% @ 120RPM | 01:00 @ 70% @ 90RPM | 01:00 @ 70% @ 120RPM | 01:00 @ 70% @ 90RPM | 01:00 @ 70% @ 120RPM | 01:00 @ 70% @ 90RPM | 01:00 @ 70% @ 120RPM | 05:00 @ 55%,cadence-changers-2,https://mywhooshinfo.com/workouts/workout/cadence-changers-2
10857,Cadence Changers 2,All training plan workouts,All training plan workouts,Z2 - Endurance,Z1 - Recovery; Z2 - Endurance,48:00,48.0,2880,33,0.65,Si Bradeley,True,False,Progressive overload is imperative to success. Always look to make small steps in order to improve. Today we increase the duration of the intervals. Carry out 3 x 10 minute blocks with 3 mins recovery. Always focus on your form throughout the intervals. Strong and stable upper body. Let the legs do the work.,"warmup 07:00 @ 40% FTP - 60% FTP | 5x [01:00 @ 70%, 01:00 @ 70%] | 03:00 @ 50% | 5x [01:00 @ 70%, 01:00 @ 70%] | 03:00 @ 50% | 5x [01:00 @ 70%, 01:00 @ 70%] | 05:00 @ 55%",cadence-changers-2-1tpj,https://mywhooshinfo.com/workouts/workout/cadence-changers-2-1tpj
273,Cadence Changers With Sprints,Endurance,All training plan workouts; Endurance; Sprint,Z2 - Endurance,Z1 - Recovery; Z2 - Endurance; Z6 - Anaerobic,42:51,42.9,2571,36,0.71,,True,False,"This session will help improve your pedalling efficiency and increase your cardiovascular capacity. We are developing the sessions of previous weeks. We will include a max power sprint at the start and end of each block. The Sprint at the beginning should be completed at around 80 per cent of your maximum power. The final Sprint should be maximal effort! Carry out 3 x 8-minute blocks with 3 mins recovery. Each 8-minute block should follow 1 minute at 90 rpm, followed by 1 minute at 120 rpm, repeated for the duration of the interval.","warmup 07:00 @ 40% FTP - 60% FTP | 00:07 @ 170% | 4x [01:00 @ 70%, 01:00 @ 70%] | 00:10 @ 250% | 03:00 @ 50% | 00:07 @ 170% | 4x [01:00 @ 70%, 01:00 @ 70%] | 00:10 @ 250% | 03:00 @ 50% | 00:07 @ 170% | 4x [01:00 @ 70%, 01:00 @ 70%] | 00:10 @ 250% | 05:00 @ 55%",cadence-changers-with-sprints,https://mywhooshinfo.com/workouts/workout/cadence-changers-with-sprints
135,Can't carry on,Fast Fitness,Fast Fitness,Z3 - Tempo,Z1 - Recovery; Z2 - Endurance; Z3 - Tempo; Z6 - Anaerobic,35:18,35.3,2118,37,0.79,,True,True,"This session takes you through steady-state intervals, with short, high torque efforts throughout.","03:00 @ 55% | 03:00 @ 65% | 02:00 @ 80% @ 75RPM | 02:00 @ 90% | 03:00 @ 55% | 02:30 @ 86% @ 90RPM | 2x [00:13 @ 120%, 02:30 @ 86%] | 00:13 @ 120% @ 50RPM | 03:00 @ 55% | 02:30 @ 86% @ 90RPM | 2x [00:13 @ 120%, 02:30 @ 86%] | 00:13 @ 120% @ 50RPM | 03:00 @ 55%",can-t-carry-on,https://mywhooshinfo.com/workouts/workout/can-t-carry-on
73,Capacity into Sweetspot #1,Under 35 min,Under 35 min,Z3 - Tempo,Z1 - Recovery; Z2 - Endurance; Z3 - Tempo; Z4 - Threshold; Z5 - VO2Max; Z6 - Anaerobic,33:00,33.0,1980,34,0.79,Tim Don,False,False,"Quite often, racing involves periods of short, high-intensity efforts, followed by a period of Tempo riding. Today we look to replicate what it takes to break away from the group and maintain that advantage.","warmup 05:00 @ 45% FTP - 75% FTP | 01:00 @ 55% | 01:00 @ 81% | 01:00 @ 55% | 01:00 @ 95% | 01:00 @ 55% | 01:00 @ 109% | 01:00 @ 55% | 2x [00:10 @ 150%, 00:50 @ 55%] | 08:00 @ 75% | 2x [01:00 @ 125%, 01:00 @ 65%] | 03:00 @ 81% | cooldown 04:00 @ 70% FTP - 45% FTP",capacity-into-sweetspot-1,https://mywhooshinfo.com/workouts/workout/capacity-into-sweetspot-1
74,Capacity into Sweetspot #2,Under 35 min,Under 35 min,Z3 - Tempo,Z1 - Recovery; Z2 - Endurance; Z3 - Tempo; Z4 - Threshold; Z5 - VO2Max; Z6 - Anaerobic,35:00,35.0,2100,37,0.8,,False,False,"Quite often, racing involves periods of short, high-intensity efforts, followed by a period of Tempo riding. Today we look to replicate what it takes to break away from the group and maintain that advantage.","warmup 04:00 @ 45% FTP - 75% FTP | 01:00 @ 55% | 01:00 @ 81% | 01:00 @ 55% | 01:00 @ 95% | 01:00 @ 55% | 01:00 @ 109% | 01:00 @ 55% | 07:00 @ 75% | 02:00 @ 55% | 3x [01:00 @ 125%, 01:00 @ 65%] | 03:00 @ 81% | 02:00 @ 55% | cooldown 04:00 @ 70% FTP - 45% FTP",capacity-into-sweetspot-2,https://mywhooshinfo.com/workouts/workout/capacity-into-sweetspot-2
218,Capacity Pyramid #1,Anaerobic,All training plan workouts; Anaerobic,Z6 - Anaerobic,Z1 - Recovery; Z2 - Endurance; Z3 - Tempo; Z5 - VO2Max,01:10:00,70.0,4200,83,0.85,,True,True,"We are developing from the solid foundation you have created. Think of this session as a progressive pushing workout. Working up the pyramid is not too difficult; it is the return leg when it starts to bite! This is pushing your threshold up. The main intervals are 7 x 5 minutes with 3 minutes of easy spinning between efforts, starting just above threshold then settling into high Zone 3 comfortably hard, but hardly comfortable! Hang in and try and keep the power where it needs to be.",03:00 @ 55% | 03:00 @ 70% @ 85RPM | 03:00 @ 85% @ 70RPM | 03:00 @ 55% | 01:00 @ 108% | 04:00 @ 87% | 03:00 @ 50% | 02:00 @ 108% | 03:00 @ 87% | 03:00 @ 50% | 03:00 @ 108% | 02:00 @ 87% | 03:00 @ 50% | 04:00 @ 108% | 01:00 @ 87% | 03:00 @ 50% | 03:00 @ 108% | 02:00 @ 87% | 03:00 @ 50% | 02:00 @ 108% | 03:00 @ 87% | 03:00 @ 50% | 01:00 @ 108% | 04:00 @ 87% | 05:00 @ 50%,capacity-pyramid-1,https://mywhooshinfo.com/workouts/workout/capacity-pyramid-1
219,Capacity Pyramid #2,Anaerobic,Anaerobic,Z6 - Anaerobic,Z1 - Recovery; Z2 - Endurance; Z3 - Tempo; Z5 - VO2Max,01:10:00,70.0,4200,85,0.86,,True,True,"We are developing from the solid foundation you have created. Think of this session as a progressive pushing workout. Working up the pyramid is not too difficult; it is the return leg when it starts to bite! This is pushing your threshold up. The main intervals are 7 x 5 minutes with 3 minutes of easy spinning between efforts, starting just above threshold then settling into high Zone 3 comfortably hard, but hardly comfortable! Hang in and try and keep the power where it needs to be.",03:00 @ 55% | 03:00 @ 70% @ 85RPM | 03:00 @ 85% @ 70RPM | 03:00 @ 55% | 01:00 @ 110% | 04:00 @ 87% | 03:00 @ 50% | 02:00 @ 110% | 03:00 @ 87% | 03:00 @ 50% | 03:00 @ 110% | 02:00 @ 87% | 03:00 @ 50% | 04:00 @ 110% | 01:00 @ 87% | 03:00 @ 50% | 03:00 @ 110% | 02:00 @ 87% | 03:00 @ 50% | 02:00 @ 110% | 03:00 @ 87% | 03:00 @ 50% | 01:00 @ 110% | 04:00 @ 87% | 05:00 @ 50%,capacity-pyramid-2,https://mywhooshinfo.com/workouts/workout/capacity-pyramid-2
220,Capacity Pyramid #3,Anaerobic,Anaerobic,Z6 - Anaerobic,Z1 - Recovery; Z2 - Endurance; Z3 - Tempo; Z5 - VO2Max,01:10:00,70.0,4200,90,0.88,,True,True,"We are developing from the solid foundation you have created. Think of this session as a progressive pushing workout. Working up the pyramid is not too difficult; it is the return leg when it starts to bite! This is pushing your threshold up. The main intervals are 7 x 5 minutes with 3 minutes of easy spinning between efforts, starting just above threshold then settling into high Zone 3 comfortably hard, but hardly comfortable! Hang in and try and keep the power where it needs to be.",03:00 @ 55% | 03:00 @ 70% @ 85RPM | 03:00 @ 85% @ 70RPM | 03:00 @ 55% | 01:00 @ 115% | 04:00 @ 87% | 03:00 @ 50% | 02:00 @ 115% | 03:00 @ 87% | 03:00 @ 50% | 03:00 @ 115% | 02:00 @ 87% | 03:00 @ 50% | 04:00 @ 115% | 01:00 @ 87% | 03:00 @ 50% | 03:00 @ 115% | 02:00 @ 87% | 03:00 @ 50% | 02:00 @ 115% | 03:00 @ 87% | 03:00 @ 50% | 01:00 @ 115% | 04:00 @ 87% | 05:00 @ 50%,capacity-pyramid-3,https://mywhooshinfo.com/workouts/workout/capacity-pyramid-3
10625,Capacity Pyramid 1,All training plan workouts,All training plan workouts,Z3 - Tempo,Z1 - Recovery; Z2 - Endurance; Z3 - Tempo; Z5 - VO2Max,01:10:00,70.0,4200,83,0.85,,True,False,"Developing from the solid foundation you have created. Think of this session as a progressive pushing workout. The main intervals are 7 x 5 minutes with 3 minutes easy spinning between efforts, starting just above threshold then settling into high Zone 3...comfortably hard, but hardly comfortable. This is pushing your threshold up. Working up the pyramid is not too difficult, it is the return-leg when it starts to bite! Hang in and try and keep the power where it needs to be.",03:00 @ 55% | 03:00 @ 70% | 03:00 @ 85% | 03:00 @ 55% | 01:00 @ 108% | 04:00 @ 87% | 03:00 @ 50% | 02:00 @ 108% | 03:00 @ 87% | 03:00 @ 50% | 03:00 @ 108% | 02:00 @ 87% | 03:00 @ 50% | 04:00 @ 108% | 01:00 @ 87% | 03:00 @ 50% | 03:00 @ 108% | 02:00 @ 87% | 03:00 @ 50% | 02:00 @ 108% | 03:00 @ 87% | 03:00 @ 50% | 01:00 @ 108% | 04:00 @ 87% | 05:00 @ 50%,capacity-pyramid-1-faiu,https://mywhooshinfo.com/workouts/workout/capacity-pyramid-1-faiu
10632,Capacity Pyramid 2,All training plan workouts,All training plan workouts,Z3 - Tempo,Z1 - Recovery; Z2 - Endurance; Z3 - Tempo; Z5 - VO2Max,01:10:00,70.0,4200,85,0.86,,True,False,"Developing from the solid foundation you have created. Think of this session as a progressive pushing workout. The main intervals are 7 x 5 minutes with 3 minutes easy spinning between efforts, starting just above threshold then settling into high Zone 3...comfortably hard, but hardly comfortable. This is pushing your threshold up. Working up the pyramid is not too difficult, it is the return-leg when it starts to bite! Hang in and try and keep the power where it needs to be.",03:00 @ 55% | 03:00 @ 70% | 03:00 @ 85% | 03:00 @ 55% | 01:00 @ 110% | 04:00 @ 87% | 03:00 @ 50% | 02:00 @ 110% | 03:00 @ 87% | 03:00 @ 50% | 03:00 @ 110% | 02:00 @ 87% | 03:00 @ 50% | 04:00 @ 110% | 01:00 @ 87% | 03:00 @ 50% | 03:00 @ 110% | 02:00 @ 87% | 03:00 @ 50% | 02:00 @ 110% | 03:00 @ 87% | 03:00 @ 50% | 01:00 @ 110% | 04:00 @ 87% | 05:00 @ 50%,capacity-pyramid-2-35jv,https://mywhooshinfo.com/workouts/workout/capacity-pyramid-2-35jv
10639,Capacity Pyramid 3,All training plan workouts,All training plan workouts,Z3 - Tempo,Z1 - Recovery; Z2 - Endurance; Z3 - Tempo; Z5 - VO2Max,01:10:00,70.0,4200,90,0.88,,True,False,"Developing from the solid foundation you have created. Think of this session as a progressive pushing workout. The main intervals are 7 x 5 minutes with 3 minutes easy spinning between efforts, starting just above threshold then settling into high Zone 3...comfortably hard, but hardly comfortable. This is pushing your threshold up. Working up the pyramid is not too difficult, it is the return-leg when it starts to bite! Hang in and try and keep the power where it needs to be.",03:00 @ 55% | 03:00 @ 70% | 03:00 @ 85% | 03:00 @ 55% | 01:00 @ 115% | 04:00 @ 87% | 03:00 @ 50% | 02:00 @ 115% | 03:00 @ 87% | 03:00 @ 50% | 03:00 @ 115% | 02:00 @ 87% | 03:00 @ 50% | 04:00 @ 115% | 01:00 @ 87% | 03:00 @ 50% | 03:00 @ 115% | 02:00 @ 87% | 03:00 @ 50% | 02:00 @ 115% | 03:00 @ 87% | 03:00 @ 50% | 01:00 @ 115% | 04:00 @ 87% | 05:00 @ 50%,capacity-pyramid-3-jzkz,https://mywhooshinfo.com/workouts/workout/capacity-pyramid-3-jzkz
353,Champs-Elysees,Sprint,All training plan workouts; Sprint,Z6 - Anaerobic,Z1 - Recovery; Z2 - Endurance; Z3 - Tempo; Z4 - Threshold; Z6 - Anaerobic,01:00:00,60.0,3600,74,0.86,,True,True,"Perhaps the most famous road for any sprinter, the Champs-Elysees, indeed the most coveted victory you could have as a sprinter. Winning the final stage of the Tour de France, in Paris, on this famous 1.9Km section of the cobbled avenue. As we head into the preparation phase of this Sprint Focussed Programme, we simulate the final stage of the Tour de France with a series of strenuous efforts, culminating in a sprint for the win!",04:00 @ 50% | 03:00 @ 65% | 03:00 @ 84% @ 75RPM | 02:00 @ 100% | 03:00 @ 50% | 00:10 @ 200% | 00:50 @ 50% | 00:10 @ 200% | 00:50 @ 50% | 02:00 @ 50% | 05:00 @ 95% | 03:00 @ 120% | 03:00 @ 50% | 04:00 @ 95% | 02:00 @ 120% | 00:10 @ 170% | 05:00 @ 55% | 00:10 @ 200% | 02:00 @ 60% | 00:10 @ 170% | 03:00 @ 60% | 02:00 @ 85% | 00:30 @ 150% | 02:00 @ 91% | 02:00 @ 95% | 00:10 @ 105% | 00:10 @ 210% | 06:40 @ 50%,champs-elysees,https://mywhooshinfo.com/workouts/workout/champs-elysees
341,Climbing - Free ride.,Endurance,All training plan workouts; Endurance,Z2 - Endurance,Free Ride,02:00:00,120.0,7200,0,0,,False,False,"Today is about endurance and climbing, aiming to climb as many meters as your available time allows you. MyWhoosh provides us with the perfect playground to experience long climbs. Try to make today your longest ride for the week. It doesn't have to be full of high-intensity climbing. Go of your sensations and ride as you feel. There is a range of hilly loops available. Choose the course suited to your climbing aims and the time available. Enjoy your ride!",02:00:00 @ Free ride,climbing-free-ride,https://mywhooshinfo.com/workouts/workout/climbing-free-ride
11280,Climbing - Free ride. + Swim,All training plan workouts,All training plan workouts,Free Ride,Free Ride,02:00:00,120.0,7200,0,0,,False,False,"Today is about endurance and climbing. Whoosh provides us with the perfect playground to experience long climbs. The aim today is to climb as many meters as your available time allows you. Try to make today your longest ride for the week. It doesn't have to be full of high-intensity climbing. Go of your own sensations and ride as you feel. There are a range of hilly loops available. Choose the course suited to your climbing aims and time available. Enjoy your ride! For your swim session, complete 750 meters total, incorporating one set of 300 meters at a steady effort.",02:00:00 @ Free ride,climbing-free-ride-swim,https://mywhooshinfo.com/workouts/workout/climbing-free-ride-swim
580,Climbing Fartlek #1,Threshold,Threshold,Z4 - Threshold,Z1 - Recovery; Z2 - Endurance; Z3 - Tempo; Z4 - Threshold,51:00,51.0,3060,60,0.85,,True,True,"A classic 'over/under' session, working above and below your FTP. Developing from the very first weeks of the Climbing Focussed Plan, where we were alternating cadences, then into steady threshold efforts. This is a great session to bring on your climbing abilities. In this session, you will need to call on these elements to complete the workout effectively.","04:00 @ 55% | 03:00 @ 65% | 02:00 @ 80% @ 75RPM | 02:00 @ 90% | 03:00 @ 55% | 3x [02:00 @ 89%, 01:00 @ 104%] | 03:00 @ 55% | 3x [02:00 @ 89%, 01:00 @ 105%] | 03:00 @ 55% | 3x [02:00 @ 89%, 01:00 @ 105%] | 04:00 @ 55%",climbing-fartlek-1,https://mywhooshinfo.com/workouts/workout/climbing-fartlek-1
581,Climbing Fartlek #2,Threshold,Threshold,Z4 - Threshold,Z1 - Recovery; Z2 - Endurance; Z3 - Tempo; Z4 - Threshold,01:00:00,60.0,3600,74,0.86,,True,True,"A classic 'over/under' session, working above and below your FTP. Building on last week's intervals, we increased the duration this week. This is a great session to bring on your climbing abilities. Developing from the very first weeks of the Climbing Focussed Plan, where we were alternating cadences, then into steady threshold efforts. In this session, you will need to call on these elements to complete the workout effectively.","04:00 @ 55% | 03:00 @ 65% | 02:00 @ 80% @ 75RPM | 02:00 @ 90% | 03:00 @ 55% | 4x [02:00 @ 89%, 01:00 @ 104%] | 03:00 @ 55% | 4x [02:00 @ 89%, 01:00 @ 105%] | 03:00 @ 55% | 4x [02:00 @ 89%, 01:00 @ 104%] | 04:00 @ 55%",climbing-fartlek-2,https://mywhooshinfo.com/workouts/workout/climbing-fartlek-2
582,Climbing Fartlek #3,Threshold,Threshold,Z4 - Threshold,Z1 - Recovery; Z2 - Endurance; Z3 - Tempo; Z6 - Anaerobic,54:00,54.0,3240,69,0.88,,True,True,"A classic 'over/under' session, working above and below your FTP. Building on last week's intervals, we reduce the duration of the 'Over' element but spike the power! This is a great session to bring on your climbing abilities. Developing from the very first weeks of the Climbing Focussed Plan, where we were alternating cadences, then into steady threshold efforts. In this session, you will need to call on these elements to complete the workout effectively.","04:00 @ 55% | 03:00 @ 65% | 02:00 @ 80% @ 75RPM | 02:00 @ 90% | 03:00 @ 55% | 4x [02:00 @ 89%, 00:30 @ 125%] | 03:00 @ 55% | 4x [02:00 @ 89%, 00:30 @ 125%] | 03:00 @ 55% | 4x [02:00 @ 89%, 00:30 @ 125%] | 04:00 @ 55%",climbing-fartlek-3,https://mywhooshinfo.com/workouts/workout/climbing-fartlek-3
10646,Climbing Fartlek Efforts,All training plan workouts,All training plan workouts,Z3 - Tempo,Z1 - Recovery; Z2 - Endurance; Z3 - Tempo; Z4 - Threshold,51:00,51.0,3060,60,0.85,,True,False,"A classic 'over/under' session, working above and below your FTP. This is a great session to bring on your climbing abilities. Developing from the very first weeks of the Climbing Focussed Plan, where we were alternating cadences, then into steady threshold efforts. In this session, you will need to call on all of these elements to complete the workout effectively.","04:00 @ 55% | 03:00 @ 65% | 02:00 @ 80% | 02:00 @ 90% | 03:00 @ 55% | 3x [02:00 @ 89%, 01:00 @ 104%] | 03:00 @ 55% | 3x [02:00 @ 89%, 01:00 @ 105%] | 03:00 @ 55% | 3x [02:00 @ 89%, 01:00 @ 105%] | 04:00 @ 55%",climbing-fartlek-efforts,https://mywhooshinfo.com/workouts/workout/climbing-fartlek-efforts
10653,Climbing Fartlek Efforts 2,All training plan workouts,All training plan workouts,Z3 - Tempo,Z1 - Recovery; Z2 - Endurance; Z3 - Tempo; Z4 - Threshold,01:00:00,60.0,3600,74,0.86,,True,False,"A classic 'over/under' session, working above and below your FTP. Building on last weeks intervals, we increase the duration this week. This is a great session to bring on your climbing abilities. Developing from the very first weeks of the Climbing Focussed Plan, where we were alternating cadences, then into steady threshold efforts. In this session, you will need to call on all of these elements to complete the workout effectively.","04:00 @ 55% | 03:00 @ 65% | 02:00 @ 80% | 02:00 @ 90% | 03:00 @ 55% | 4x [02:00 @ 89%, 01:00 @ 104%] | 03:00 @ 55% | 4x [02:00 @ 89%, 01:00 @ 105%] | 03:00 @ 55% | 4x [02:00 @ 89%, 01:00 @ 104%] | 04:00 @ 55%",climbing-fartlek-efforts-2,https://mywhooshinfo.com/workouts/workout/climbing-fartlek-efforts-2
10667,Climbing Fartlek Efforts 3,All training plan workouts,All training plan workouts,Z3 - Tempo,Z1 - Recovery; Z2 - Endurance; Z3 - Tempo; Z6 - Anaerobic,54:00,54.0,3240,69,0.88,,True,False,"A classic 'over/under' session, working above and below your FTP. Building on last weeks intervals, we reduce the duration of the 'Over' element, but spike the power! This is a great session to bring on your climbing abilities. Developing from the very first weeks of the Climbing Focussed Plan, where we were alternating cadences, then into steady threshold efforts. In this session, you will need to call on all of these elements to complete the workout effectively.","04:00 @ 55% | 03:00 @ 65% | 02:00 @ 80% | 02:00 @ 90% | 03:00 @ 55% | 4x [02:00 @ 89%, 00:30 @ 125%] | 03:00 @ 55% | 4x [02:00 @ 89%, 00:30 @ 125%] | 03:00 @ 55% | 4x [02:00 @ 89%, 00:30 @ 125%] | 04:00 @ 55%",climbing-fartlek-efforts-3,https://mywhooshinfo.com/workouts/workout/climbing-fartlek-efforts-3
354,Climbing into sprints,Sprint,Sprint,Z6 - Anaerobic,Z1 - Recovery; Z2 - Endurance; Z3 - Tempo; Z6 - Anaerobic,53:00,53.0,3180,55,0.79,,True,True,"Today we are sprinting for the King of the Mountain points! By riding with a lower cadence during the tempo effort, we can replicate climbing demands. Position yourself on the bike as you would on a long climb. The Tempo interval finishes with 2 x 15-second near-maximal sprints over the top of the climb. This workout is also available as Video workout by a MyWhoosh coach Lisa Hermansson","warmup 05:00 @ 50% FTP - 75% FTP | 5x [00:30 @ 65%, 00:30 @ 80%] | 03:00 @ 55% | 05:00 @ 81% @ 75RPM | 2x [00:15 @ 200%, 01:45 @ 65%] | 03:00 @ 56% | 05:00 @ 81% @ 75RPM | 2x [00:15 @ 200%, 01:45 @ 65%] | 03:00 @ 55% | 05:00 @ 81% @ 75RPM | 2x [00:15 @ 200%, 01:45 @ 65%] | cooldown 07:00 @ 65% FTP - 50% FTP",climbing-into-sprints,https://mywhooshinfo.com/workouts/workout/climbing-into-sprints
577,Climbing Sustained Threshold #1,Threshold,Threshold,Z4 - Threshold,Z1 - Recovery; Z2 - Endurance; Z4 - Threshold,52:00,52.0,3120,49,0.76,Si Bradeley,True,True,"Today's session focuses on simulating the demands of extended climbing. Riding at the lower end of your Zone 4 threshold power, you will be targeting a cadence similar to climbing. When performing the 4 x 5min intervals, position yourself on the bike as you would climbing seated?sitting towards the back of the saddle, with hands lightly gripping the bars.",warmup 10:00 @ 50% FTP - 75% FTP | 05:00 @ 90% @ 80RPM | 03:00 @ 55% | 05:00 @ 90% @ 80RPM | 03:00 @ 55% | 05:00 @ 90% @ 80RPM | 03:00 @ 55% | 05:00 @ 90% @ 80RPM | 03:00 @ 55% | cooldown 10:00 @ 65% FTP - 50% FTP,climbing-sustained-threshold-1,https://mywhooshinfo.com/workouts/workout/climbing-sustained-threshold-1
10205,Climbing Sustained Threshold #1,All training plan workouts,All training plan workouts,Z4 - Threshold,Z1 - Recovery; Z2 - Endurance; Z3 - Tempo; Z4 - Threshold,52:00,52.0,3120,50,0.76,Si Bradeley,True,False,"Today's session focuses on simulating the demands of extended climbing. Riding at the lower end of your Zone 4 threshold power, you will be targeting a cadence similar to climbing. When performing the 4 x 5min intervals, position yourself on the bike as you would climbing seated. Sitting towards the back of the saddle, with hands lightly gripping the bars.",warmup 10:00 @ 50% FTP - 75% FTP | 05:00 @ 90% | 03:00 @ 55% | 05:00 @ 90% | 03:00 @ 55% | 05:00 @ 90% | 03:00 @ 55% | 05:00 @ 90% | 03:00 @ 55% | cooldown 10:00 @ 75% FTP - 50% FTP,climbing-sustained-threshold-1-oy5f,https://mywhooshinfo.com/workouts/workout/climbing-sustained-threshold-1-oy5f
578,Climbing Sustained Threshold #2,Threshold,Threshold,Z4 - Threshold,Z1 - Recovery; Z2 - Endurance; Z4 - Threshold,59:00,59.0,3540,81,0.91,,True,True,"Today's session focuses on simulating the demands of extended climbing. Riding at the higher end of your Zone 4 threshold power, you will be targeting a cadence similar to climbing. When performing the 4 x 8min intervals, position yourself on the bike as you would climbing seated.",warmup 10:00 @ 50% FTP - 75% FTP | 08:00 @ 104% @ 80RPM | 03:00 @ 55% | 08:00 @ 104% @ 80RPM | 03:00 @ 55% | 08:00 @ 104% @ 80RPM | 03:00 @ 55% | 08:00 @ 104% @ 80RPM | 03:00 @ 55% | cooldown 05:00 @ 65% FTP - 50% FTP,climbing-sustained-threshold-2,https://mywhooshinfo.com/workouts/workout/climbing-sustained-threshold-2
10224,Climbing Sustained Threshold #2,All training plan workouts,All training plan workouts,Z4 - Threshold,Z1 - Recovery; Z2 - Endurance; Z3 - Tempo; Z4 - Threshold,59:00,59.0,3540,82,0.91,,True,False,"Today's session focuses on simulating the demands of extended climbing. Riding at the higher end of your Zone 4 threshold power, you will be targeting a cadence similar to climbing. When performing the 4 x 8min intervals, position yourself on the bike as you would climbing seated.",warmup 10:00 @ 50% FTP - 75% FTP | 08:00 @ 104% | 03:00 @ 55% | 08:00 @ 104% | 03:00 @ 55% | 08:00 @ 104% | 03:00 @ 55% | 08:00 @ 104% | 03:00 @ 55% | cooldown 05:00 @ 75% FTP - 50% FTP,climbing-sustained-threshold-2-awzj,https://mywhooshinfo.com/workouts/workout/climbing-sustained-threshold-2-awzj
579,Climbing Sustained Threshold #3,Threshold,All training plan workouts; Threshold,Z4 - Threshold,Z1 - Recovery; Z2 - Endurance; Z4 - Threshold,01:20:00,80.0,4800,91,0.83,,True,True,"Today's session focuses on simulating the demands of extended climbing. Riding at the lower end of your Zone 4 threshold power, you will be targeting a cadence similar to climbing. When performing the 4 x 12min intervals, position yourself on the bike as you would climbing seated.",warmup 10:00 @ 50% FTP - 75% FTP | 12:00 @ 91% @ 80RPM | 03:00 @ 55% | 12:00 @ 91% @ 80RPM | 03:00 @ 55% | 12:00 @ 91% @ 80RPM | 03:00 @ 55% | 12:00 @ 92% @ 80RPM | 03:00 @ 55% | cooldown 10:00 @ 65% FTP - 50% FTP,climbing-sustained-threshold-3,https://mywhooshinfo.com/workouts/workout/climbing-sustained-threshold-3
585,Climbing Threshold #1,Threshold,Threshold,Z4 - Threshold,Z1 - Recovery; Z2 - Endurance; Z3 - Tempo; Z4 - Threshold; Z6 - Anaerobic,01:07:00,67.0,4020,71,0.8,Lisa Hermansson,True,True,"As we move firmly into the Early Build Phase of this Climb Focussed training plan, we start the climbing threshold workout today. This is a climbing simulation session, but with a focus on working your ability to sustain your threshold powers. Producing and utilising lactate is a crucial focus of today's session.","04:00 @ 55% | 03:00 @ 65% | 03:00 @ 80% @ 75RPM | 02:00 @ 90% | 03:00 @ 55% | 2x [00:10 @ 170%, 00:50 @ 55%] | 05:00 @ 55% | 00:30 @ 130% | 00:30 @ 60% | 03:00 @ 85% | 06:00 @ 93% | 05:00 @ 50% | 00:30 @ 130% | 00:30 @ 60% | 03:00 @ 85% | 06:00 @ 93% | 05:00 @ 50% | 00:30 @ 130% | 00:30 @ 60% | 03:00 @ 85% | 06:00 @ 93% | 05:00 @ 50%",climbing-threshold-1,https://mywhooshinfo.com/workouts/workout/climbing-threshold-1
586,Climbing Threshold #2,Threshold,Threshold,Z4 - Threshold,Z1 - Recovery; Z2 - Endurance; Z3 - Tempo; Z4 - Threshold; Z6 - Anaerobic,01:05:15,65.2,3915,74,0.83,,True,True,"You are progressing from the last workout, a small but tough change! Extending each interval duration and reducing your recovery time! This is a climbing simulation session, but with a focus on working your ability to sustain your threshold powers. Producing and utilising lactate is a crucial focus of today's session.","04:00 @ 55% | 03:00 @ 65% | 03:00 @ 80% @ 75RPM | 02:00 @ 90% | 03:00 @ 55% | 2x [00:10 @ 170%, 00:50 @ 55%] | 04:00 @ 55% | 00:45 @ 130% | 00:30 @ 60% | 03:00 @ 85% | 06:30 @ 93% | 04:00 @ 50% | 00:45 @ 130% | 00:30 @ 60% | 03:00 @ 85% | 06:30 @ 93% | 04:00 @ 50% | 00:45 @ 130% | 00:30 @ 60% | 03:00 @ 85% | 06:30 @ 93% | 04:00 @ 50%",climbing-threshold-2,https://mywhooshinfo.com/workouts/workout/climbing-threshold-2
583,Climbing Threshold #3,Threshold,Threshold,Z4 - Threshold,Z1 - Recovery; Z2 - Endurance; Z3 - Tempo; Z4 - Threshold; Z5 - VO2Max; Z6 - Anaerobic,01:07:00,67.0,4020,74,0.82,Lisa Hermansson,True,True,"Progressing from the previous phases sessions, we ramp up the intensity. This is a climbing simulation session, but with a focus on working your ability to sustain your threshold powers. Producing and utilising lactate is a crucial focus of today's session.","04:00 @ 55% | 03:00 @ 65% | 03:00 @ 80% @ 75RPM | 02:00 @ 90% | 03:00 @ 55% | 2x [00:10 @ 170%, 00:50 @ 55%] | 05:00 @ 55% | 00:30 @ 130% | 00:30 @ 60% | 03:00 @ 85% | 05:00 @ 93% | 01:00 @ 110% | 05:00 @ 50% | 00:30 @ 130% | 00:30 @ 60% | 03:00 @ 85% | 05:00 @ 93% | 01:00 @ 110% | 05:00 @ 50% | 00:30 @ 130% | 00:30 @ 60% | 03:00 @ 85% | 05:00 @ 93% | 01:00 @ 125% | 05:00 @ 50%",climbing-threshold-3,https://mywhooshinfo.com/workouts/workout/climbing-threshold-3
584,Climbing Threshold #4,Threshold,Threshold,Z4 - Threshold,Free Ride; Z1 - Recovery; Z2 - Endurance; Z3 - Tempo; Z4 - Threshold; Z6 - Anaerobic,01:05:30,65.5,3930,74,0.83,,True,True,"This week we take away some of your recovery time and encourage you to push on at the end of each interval! This is a climbing simulation session, but with a focus on working your ability to sustain your threshold powers. Producing and utilising lactate is a crucial focus of today's session.","04:00 @ 55% | 03:00 @ 65% | 03:00 @ 80% @ 75RPM | 02:00 @ 90% | 03:00 @ 55% | 2x [00:10 @ 170%, 00:50 @ 55%] | 05:00 @ 55% | 00:30 @ 130% | 03:00 @ 85% | 05:00 @ 93% | 01:00 @ 130% | 05:00 @ 50% | 00:30 @ 130% | 03:00 @ 85% | 05:00 @ 93% | 01:00 @ 130% | 05:00 @ 50% | 00:30 @ 130% | 03:00 @ 85% | 05:00 @ 93% | 01:00 @ Free ride | 05:00 @ 50%",climbing-threshold-4,https://mywhooshinfo.com/workouts/workout/climbing-threshold-4
10650,Climbing Threshold 3,All training plan workouts,All training plan workouts,Z4 - Threshold,Z1 - Recovery; Z2 - Endurance; Z3 - Tempo; Z4 - Threshold; Z5 - VO2Max; Z6 - Anaerobic,01:07:00,67.0,4020,74,0.82,Lisa Hermansson,True,False,"Progressing from the previous phases sessions, we ramp-up the intensity. This is a climbing simulation session, but with a focus on working your ability to sustain your threshold powers. Producing and utilising lactate is a key focus of todays session","04:00 @ 55% | 03:00 @ 65% | 03:00 @ 80% | 02:00 @ 90% | 03:00 @ 55% | 2x [00:10 @ 170%, 00:50 @ 55%] | 05:00 @ 55% | 00:30 @ 130% | 00:30 @ 60% | 03:00 @ 85% | 05:00 @ 93% | 01:00 @ 110% | 05:00 @ 50% | 00:30 @ 130% | 00:30 @ 60% | 03:00 @ 85% | 05:00 @ 93% | 01:00 @ 110% | 05:00 @ 50% | 00:30 @ 130% | 00:30 @ 60% | 03:00 @ 85% | 05:00 @ 93% | 01:00 @ 125% | 05:00 @ 50%",climbing-threshold-3-l6lg,https://mywhooshinfo.com/workouts/workout/climbing-threshold-3-l6lg
10657,Climbing Threshold 4,All training plan workouts,All training plan workouts,Z4 - Threshold,Free Ride; Z1 - Recovery; Z2 - Endurance; Z3 - Tempo; Z4 - Threshold; Z6 - Anaerobic,01:05:30,65.5,3930,74,0.83,,True,False,"This week we take away some of your recovery time and encourage you to push on at the end of each interval! This is a climbing simulation session, but with a focus on working your ability to sustain your threshold powers. Producing and utilising lactate is a key focus of todays session","04:00 @ 55% | 03:00 @ 65% | 03:00 @ 80% | 02:00 @ 90% | 03:00 @ 55% | 2x [00:10 @ 170%, 00:50 @ 55%] | 05:00 @ 55% | 00:30 @ 130% | 03:00 @ 85% | 05:00 @ 93% | 01:00 @ 130% | 05:00 @ 50% | 00:30 @ 130% | 03:00 @ 85% | 05:00 @ 93% | 01:00 @ 130% | 05:00 @ 50% | 00:30 @ 130% | 03:00 @ 85% | 05:00 @ 93% | 01:00 @ Free ride | 05:00 @ 50%",climbing-threshold-4-2j6p,https://mywhooshinfo.com/workouts/workout/climbing-threshold-4-2j6p
10627,Climbing Threshold Workout,All training plan workouts,All training plan workouts,Z4 - Threshold,Z1 - Recovery; Z2 - Endurance; Z3 - Tempo; Z4 - Threshold; Z6 - Anaerobic,01:07:00,67.0,4020,71,0.8,,True,False,"As we move firmly into the Early Build Phase of this Climb Focussed training plan, today we start the climbing threshold workout. This is a climbing simulation session, but with a focus on working your ability to sustain your threshold powers. Producing and utilising lactate is a key focus of todays session","04:00 @ 55% | 03:00 @ 65% | 03:00 @ 80% | 02:00 @ 90% | 03:00 @ 55% | 2x [00:10 @ 170%, 00:50 @ 55%] | 05:00 @ 55% | 00:30 @ 130% | 00:30 @ 60% | 03:00 @ 85% | 06:00 @ 93% | 05:00 @ 50% | 00:30 @ 130% | 00:30 @ 60% | 03:00 @ 85% | 06:00 @ 93% | 05:00 @ 50% | 00:30 @ 130% | 00:30 @ 60% | 03:00 @ 85% | 06:00 @ 93% | 05:00 @ 50%",climbing-threshold-workout,https://mywhooshinfo.com/workouts/workout/climbing-threshold-workout
10641,Climbing Threshold Workout 2,All training plan workouts,All training plan workouts,Z4 - Threshold,Z1 - Recovery; Z2 - Endurance; Z3 - Tempo; Z4 - Threshold; Z6 - Anaerobic,01:05:15,65.2,3915,74,0.83,,True,False,"Progressing on from the last workout, a small, but tough change! Extending each interval duration and reducing your recovery time! This is a climbing simulation session, but with a focus on working your ability to sustain your threshold powers. Producing and utilising lactate is a key focus of todays session","04:00 @ 55% | 03:00 @ 65% | 03:00 @ 80% | 02:00 @ 90% | 03:00 @ 55% | 2x [00:10 @ 170%, 00:50 @ 55%] | 04:00 @ 55% | 00:45 @ 130% | 00:30 @ 60% | 03:00 @ 85% | 06:30 @ 93% | 04:00 @ 50% | 00:45 @ 130% | 00:30 @ 60% | 03:00 @ 85% | 06:30 @ 93% | 04:00 @ 50% | 00:45 @ 130% | 00:30 @ 60% | 03:00 @ 85% | 06:30 @ 93% | 04:00 @ 50%",climbing-threshold-workout-2,https://mywhooshinfo.com/workouts/workout/climbing-threshold-workout-2
136,Closedown,Fast Fitness,Fast Fitness,Z3 - Tempo,Z1 - Recovery; Z2 - Endurance; Z3 - Tempo; Z4 - Threshold; Z6 - Anaerobic,38:00,38.0,2280,41,0.81,,False,False,"Just like a climb that gets steeper towards the top. In this session, we work hard at the beginning and harder at the end.",01:40 @ 50% | 01:40 @ 56% | 01:40 @ 60% | 01:40 @ 65% | 01:40 @ 69% | 01:40 @ 75% | 08:00 @ 86% | 02:00 @ 55% | 06:00 @ 89% | 03:00 @ 104% | 01:00 @ 120% | 03:00 @ 55% | 01:15 @ 75% | 01:15 @ 66% | 01:15 @ 59% | 01:15 @ 50%,closedown,https://mywhooshinfo.com/workouts/workout/closedown
10678,Controlled 30/30 Efforts,All training plan workouts,All training plan workouts,Z6 - Anaerobic,Z1 - Recovery; Z2 - Endurance; Z3 - Tempo; Z4 - Threshold; Z6 - Anaerobic,51:00,51.0,3060,55,0.81,,True,False,"These Controlled 30/30 efforts are completed at a power just below your Maximal Aerobic Power (MAP). By splitting up into 30 seconds, with 30 seconds recovery, you can accumulate more time at this intensity than you would if doing it as a continuous effort.","warmup 05:00 @ 50% FTP - 85% FTP | 05:00 @ 92% | 03:00 @ 50% | 6x [00:30 @ 130%, 00:30 @ 45%] | 07:00 @ 55% | 6x [00:30 @ 130%, 00:30 @ 45%] | 07:00 @ 55% | 6x [00:30 @ 130%, 00:30 @ 45%] | cooldown 06:00 @ 50% FTP - 30% FTP",controlled-30-30-efforts,https://mywhooshinfo.com/workouts/workout/controlled-30-30-efforts
10685,Controlled 30/30 Efforts 2,All training plan workouts,All training plan workouts,Z6 - Anaerobic,Z1 - Recovery; Z2 - Endurance; Z3 - Tempo; Z4 - Threshold; Z6 - Anaerobic,59:00,59.0,3540,68,0.84,,True,False,"These Controlled 30/30 efforts are completed at a power just below your Maximal Aerobic Power (MAP). By splitting up into 30 seconds, with 30 seconds recovery, you can accumulate more time at this intensity than you would if doing it as a continuous effort. 8 repetitions this week, building on from last weeks great session!","warmup 05:00 @ 50% FTP - 85% FTP | 07:00 @ 92% | 03:00 @ 50% | 8x [00:30 @ 130%, 00:30 @ 45%] | 07:00 @ 55% | 8x [00:30 @ 130%, 00:30 @ 45%] | 07:00 @ 55% | 8x [00:30 @ 130%, 00:30 @ 45%] | cooldown 06:00 @ 50% FTP - 30% FTP",controlled-30-30-efforts-2,https://mywhooshinfo.com/workouts/workout/controlled-30-30-efforts-2
10965,Controlled 30/30 Efforts 2,All training plan workouts,All training plan workouts,Z6 - Anaerobic,Z1 - Recovery; Z2 - Endurance; Z3 - Tempo; Z4 - Threshold; Z6 - Anaerobic,01:00:00,60.0,3600,70,0.84,,True,False,"These Controlled 30/30 efforts are completed at a power just below your Maximal Aerobic Power (MAP). By splitting up into 30 seconds, with 30 seconds recovery, you can accumulate more time at this intensity than you would if doing it as a continuous effort. 8 repetitions this week, building on from last weeks great session!","warmup 05:00 @ 50% FTP - 85% FTP | 08:00 @ 92% | 03:00 @ 50% | 8x [00:30 @ 130%, 00:30 @ 45%] | 07:00 @ 55% | 8x [00:30 @ 130%, 00:30 @ 45%] | 07:00 @ 55% | 8x [00:30 @ 130%, 00:30 @ 45%] | cooldown 06:00 @ 50% FTP - 30% FTP",controlled-30-30-efforts-2-vg53,https://mywhooshinfo.com/workouts/workout/controlled-30-30-efforts-2-vg53
670,Controlled 30/30's #1,VO2max,VO2max,Z5 - VO2Max,Z1 - Recovery; Z2 - Endurance; Z3 - Tempo; Z4 - Threshold; Z6 - Anaerobic,51:00,51.0,3060,55,0.81,,True,False,"These Controlled 30/30 efforts are completed at a power just below your Maximal Aerobic Power (MAP). By splitting up into 30 seconds, with 30 seconds of recovery, you can accumulate more time at this intensity than you would if doing it as a continuous effort.","warmup 05:00 @ 50% FTP - 85% FTP | 05:00 @ 92% | 03:00 @ 50% | 6x [00:30 @ 130%, 00:30 @ 45%] | 07:00 @ 55% | 6x [00:30 @ 130%, 00:30 @ 45%] | 07:00 @ 55% | 6x [00:30 @ 130%, 00:30 @ 45%] | cooldown 06:00 @ 50% FTP - 30% FTP",controlled-30-30-s-1,https://mywhooshinfo.com/workouts/workout/controlled-30-30-s-1
671,Controlled 30/30's #2,VO2max,VO2max,Z5 - VO2Max,Z1 - Recovery; Z2 - Endurance; Z3 - Tempo; Z4 - Threshold; Z6 - Anaerobic,59:00,59.0,3540,68,0.84,,True,False,"These Controlled 30/30 efforts are completed at a power just below your Maximal Aerobic Power (MAP). By splitting up into 30 seconds, with 30 seconds of recovery, you can accumulate more time at this intensity than you would if doing it as a continuous effort. Eight repetitions this week, building on last week's great session!","warmup 05:00 @ 50% FTP - 85% FTP | 07:00 @ 92% | 03:00 @ 50% | 8x [00:30 @ 130%, 00:30 @ 45%] | 07:00 @ 55% | 8x [00:30 @ 130%, 00:30 @ 45%] | 07:00 @ 55% | 8x [00:30 @ 130%, 00:30 @ 45%] | cooldown 06:00 @ 50% FTP - 30% FTP",controlled-30-30-s-2,https://mywhooshinfo.com/workouts/workout/controlled-30-30-s-2
405,Crank Torque,Sweetspot,All training plan workouts; Sweetspot,Z3 - Tempo,Z1 - Recovery; Z2 - Endurance; Z3 - Tempo; Z4 - Threshold; Z5 - VO2Max,01:01:00,61.0,3660,62,0.78,,False,True,"When we complete long climbs, the lower cadence results in high crank torque, which recruits more of your fast-twitch fibres. With this in mind, it's vital that our training meets the demands of the event. Today we are performing lower cadence intervals but with power closer to threshold. After warming up, the session consists of 4 intervals with cadence varying from 70rpm to 95rpm. All this gets you ready for a high cadence near-threshold finale!","warmup 05:00 @ 45% FTP - 65% FTP | 5x [00:30 @ 70%, 00:30 @ 90%] | 02:00 @ 45% | 03:00 @ 100% | 01:00 @ 45% | 01:00 @ 111% | 01:00 @ 45% | 04:00 @ 83% @ 70RPM | 01:00 @ 90% @ 95RPM | 03:00 @ 65% | 04:00 @ 83% @ 70RPM | 01:00 @ 90% @ 95RPM | 03:00 @ 65% | 04:00 @ 83% @ 70RPM | 01:00 @ 90% @ 95RPM | 03:00 @ 65% | 04:00 @ 83% @ 70RPM | 01:00 @ 90% @ 95RPM | 03:00 @ 65% | 02:00 @ 55% | 04:00 @ 95% @ 95RPM | 05:00 @ 55%",crank-torque,https://mywhooshinfo.com/workouts/workout/crank-torque
75,Cruise Intervals #1,Under 35 min,Under 35 min,Z4 - Threshold,Z1 - Recovery; Z2 - Endurance; Z3 - Tempo; Z4 - Threshold; Z5 - VO2Max,32:00,32.0,1920,38,0.85,Jonathan Brownlee,False,False,"Today's session consists of 2 x 8-minute cruise intervals. However, each 8-minute interval is proceeded by a 30 second Zone 5 interval.","warmup 05:00 @ 45% FTP - 75% FTP | 00:30 @ 65% | 3x [00:30 @ 89%, 00:30 @ 65%] | 00:30 @ 89% | 02:00 @ 50% | 00:30 @ 110% | 01:00 @ 92% | 3x [01:00 @ 97%, 01:00 @ 92%] | 01:00 @ 97% | 02:00 @ 50% | 00:30 @ 110% | 01:00 @ 92% | 3x [01:00 @ 97%, 01:00 @ 92%] | 01:00 @ 97% | 02:00 @ 50%",cruise-intervals-1,https://mywhooshinfo.com/workouts/workout/cruise-intervals-1
587,Cruise Intervals #1,Threshold,All training plan workouts; Threshold,Z4 - Threshold,Z1 - Recovery; Z2 - Endurance; Z3 - Tempo; Z4 - Threshold; Z5 - VO2Max,54:30,54.5,3270,61,0.82,,True,False,"Today's session consists of 3 x 8-minute cruise intervals. Cruise intervals are performed within Zone 4. However, each 8-minute interval is proceeded by a 30 second Zone 5 interval. However, we change the target power every minute from 92% to 97%. Focus on controlled breathing and pedalling at a cadence similar to your Time Trial cadence.","warmup 05:00 @ 45% FTP - 75% FTP | 5x [00:30 @ 65%, 00:30 @ 89%] | 03:00 @ 50% | 00:30 @ 110% | 4x [01:00 @ 92%, 01:00 @ 97%] | 02:00 @ 50% | 00:30 @ 110% | 4x [01:00 @ 92%, 01:00 @ 97%] | 02:00 @ 50% | 00:30 @ 110% | 4x [01:00 @ 92%, 01:00 @ 97%] | 02:00 @ 50% | cooldown 10:00 @ 65% FTP - 45% FTP",cruise-intervals-1-lvdk,https://mywhooshinfo.com/workouts/workout/cruise-intervals-1-lvdk
588,Cruise Intervals #2,Threshold,Threshold,Z4 - Threshold,Z1 - Recovery; Z2 - Endurance; Z3 - Tempo; Z4 - Threshold; Z5 - VO2Max,01:00:30,60.5,3630,71,0.84,,True,False,"Today's session consists of 3 x 10-minute cruise intervals. Cruise intervals are performed within Zone 4. However, each 10-minute interval is proceeded by a 30 second Zone 5 interval. However, we change the target power every minute from 92% to 97%. Focus on controlled breathing and pedalling at a cadence similar to your Time Trial cadence.","warmup 05:00 @ 45% FTP - 75% FTP | 5x [00:30 @ 65%, 00:30 @ 89%] | 03:00 @ 50% | 00:30 @ 110% | 5x [01:00 @ 92%, 01:00 @ 97%] | 02:00 @ 50% | 00:30 @ 110% | 5x [01:00 @ 92%, 01:00 @ 97%] | 02:00 @ 50% | 00:30 @ 110% | 5x [01:00 @ 92%, 01:00 @ 97%] | 02:00 @ 50% | cooldown 10:00 @ 75% FTP - 45% FTP",cruise-intervals-2,https://mywhooshinfo.com/workouts/workout/cruise-intervals-2
589,Cruise Intervals #3,Threshold,All training plan workouts; Threshold,Z4 - Threshold,Z1 - Recovery; Z2 - Endurance; Z3 - Tempo; Z4 - Threshold; Z5 - VO2Max,01:01:30,61.5,3690,76,0.86,,True,False,"Today's session consists of 3 x 12-minute cruise intervals. Cruise intervals are performed within Zone 4. However, each 12-minute interval is proceeded by a 30 second Zone 5 interval. However, we change the target power every minute from 92% to 97%. Focus on controlled breathing and pedalling at a cadence similar to your Time Trial cadence.","warmup 05:00 @ 45% FTP - 75% FTP | 4x [00:30 @ 65%, 00:30 @ 89%] | 03:00 @ 50% | 00:30 @ 110% | 6x [01:00 @ 92%, 01:00 @ 97%] | 02:00 @ 50% | 00:30 @ 110% | 6x [01:00 @ 92%, 01:00 @ 97%] | 02:00 @ 50% | 00:30 @ 110% | 6x [01:00 @ 92%, 01:00 @ 97%] | 03:00 @ 50% | cooldown 05:00 @ 75% FTP - 45% FTP",cruise-intervals-3,https://mywhooshinfo.com/workouts/workout/cruise-intervals-3
590,Cruise Intervals #4,Threshold,All training plan workouts; Threshold,Z4 - Threshold,Z1 - Recovery; Z2 - Endurance; Z3 - Tempo; Z4 - Threshold; Z5 - VO2Max,59:00,59.0,3540,76,0.88,,True,False,"Today's session consists of 4 x 8-minute cruise intervals. Some intervals increase, while others decrease in target power. However, we are changing the target power throughout the effort. Cruise intervals are performed within Zone 4. Focus on controlled breathing and pedalling at a cadence similar to your Time Trial cadence.",warmup 03:00 @ 45% FTP - 60% FTP | 01:00 @ 60% | 01:00 @ 65% | 01:00 @ 81% | 01:00 @ 109% | 02:00 @ 50% | 04:00 @ 92% | 03:00 @ 50% | ramp 08:00 @ 91% FTP - 105% FTP | 02:00 @ 50% | ramp 08:00 @ 105% FTP - 91% FTP | 02:00 @ 50% | ramp 08:00 @ 91% FTP - 105% FTP | 02:00 @ 50% | ramp 08:00 @ 105% FTP - 91% FTP | cooldown 05:00 @ 75% FTP - 45% FTP,cruise-intervals-4,https://mywhooshinfo.com/workouts/workout/cruise-intervals-4
591,Cruise Intervals #5,Threshold,Threshold,Z4 - Threshold,Z1 - Recovery; Z2 - Endurance; Z3 - Tempo; Z4 - Threshold; Z5 - VO2Max,01:03:45,63.8,3825,82,0.88,,True,False,"Today's session consists of 4 x 9-minute cruise intervals. Cruise intervals are performed within Zone 4. However, we are starting with the most challenging interval 1st and decreasing the power slightly for each interval. Observe your heart rate across the four intervals. Is it dropping along with the target power? Focus on controlled breathing and pedalling at a cadence similar to your Time Trial cadence.",warmup 03:00 @ 45% FTP - 60% FTP | 01:00 @ 60% | 01:00 @ 65% | 01:00 @ 81% | 01:00 @ 109% | 02:00 @ 50% | 04:00 @ 93% | 03:00 @ 50% | 09:00 @ 104% | 02:15 @ 50% | 09:00 @ 99% | 02:15 @ 50% | 09:00 @ 94% | 02:15 @ 50% | 09:00 @ 90% | cooldown 05:00 @ 70% FTP - 45% FTP,cruise-intervals-5,https://mywhooshinfo.com/workouts/workout/cruise-intervals-5
592,Cruise Intervals #6,Threshold,Threshold,Z4 - Threshold,Z1 - Recovery; Z2 - Endurance; Z3 - Tempo; Z4 - Threshold; Z5 - VO2Max; Z6 - Anaerobic,57:45,57.8,3465,77,0.9,,True,False,"Today's session consists of 3 x 10-minute cruise intervals. However, each 10min interval includes a 20sec surge to begin the effort and midway through. Returning to threshold power after surging is a vital aspect of fitness. Focus on controlled breathing and pedalling at a cadence similar to your Time Trial cadence.",warmup 03:00 @ 45% FTP - 60% FTP | 01:00 @ 60% | 01:00 @ 65% | 01:00 @ 81% | 01:00 @ 109% | 02:00 @ 50% | 04:00 @ 92% | 03:00 @ 50% | 00:20 @ 125% | 04:40 @ 104% | 00:20 @ 125% | 04:40 @ 104% | 02:15 @ 50% | 00:20 @ 125% | 04:40 @ 99% | 00:20 @ 125% | 04:40 @ 99% | 02:15 @ 50% | 00:20 @ 125% | 04:40 @ 94% | 00:20 @ 125% | 04:40 @ 94% | 02:15 @ 50% | cooldown 05:00 @ 70% FTP - 45% FTP,cruise-intervals-6,https://mywhooshinfo.com/workouts/workout/cruise-intervals-6
137,Darling it hurts,Fast Fitness,Fast Fitness,Z2 - Endurance,Z1 - Recovery; Z2 - Endurance; Z6 - Anaerobic,23:21,23.4,1401,25,0.81,,False,False,"With the fitness you pick up from today, you will become a faster sprinter!","warmup 04:00 @ 50% FTP - 75% FTP | 2x [00:55 @ 75%, 01:00 @ 50%] | 03:00 @ 75% | 2x [00:07 @ 300%, 03:00 @ 75%] | 03:00 @ 60% | 00:17 @ 250% | 03:00 @ 50%",darling-it-hurts,https://mywhooshinfo.com/workouts/workout/darling-it-hurts
10164,Day off,All training plan workouts,All training plan workouts,Rest Day,,00:00,0.0,0,0,0,,False,False,"Take a well-deserved rest day today. There will be the odd occasion where your coach is going to enforce a day off the bike. You may feel like riding today, but your ability to continue to adapt to the planned training will be affected by your level of fatigue. Enjoy a day away from the bike, knowing you have worked hard in recent training and will benefit from the rest.",,day-off,https://mywhooshinfo.com/workouts/workout/day-off
10279,Day off,All training plan workouts,All training plan workouts,Free Ride,Free Ride,30:00,30.0,1800,0,0,,False,False,"Take a well-deserved rest day today. There will be the odd occasion where your coach is going to enforce a day off the bike. You may feel like riding today, but the ability to produce your best performance on race day will be increased with a day away from bike today. This is a good opportunity to check your bike over and ensure it is also ready for race day.",30:00 @ Free ride,day-off-g6tz,https://mywhooshinfo.com/workouts/workout/day-off-g6tz
76,Depleting 20's,Under 35 min,Under 35 min,Z2 - Endurance,Z1 - Recovery; Z2 - Endurance; Z3 - Tempo; Z4 - Threshold; Z6 - Anaerobic,32:30,32.5,1950,34,0.8,,False,False,"We are completing 2 x 5min Sub-threshold intervals and 6 x 20sec accelerations. However, with the 20sec accelerations coming after the first 5min Sub-threshold interval, we aim to deplete your intramuscular glycogen stores and see what effect this has on the second 5min interval.","02:00 @ 50% | 00:30 @ 65% | 2x [00:30 @ 95%, 00:30 @ 65%] | 01:00 @ 50% | ramp 05:00 @ 65% FTP - 90% FTP | 01:00 @ 50% | 6x [00:20 @ 160%, 01:40 @ 65%] | ramp 05:00 @ 65% FTP - 90% FTP | 04:00 @ 50%",depleting-20-s,https://mywhooshinfo.com/workouts/workout/depleting-20-s
406,Depleting 20's,Sweetspot,All training plan workouts; Sweetspot,Z3 - Tempo,Z1 - Recovery; Z2 - Endurance; Z3 - Tempo; Z4 - Threshold; Z6 - Anaerobic,59:00,59.0,3540,62,0.8,,True,False,"After completing a good warmup, the session is focused on two areas. Completing 2 x 10min Sub-threshold intervals, and 8 x 20sec accelerations. However, with the 20sec accelerations coming after the first 10min Sub-threshold interval, we aim to deplete your intramuscular glycogen stores and see what effect this has on the second 10min interval. Is the second 10min interval as comfortable as the first?","04:00 @ 50% | 5x [00:30 @ 65%, 00:30 @ 85%] | 01:00 @ 50% | 03:00 @ 85% | 01:00 @ 50% | 01:00 @ 102% | 02:00 @ 50% | ramp 10:00 @ 65% FTP - 90% FTP | 01:00 @ 50% | 8x [00:20 @ 160%, 01:40 @ 65%] | ramp 10:00 @ 65% FTP - 90% FTP | 05:00 @ 50%",depleting-20-s-0qi5,https://mywhooshinfo.com/workouts/workout/depleting-20-s-0qi5
469,Depleting 20sec w/Tempo,Tempo,All training plan workouts; Tempo,Z3 - Tempo,Z1 - Recovery; Z2 - Endurance; Z3 - Tempo; Z6 - Anaerobic,01:07:00,67.0,4020,56,0.71,Lisa Hermansson,False,False,"The focus of the session is the final 10-minute threshold effort. But first, we want to use some of your readily available carbohydrate stores by performing 6 x 20sec high-intensity efforts. Another 10 minutes of endurance before completing 10 minutes at threshold.","warmup 10:00 @ 50% FTP - 75% FTP | 01:00 @ 50% | 6x [00:20 @ 170%, 04:40 @ 50%] | ramp 10:00 @ 63% FTP - 80% FTP | 02:00 @ 50% | 10:00 @ 80% | 04:00 @ 50%",depleting-20sec-w-tempo,https://mywhooshinfo.com/workouts/workout/depleting-20sec-w-tempo
672,Depleting 4's,VO2max,VO2max,Z5 - VO2Max,Z1 - Recovery; Z2 - Endurance; Z3 - Tempo; Z4 - Threshold; Z5 - VO2Max,57:00,57.0,3420,64,0.83,,True,False,"After completing a good warmup, the session focuses on two areas. Completing 2 x 5min Sub-threshold intervals and 3 x 4min VO2max efforts. However, with the 4min efforts coming after the first 5min Sub-threshold interval, we aim to deplete your intramuscular glycogen stores and see what effect this has on the second 5min interval. Is the second 5min interval as comfortable as the first?","04:00 @ 50% | 5x [00:30 @ 65%, 00:30 @ 85%] | 01:00 @ 50% | 03:00 @ 85% | 01:00 @ 50% | 01:00 @ 102% | 02:00 @ 50% | ramp 05:00 @ 75% FTP - 90% FTP | 01:00 @ 50% | 3x [04:00 @ 105%, 04:00 @ 65%] | ramp 05:00 @ 75% FTP - 90% FTP | 05:00 @ 50%",depleting-4-s,https://mywhooshinfo.com/workouts/workout/depleting-4-s
77,Depleting Session #1,Under 35 min,Under 35 min,Z4 - Threshold,Z1 - Recovery; Z2 - Endurance; Z3 - Tempo; Z4 - Threshold,34:00,34.0,2040,33,0.77,,False,False,"Large amounts of tempo work in today's session, but the focus is on fuel. To produce zone 3 power and above requires a significant amount of glycogen. But what happens when this fuel source has been depleted?","warmup 04:00 @ 45% FTP - 70% FTP | 01:00 @ 50% | 3x [04:00 @ 91%, 02:00 @ 50%] | 08:00 @ 78% | 03:00 @ 50%",depleting-session-1,https://mywhooshinfo.com/workouts/workout/depleting-session-1
10506,Depleting Session #1,Tempo,All training plan workouts; Tempo,Z3 - Tempo,Z1 - Recovery; Z2 - Endurance; Z3 - Tempo; Z4 - Threshold,01:20:00,80.0,4800,72,0.74,,False,False,"Large amounts of tempo work in today's session, but the focus here is on fuel. To produce zone 3 power and above requires a significant amount of glycogen. But what happens when this fuel source has been depleted? In today's workout we begin with a steady-state zone 3 effort, followed by a series of bottom end, zone 4 intervals. All of this is followed by the same opening zone 3 interval. Take note and compare your sensations and heart rate response in the two steady-state tempo efforts. Is the final tempo effort as comfortable as the first?","warmup 10:00 @ 45% FTP - 70% FTP | 01:00 @ 50% | 10:00 @ 78% | 04:00 @ 50% | 4x [04:00 @ 91%, 04:00 @ 50%] | 04:00 @ 91% | 04:00 @ 50% | 10:00 @ 78% | 05:00 @ 50%",depleting-session-1-feiw,https://mywhooshinfo.com/workouts/workout/depleting-session-1-feiw
467,Depleting Session #2,Tempo,All training plan workouts; Tempo,Z3 - Tempo,Z1 - Recovery; Z2 - Endurance; Z3 - Tempo; Z4 - Threshold,01:32:00,92.0,5520,85,0.75,,False,False,"Large amounts of tempo work in today's session, but the focus is on fuel. To produce zone 3 power and above requires a significant amount of glycogen. But what happens when this fuel source has been depleted? Today's workout begins with a steady-state zone 3 effort, followed by a series of bottom end, zone 4 intervals. All of this is followed by the same opening zone 3 interval. Take note and compare your sensations and heart rate response in the two steady-state tempo efforts. Is the final tempo effort as comfortable as the first?","warmup 10:00 @ 45% FTP - 70% FTP | 01:00 @ 50% | 12:00 @ 78% | 04:00 @ 50% | 5x [04:00 @ 91%, 04:00 @ 50%] | 04:00 @ 91% | 04:00 @ 50% | 12:00 @ 78% | 05:00 @ 50%",depleting-session-2,https://mywhooshinfo.com/workouts/workout/depleting-session-2
10513,Depleting Session #2,All training plan workouts,All training plan workouts,Z4 - Threshold,Z1 - Recovery; Z2 - Endurance; Z3 - Tempo; Z4 - Threshold,01:32:00,92.0,5520,84,0.74,,False,False,"Large amounts of tempo work in today's session, but the focus here is on fuel. To produce zone 3 power and above requires a significant amount of glycogen. But what happens when this fuel source has been depleted? In today's workout we begin with a steady-state zone 3 effort, followed by a series of bottom end, zone 4 intervals. All of this is followed by the same opening zone 3 interval. Take note and compare your sensations and heart rate response in the two steady-state tempo efforts. Is the final tempo effort as comfortable as the first?","warmup 10:00 @ 45% FTP - 70% FTP | 01:00 @ 50% | 12:00 @ 78% | 04:00 @ 50% | 5x [04:00 @ 91%, 04:00 @ 50%] | 04:00 @ 91% | 04:00 @ 50% | 12:00 @ 78% | 05:00 @ 50%",depleting-session-2-oizy,https://mywhooshinfo.com/workouts/workout/depleting-session-2-oizy
468,Depleting Session #3,Tempo,All training plan workouts; Tempo,Z3 - Tempo,Z1 - Recovery; Z2 - Endurance; Z3 - Tempo; Z4 - Threshold,01:40:00,100.0,6000,92,0.75,,False,False,"Large amounts of tempo work in today's session, but the focus is on fuel. To produce zone 3 power and above requires a significant amount of glycogen. But what happens when this fuel source has been depleted? Today's workout begins with a steady-state zone 3 effort, followed by a series of bottom end, zone 4 intervals. All of this is followed by the same opening zone 3 interval. Take note and compare your sensations and heart rate response in the two steady-state tempo efforts. Is the final tempo effort as comfortable as the first?","warmup 10:00 @ 45% FTP - 70% FTP | 01:00 @ 50% | 08:00 @ 78% | 04:00 @ 50% | 7x [04:00 @ 91%, 04:00 @ 50%] | 04:00 @ 91% | 04:00 @ 50% | 08:00 @ 78% | 05:00 @ 50%",depleting-session-3,https://mywhooshinfo.com/workouts/workout/depleting-session-3
78,Descending Anaerobic,Under 35 min,Under 35 min,Z5 - VO2Max,Z1 - Recovery; Z2 - Endurance; Z3 - Tempo; Z5 - VO2Max,32:00,32.0,1920,34,0.8,Jonathan Brownlee,False,True,High power and high leg speed. This is an important characteristic to possess in racing and the ability to repeat these high-intensity efforts multiple times.,"warmup 04:00 @ 50% FTP - 75% FTP | 01:00 @ 50% | 3x [01:00 @ 90%, 01:00 @ 70%] | 01:00 @ 50% | 01:30 @ 107% @ 100RPM | 01:30 @ 50% | 01:00 @ 107% @ 100RPM | 01:00 @ 50% | 00:30 @ 107% @ 100RPM | 02:00 @ 50% | 02:00 @ 107% @ 100RPM | 02:00 @ 50% | 01:30 @ 107% @ 100RPM | 01:30 @ 50% | 01:00 @ 107% @ 100RPM | 01:00 @ 50% | 00:30 @ 107% @ 100RPM | 03:00 @ 50%",descending-anaerobic,https://mywhooshinfo.com/workouts/workout/descending-anaerobic
221,Descending Anaerobic,Anaerobic,Anaerobic,Z6 - Anaerobic,Z1 - Recovery; Z2 - Endurance; Z3 - Tempo; Z5 - VO2Max,54:00,54.0,3240,55,0.78,Si Bradeley,True,True,"High power and high leg speed. This is an important characteristic to possess in racing and the ability to repeat these high-intensity efforts multiple times. With a short recovery between intervals, today, we are replicating the demands of high-speed performance.","warmup 07:00 @ 50% FTP - 75% FTP | 01:00 @ 50% | 5x [01:00 @ 90%, 01:00 @ 70%] | 01:00 @ 50% | 03:00 @ 88% | 03:00 @ 50% | 02:00 @ 107% @ 100RPM | 02:00 @ 50% | 01:30 @ 107% @ 100RPM | 01:30 @ 50% | 01:00 @ 107% @ 100RPM | 01:00 @ 50% | 00:30 @ 107% @ 100RPM | 05:00 @ 50% | 02:00 @ 107% @ 100RPM | 02:00 @ 50% | 01:30 @ 107% @ 100RPM | 01:30 @ 50% | 01:00 @ 107% @ 100RPM | 01:00 @ 50% | 00:30 @ 107% @ 100RPM | 05:00 @ 50%",descending-anaerobic-zfmr,https://mywhooshinfo.com/workouts/workout/descending-anaerobic-zfmr
470,Descending Tempo #1,Tempo,All training plan workouts; Tempo,Z3 - Tempo,Z1 - Recovery; Z2 - Endurance; Z3 - Tempo; Z4 - Threshold; Z6 - Anaerobic,55:00,55.0,3300,56,0.78,Si Bradeley,True,False,"In this session, we focus on your ability to ride at a tempo effort after first producing a short, high powered acceleration. However, the target power of the tempo interval descends throughout the effort.","warmup 05:00 @ 45% FTP - 75% FTP | 2x [01:00 @ 80%, 01:00 @ 56%] | 2x [01:00 @ 95%, 01:00 @ 55%] | 02:00 @ 55% | 05:00 @ 95% | 05:00 @ 50% | 00:20 @ 160% | ramp 05:00 @ 90% FTP - 76% FTP | 03:00 @ 50% | 00:20 @ 160% | ramp 06:00 @ 90% FTP - 76% FTP | 03:00 @ 50% | 00:20 @ 160% | ramp 07:00 @ 90% FTP - 76% FTP | 05:00 @ 50%",descending-tempo-1,https://mywhooshinfo.com/workouts/workout/descending-tempo-1
138,Details,Fast Fitness,Fast Fitness,Z3 - Tempo,Z1 - Recovery; Z2 - Endurance; Z3 - Tempo; Z4 - Threshold; Z6 - Anaerobic,41:55,41.9,2515,44,0.8,,False,False,It's all in the finer details! We produce a short hard effort in this session and then settle into an increasing endurance interval.,01:00 @ 51% | 01:00 @ 57% | 01:00 @ 61% | 01:00 @ 65% | 01:00 @ 69% | 01:00 @ 75% | 00:15 @ 170% | 01:00 @ 55% | 01:00 @ 76% | 02:00 @ 79% | 01:00 @ 83% | 02:00 @ 86% | 01:00 @ 90% | 04:00 @ 55% | 00:20 @ 170% | 00:20 @ 55% | 02:00 @ 76% | 01:00 @ 79% | 02:00 @ 83% | 01:00 @ 86% | 02:00 @ 90% | 04:00 @ 55% | 06:00 @ 95% | 01:15 @ 75% | 01:15 @ 66% | 01:15 @ 59% | 01:15 @ 50%,details,https://mywhooshinfo.com/workouts/workout/details
139,Easy does it,Fast Fitness,Fast Fitness,Z2 - Endurance,Z1 - Recovery; Z2 - Endurance; Z3 - Tempo; Z4 - Threshold; Z6 - Anaerobic,31:40,31.7,1900,35,0.82,,False,False,"Like attacking a climb, this session requires you to produce a short, high power effort before settling into the higher slopes.",01:40 @ 50% | 01:40 @ 56% | 01:40 @ 60% | 01:40 @ 65% | 01:40 @ 69% | 01:40 @ 75% | 00:20 @ 150% | 00:20 @ 55% | 01:00 @ 90% | 01:00 @ 94% | 01:00 @ 98% | 01:00 @ 101% | 01:00 @ 104% | 05:00 @ 55% | 06:00 @ 100% | 01:15 @ 75% | 01:15 @ 66% | 01:15 @ 59% | 01:15 @ 50%,easy-does-it,https://mywhooshinfo.com/workouts/workout/easy-does-it
140,Easy money,Fast Fitness,Fast Fitness,Z6 - Anaerobic,Z1 - Recovery; Z2 - Endurance; Z3 - Tempo; Z4 - Threshold; Z6 - Anaerobic,27:00,27.0,1620,38,0.93,,False,False,"40/20 efforts are completed just below your Maximal Aerobic Power. By splitting up the effort, you can accumulate more time at this intensity than you would if doing it as a continuous effort. This workout is also available as Video workout by a MyWhoosh coach Zelmaré Viljoen","warmup 03:00 @ 50% FTP - 85% FTP | 03:00 @ 92% | 03:00 @ 50% | 6x [00:40 @ 130%, 00:20 @ 45%] | 03:00 @ 55% | 6x [00:40 @ 130%, 00:20 @ 45%] | 03:00 @ 50%",easy-money,https://mywhooshinfo.com/workouts/workout/easy-money
10955,Easy Ride,All training plan workouts,All training plan workouts,Free Ride,Free Ride,01:00:00,60.0,3600,0,0,,False,False,"Today should be treated as an active recovery day. An opportunity to absorb the workload. I recommend you do ride a little today, don't take it completely off. Up to 1 hour easy, or a free ride to explore the world of MyWhoosh!",01:00:00 @ Free ride,easy-ride,https://mywhooshinfo.com/workouts/workout/easy-ride
11139,"Easy Ride, Base Miles",All training plan workouts,All training plan workouts,Free Ride,Free Ride,01:00:00,60.0,3600,0,0,,False,False,"An easy ride planned for today, 1 hour is the upper limit, but you can ride for shorter if you wish. Try and spin the legs with a high cadence and a low power. As we spend a lot of focus on the lower cadence domain throughout this gravel plan, today is an opportunity to spin the legs at higher cadences. Remember to always keep it easy throughout this ride.",01:00:00 @ Free ride,easy-ride-base-miles,https://mywhooshinfo.com/workouts/workout/easy-ride-base-miles
10561,"Easy Ride, Free Day",All training plan workouts,All training plan workouts,Free Ride,Free Ride,01:00:00,60.0,3600,0,0,,False,False,"Today should be treated as an active recovery day. An opportunity to absorb the workload of the last few days. You do not have to ride, if you prefer to take a complete rest day. If you do want to ride, up to 1 hour easy, or a free ride to explore the world of MyWhoosh!",01:00:00 @ Free ride,easy-ride-free-day,https://mywhooshinfo.com/workouts/workout/easy-ride-free-day
10990,Endurance #1,All training plan workouts,All training plan workouts,Z2 - Endurance,Z1 - Recovery; Z2 - Endurance; Z3 - Tempo; Z5 - VO2Max; Z6 - Anaerobic,55:00,55.0,3300,47,0.72,Si Bradeley,True,False,"After warming up, the focus is on improving your aerobic endurance. The main set consists of a steady aerobic effort with target power at 70% of FTP. However, every 5 minutes you will perform a 10 second surge at 130%.","warmup 06:00 @ 45% FTP - 75% FTP | 01:00 @ 50% | 01:00 @ 109% | 02:00 @ 50% | ramp 03:00 @ 50% FTP - 90% FTP | 04:00 @ 90% | 03:00 @ 50% | 6x [00:10 @ 130%, 04:50 @ 70%] | cooldown 05:00 @ 75% FTP - 45% FTP",endurance-1-bsf7,https://mywhooshinfo.com/workouts/workout/endurance-1-bsf7
14,Endurance #1,Beginner,All training plan workouts; Beginner; Endurance,Z2 - Endurance,Z1 - Recovery; Z2 - Endurance; Z3 - Tempo; Z5 - VO2Max; Z6 - Anaerobic,01:00:00,60.0,3600,51,0.72,,True,False,"After warming up, the focus today is on improving your aerobic endurance. The main set consists of a steady aerobic effort with target power at 70%. However, every 5 minutes, you will perform a 10-second surge at 130%.","warmup 06:00 @ 45% FTP - 75% FTP | 01:00 @ 50% | 01:00 @ 109% | 02:00 @ 50% | ramp 03:00 @ 50% FTP - 90% FTP | 04:00 @ 90% | 03:00 @ 50% | 7x [00:10 @ 130%, 04:50 @ 70%] | cooldown 05:00 @ 75% FTP - 45% FTP",endurance-1,https://mywhooshinfo.com/workouts/workout/endurance-1
79,Endurance #2,Under 35 min,Under 35 min,Z2 - Endurance,Z1 - Recovery; Z2 - Endurance; Z5 - VO2Max; Z6 - Anaerobic,31:20,31.3,1880,22,0.66,,False,False,"Long, low-intensity efforts aren't the only method to build endurance. Incorporating short surges into a steady effort will increase your oxygen uptake and training stimulus.","warmup 04:00 @ 45% FTP - 75% FTP | 00:30 @ 50% | 01:00 @ 109% | ramp 04:00 @ 56% FTP - 75% FTP | 4x [00:10 @ 150%, 04:00 @ 56%] | 00:10 @ 150% | cooldown 05:00 @ 75% FTP - 45% FTP",endurance-2,https://mywhooshinfo.com/workouts/workout/endurance-2
10997,Endurance #2,All training plan workouts,All training plan workouts,Z2 - Endurance,Z1 - Recovery; Z2 - Endurance; Z3 - Tempo; Z5 - VO2Max; Z6 - Anaerobic,58:15,58.2,3495,48,0.71,,True,False,"Long, low-intensity efforts aren't the only way to build endurance. By incorporating short surges into a steady effort, you will increase your oxygen uptake and training stimulus. Completing a low-intensity effort with a surge every 4 minutes should feel comfortable, but the constant change in power and surging will provide you with significant gains in endurance.",warmup 06:00 @ 45% FTP - 75% FTP | 01:00 @ 50% | 01:00 @ 109% | 02:00 @ 50% | ramp 03:00 @ 50% FTP - 90% FTP | 04:00 @ 90% | 03:00 @ 50% | ramp 04:00 @ 56% FTP - 75% FTP | 00:10 @ 150% | ramp 03:55 @ 56% FTP - 75% FTP | 00:10 @ 150% | ramp 04:00 @ 56% FTP - 75% FTP | 00:10 @ 150% | ramp 04:00 @ 56% FTP - 75% FTP | 00:10 @ 150% | ramp 04:00 @ 56% FTP - 75% FTP | 00:10 @ 150% | ramp 04:00 @ 56% FTP - 75% FTP | 00:10 @ 150% | ramp 04:00 @ 56% FTP - 75% FTP | 00:10 @ 150% | ramp 04:00 @ 56% FTP - 75% FTP | 00:10 @ 150% | cooldown 05:00 @ 75% FTP - 45% FTP,endurance-2-yew0,https://mywhooshinfo.com/workouts/workout/endurance-2-yew0
10708,Endurance #2,All training plan workouts,All training plan workouts,Z2 - Endurance,Z1 - Recovery; Z2 - Endurance; Z3 - Tempo; Z5 - VO2Max; Z6 - Anaerobic,01:02:30,62.5,3750,51,0.7,,True,False,"Long, low-intensity efforts aren't the only method to build endurance. By incorporating short surges into a steady effort, you will increase your oxygen uptake and training stimulus. Completing a low-intensity effort with a surge every 4 minutes should feel comfortable, but the constant change in power and surging will provide you with significant gains in endurance.",warmup 06:00 @ 45% FTP - 75% FTP | 01:00 @ 50% | 01:00 @ 109% | 02:00 @ 50% | ramp 03:00 @ 50% FTP - 90% FTP | 04:00 @ 90% | 03:00 @ 50% | ramp 04:00 @ 56% FTP - 75% FTP | 00:10 @ 150% | ramp 04:00 @ 56% FTP - 75% FTP | 00:10 @ 150% | ramp 04:00 @ 56% FTP - 75% FTP | 00:10 @ 150% | ramp 04:00 @ 56% FTP - 75% FTP | 00:10 @ 150% | ramp 04:00 @ 56% FTP - 75% FTP | 00:10 @ 150% | ramp 04:00 @ 56% FTP - 75% FTP | 00:10 @ 150% | ramp 04:00 @ 56% FTP - 75% FTP | 00:10 @ 150% | ramp 04:00 @ 56% FTP - 75% FTP | 00:10 @ 150% | ramp 04:00 @ 56% FTP - 75% FTP | 00:10 @ 150% | cooldown 05:00 @ 55% FTP - 45% FTP,endurance-2-1z1x,https://mywhooshinfo.com/workouts/workout/endurance-2-1z1x
10313,Endurance #2,Endurance,All training plan workouts; Endurance,Z2 - Endurance,Z1 - Recovery; Z2 - Endurance; Z3 - Tempo; Z5 - VO2Max; Z6 - Anaerobic,01:02:30,62.5,3750,52,0.71,,True,False,"Long, low-intensity efforts aren't the only method to build endurance. By incorporating short surges into a steady effort, you will increase your oxygen uptake and training stimulus. Completing a low-intensity effort with a surge every 4 minutes should feel comfortable, but the constant change in power and surging will provide you with significant gains in endurance.",warmup 06:00 @ 45% FTP - 75% FTP | 01:00 @ 50% | 01:00 @ 109% | 02:00 @ 50% | ramp 03:00 @ 50% FTP - 90% FTP | 04:00 @ 90% | 03:00 @ 50% | ramp 04:00 @ 56% FTP - 75% FTP | 00:10 @ 150% | ramp 04:00 @ 56% FTP - 75% FTP | 00:10 @ 150% | ramp 04:00 @ 56% FTP - 75% FTP | 00:10 @ 150% | ramp 04:00 @ 56% FTP - 75% FTP | 00:10 @ 150% | ramp 04:00 @ 56% FTP - 75% FTP | 00:10 @ 150% | ramp 04:00 @ 56% FTP - 75% FTP | 00:10 @ 150% | ramp 04:00 @ 56% FTP - 75% FTP | 00:10 @ 150% | ramp 04:00 @ 56% FTP - 75% FTP | 00:10 @ 150% | ramp 04:00 @ 56% FTP - 75% FTP | 00:10 @ 150% | cooldown 05:00 @ 75% FTP - 45% FTP,endurance-2-6xin,https://mywhooshinfo.com/workouts/workout/endurance-2-6xin
80,Endurance #3,Under 35 min,Under 35 min,Z3 - Tempo,Z1 - Recovery; Z2 - Endurance; Z3 - Tempo; Z5 - VO2Max,32:20,32.3,1940,28,0.73,,False,True,Endurance sessions are the ideal time to focus on improving your pedalling. Power is not the focus of this session.,warmup 03:00 @ 45% FTP - 60% FTP | 01:00 @ 65% | 01:00 @ 81% | 01:00 @ 109% | 01:00 @ 50% | 02:00 @ 90% | 01:00 @ 50% | 01:00 @ 85% @ 110RPM | 01:00 @ 50% @ 85RPM | ramp 05:00 @ 60% FTP - 75% FTP | 00:20 @ 110% | ramp 05:00 @ 75% FTP - 60% FTP | 02:00 @ 90% @ 100RPM | 02:00 @ 60% @ 90RPM | 01:00 @ 85% @ 110RPM | 01:00 @ 50% @ 85RPM | 01:00 @ 85% @ 110RPM | 03:00 @ 50% @ 85RPM,endurance-3,https://mywhooshinfo.com/workouts/workout/endurance-3
11004,Endurance #3,All training plan workouts,All training plan workouts,Z2 - Endurance,Z1 - Recovery; Z2 - Endurance; Z3 - Tempo; Z4 - Threshold; Z5 - VO2Max,58:20,58.3,3500,52,0.74,,True,False,"Endurance sessions are the ideal time to focus on improving your pedalling. Power is not the focus in this session: Throughout today's endurance ride we will be increasing the stress on your cardiovascular endurance, by challenging your ability to pedal at a high cadence. This is a fun session that includes a range of high rpm intervals.","warmup 03:00 @ 45% FTP - 60% FTP | 01:00 @ 60% | 01:00 @ 65% | 01:00 @ 81% | 01:00 @ 109% | 02:00 @ 50% | 03:00 @ 90% | 03:00 @ 50% | 4x [01:00 @ 85%, 01:00 @ 50%] | ramp 05:00 @ 60% FTP - 75% FTP | 00:20 @ 110% | ramp 05:00 @ 75% FTP - 60% FTP | 2x [04:00 @ 90%, 04:00 @ 60%] | 2x [01:00 @ 85%, 01:00 @ 50%] | cooldown 05:00 @ 75% FTP - 45% FTP",endurance-3-zc8c,https://mywhooshinfo.com/workouts/workout/endurance-3-zc8c
278,Endurance #3,Endurance,All training plan workouts; Endurance,Z2 - Endurance,Z1 - Recovery; Z2 - Endurance; Z3 - Tempo; Z5 - VO2Max,01:06:20,66.3,3980,59,0.73,,True,False,"Endurance sessions are the ideal time to focus on improving your pedalling. Power is not the focus in this session: Throughout today's endurance ride, we will be increasing the stress on your cardiovascular endurance by challenging your ability to pedal at a high cadence.","warmup 03:00 @ 45% FTP - 60% FTP | 01:00 @ 60% | 01:00 @ 65% | 01:00 @ 81% | 01:00 @ 109% | 02:00 @ 50% | 03:00 @ 90% | 03:00 @ 50% | 6x [01:00 @ 85%, 01:00 @ 50%] | ramp 05:00 @ 60% FTP - 75% FTP | 00:20 @ 110% | ramp 05:00 @ 75% FTP - 60% FTP | 2x [05:00 @ 90%, 05:00 @ 60%] | 2x [01:00 @ 85%, 01:00 @ 50%] | cooldown 05:00 @ 55% FTP - 45% FTP",endurance-3-0bbf,https://mywhooshinfo.com/workouts/workout/endurance-3-0bbf
10264,Endurance #3,All training plan workouts,All training plan workouts,Z3 - Tempo,Z1 - Recovery; Z2 - Endurance; Z3 - Tempo; Z5 - VO2Max,01:06:20,66.3,3980,60,0.74,,True,False,"Endurance sessions are the ideal time to focus on improving your pedalling. Power is not the focus in this session: Throughout today&apos;s endurance ride we will be increasing the focus on your cardiovascular endurance, by challenging your ability to pedal at a high cadence.","warmup 03:00 @ 45% FTP - 60% FTP | 01:00 @ 60% | 01:00 @ 65% | 01:00 @ 81% | 01:00 @ 109% | 02:00 @ 50% | 03:00 @ 90% | 03:00 @ 50% | 6x [01:00 @ 85%, 01:00 @ 50%] | ramp 05:00 @ 60% FTP - 75% FTP | 00:20 @ 110% | ramp 05:00 @ 75% FTP - 60% FTP | 2x [05:00 @ 90%, 05:00 @ 60%] | 2x [01:00 @ 85%, 01:00 @ 50%] | cooldown 05:00 @ 75% FTP - 45% FTP",endurance-3-3jdb,https://mywhooshinfo.com/workouts/workout/endurance-3-3jdb
279,Endurance #4,Endurance,All training plan workouts; Endurance,Z2 - Endurance,Z1 - Recovery; Z2 - Endurance; Z3 - Tempo; Z6 - Anaerobic,01:03:00,63.0,3780,60,0.76,Si Bradeley,True,False,"Building endurance doesn't only involve long, low power efforts. In this session, we challenge your aerobic energy pathways with various efforts. Opening with a 10min Zone 2 effort, we build into some neuromuscular work before finishing with a Zone 3 effort that starts at the top of the range and gradually decreases.","warmup 05:00 @ 45% FTP - 75% FTP | 5x [00:30 @ 65%, 00:30 @ 89%] | 03:00 @ 50% | 00:30 @ 125% | ramp 10:00 @ 55% FTP - 75% FTP | 4x [00:15 @ 150%, 05:00 @ 76%] | ramp 03:00 @ 75% FTP - 50% FTP | 00:30 @ 125% | ramp 10:00 @ 90% FTP - 76% FTP | cooldown 05:00 @ 60% FTP - 45% FTP",endurance-4,https://mywhooshinfo.com/workouts/workout/endurance-4
280,Endurance #5,Endurance,All training plan workouts; Endurance,Z2 - Endurance,Z1 - Recovery; Z2 - Endurance; Z4 - Threshold; Z6 - Anaerobic,49:05,49.1,2945,44,0.74,,True,False,"Continuing our focus on building base fitness, in today's session, we are again aiming to build aerobic power and efficiency by riding within Zone 2 for an extended period. During the session, we also focus on pedalling mechanics by completing a variety of cadence drills.",warmup 05:00 @ 42% FTP - 70% FTP | 05:00 @ 65% | ramp 02:00 @ 65% FTP - 73% FTP | 05:00 @ 73% | ramp 02:00 @ 68% FTP - 73% FTP | 01:50 @ 65% | 03:00 @ 65% | ramp 05:00 @ 66% FTP - 75% FTP | 10:00 @ 73% | 05:00 @ 95% | 00:15 @ 170% | cooldown 05:00 @ 65% FTP - 41% FTP,endurance-5,https://mywhooshinfo.com/workouts/workout/endurance-5
281,Endurance #6,Endurance,All training plan workouts; Endurance,Z2 - Endurance,Z1 - Recovery; Z2 - Endurance; Z4 - Threshold,59:35,59.6,3575,54,0.74,Si Bradeley,True,True,"In between higher intensity sessions, it's essential to allow for recovery while still maintaining your training volume. Base training (or Zone 2) will enable you to work on your aerobic fitness while still allowing you to recover for the next higher intensity session. Training is flexible. It's also ok to miss a day if you have to. Just complete the missed session the next day.",warmup 05:00 @ 40% FTP - 75% FTP | 01:00 @ 50% | ramp 10:00 @ 64% FTP - 71% FTP @ 90RPM | ramp 05:00 @ 62% FTP - 71% FTP @ 85RPM | ramp 05:00 @ 62% FTP - 71% FTP @ 90RPM | 05:00 @ 74% @ 95RPM | ramp 07:00 @ 64% FTP - 71% FTP @ 90RPM | 05:00 @ 95% | 05:00 @ 65% | 05:00 @ 95% | cooldown 06:35 @ 64% FTP - 50% FTP,endurance-6,https://mywhooshinfo.com/workouts/workout/endurance-6
282,Endurance #7,Endurance,All training plan workouts; Endurance,Z2 - Endurance,Z1 - Recovery; Z2 - Endurance; Z3 - Tempo,58:00,58.0,3480,44,0.68,,False,False,"After warming up, the focus today is on improving your aerobic endurance. The main set consists of a variety of low-intensity aerobic efforts. Relax and enjoy the ride today.",warmup 10:00 @ 45% FTP - 75% FTP | 01:00 @ 63% | 07:00 @ 73% | 01:00 @ 63% | 06:00 @ 68% | 01:00 @ 63% | 07:00 @ 73% | 01:00 @ 63% | 06:00 @ 68% | 01:00 @ 63% | 07:00 @ 73% | cooldown 10:00 @ 75% FTP - 45% FTP,endurance-7,https://mywhooshinfo.com/workouts/workout/endurance-7
10200,Endurance #7,All training plan workouts,All training plan workouts,Z2 - Endurance,Z1 - Recovery; Z2 - Endurance,58:00,58.0,3480,43,0.67,,False,False,"In between sessions of higher intensity, it is essential to allow for recovery, while still maintaining your training volume. Endurance training, allows you to work on your aerobic fitness while still enabling you to recover for the next higher intensity session.",01:40 @ 45% | 01:40 @ 51% | 01:40 @ 55% | 01:40 @ 60% | 01:40 @ 64% | 01:40 @ 70% | 01:00 @ 63% | 07:00 @ 73% | 01:00 @ 63% | 06:00 @ 68% | 01:00 @ 63% | 07:00 @ 73% | 01:00 @ 63% | 06:00 @ 68% | 01:00 @ 63% | 07:00 @ 73% | 01:40 @ 70% | 01:40 @ 64% | 01:40 @ 60% | 01:40 @ 55% | 01:40 @ 51% | 01:40 @ 45%,endurance-7-8t9r,https://mywhooshinfo.com/workouts/workout/endurance-7-8t9r
283,Endurance #8,Endurance,All training plan workouts; Endurance,Z2 - Endurance,Z1 - Recovery; Z2 - Endurance; Z3 - Tempo,01:24:00,84.0,5040,66,0.69,,False,False,"Relax and enjoy the ride today. After warming up, the focus today is on improving your aerobic endurance. The main set consists of a variety of low-intensity aerobic efforts.",03:00 @ 50% | 03:00 @ 55% | 01:30 @ 50% | 01:30 @ 70% | 01:30 @ 70% | 01:30 @ 50% | 01:30 @ 50% | 01:30 @ 70% | 03:00 @ 60% | 02:00 @ 75% | 01:00 @ 60% | 03:00 @ 70% | 01:00 @ 65% | 03:00 @ 70% | 02:00 @ 65% | 03:00 @ 80% | 02:00 @ 65% | 03:00 @ 60% | 02:00 @ 70% | 01:00 @ 60% | 03:00 @ 55% | 01:00 @ 65% | 03:00 @ 60% | 02:00 @ 75% | 03:00 @ 80% | 02:00 @ 70% | 03:00 @ 80% | 02:00 @ 75% | 01:00 @ 65% | 03:00 @ 70% | 01:00 @ 65% | 03:00 @ 75% | 02:00 @ 65% | 03:00 @ 80% | 02:00 @ 70% | 03:00 @ 80% | 02:00 @ 75% | 01:00 @ 60% | 03:00 @ 50%,endurance-8,https://mywhooshinfo.com/workouts/workout/endurance-8
183,Endurance + 10min Best Effort,Endurance,Endurance; Testing,Z4 - Threshold,Free Ride; Z1 - Recovery; Z2 - Endurance; Z4 - Threshold; Z6 - Anaerobic,02:00:00,120.0,7200,97,0.7,,True,False,"Producing peak power late in the race is a critical element of performance. After warming up, the workout provides you with a block of free-riding where the aim is to ride within zones 2 to 3. This period of riding serves to build fatigue and deplete vital glycogen stores. The session is then completed with a 10 minute 'best effort'. The aim is for this effort to be close to your FTP power.","03:00 @ 50% | 4x [00:10 @ 150%, 00:50 @ 50%] | 03:00 @ 70% | 02:00 @ 50% | 05:00 @ 90% | 03:00 @ 50% | 01:25:00 @ Free ride | 10:00 @ Free ride | 05:00 @ 50%",endurance-10min-best-effort,https://mywhooshinfo.com/workouts/workout/endurance-10min-best-effort
15,Endurance 12's #1,Beginner,All training plan workouts; Beginner; Endurance,Z3 - Tempo,Z1 - Recovery; Z2 - Endurance; Z3 - Tempo; Z4 - Threshold,01:03:00,63.0,3780,54,0.72,Si Bradeley,True,False,"The primary goal of endurance training is to improve your ability to preserve glycogen. The more efficient you are in your fuel source, the more energy you will have for the finale. Aerobic Endurance workouts are aimed at improving your efficiency at lower intensity levels. You are training your muscles to access fat as its primary fuel source and preserve your precious glycogen stores for the finale. After warming up, you will be completing 3 x 12min aerobic efforts with 3min recovery.","05:00 @ 50% | 03:00 @ 70% | 02:00 @ 50% | 03:00 @ 90% | 03:00 @ 50% | 3x [00:30 @ 90%, 03:30 @ 75%] | 03:00 @ 50% | 3x [00:30 @ 90%, 03:30 @ 75%] | 03:00 @ 50% | 3x [00:30 @ 90%, 03:30 @ 75%] | cooldown 05:00 @ 75% FTP - 45% FTP",endurance-12-s-1,https://mywhooshinfo.com/workouts/workout/endurance-12-s-1
286,Endurance 12's #2,Endurance,All training plan workouts; Endurance,Z2 - Endurance,Z1 - Recovery; Z2 - Endurance; Z3 - Tempo,01:11:00,71.0,4260,62,0.73,,True,False,"Aerobic Endurance workouts are aimed at improving your efficiency at lower intensity levels. You are training your muscles to access fat as its primary fuel source and preserve your precious glycogen stores for the finale. After warming up, you will be completing 4 x 12-minute aerobic efforts with a 3-minute recovery. Keep an eye on your heart rate response to the sustained power. Are you achieving the same heart rate in the third effort as the first?","warmup 05:00 @ 45% FTP - 70% FTP | 01:00 @ 70% | 01:00 @ 50% | 01:00 @ 90% | 01:00 @ 50% | 3x [00:30 @ 90%, 03:30 @ 75%] | 03:00 @ 50% | 3x [00:30 @ 90%, 03:30 @ 75%] | 03:00 @ 50% | 3x [00:30 @ 90%, 03:30 @ 75%] | 03:00 @ 50% | 3x [00:30 @ 90%, 03:30 @ 75%] | cooldown 05:00 @ 75% FTP - 45% FTP",endurance-12-s-2,https://mywhooshinfo.com/workouts/workout/endurance-12-s-2
16,Endurance 8's,Beginner,All training plan workouts; Beginner; Endurance,Z2 - Endurance,Z1 - Recovery; Z2 - Endurance; Z3 - Tempo,51:00,51.0,3060,41,0.7,,False,False,"The primary goal of endurance training is to improve your ability to preserve glycogen. The more efficient you are in your fuel source, the more energy you will have for the finale. Aerobic Endurance workouts are aimed at improving your efficiency at lower intensity levels. You are training your muscles to access fat as its primary fuel source and preserve your precious glycogen stores for the finale. After warming up, you will be completing 3 x 8min aerobic efforts with 3min recovery.",05:00 @ 50% | 03:00 @ 70% | 02:00 @ 50% | 03:00 @ 90% | 03:00 @ 50% | 08:00 @ 77% | 03:00 @ 50% | 08:00 @ 75% | 03:00 @ 50% | 08:00 @ 73% | 01:15 @ 70% | 01:15 @ 64% | 01:15 @ 56% | 01:15 @ 45%,endurance-8-s,https://mywhooshinfo.com/workouts/workout/endurance-8-s
10228,Endurance 8's #1,All training plan workouts,All training plan workouts,Z2 - Endurance,Z1 - Recovery; Z2 - Endurance; Z3 - Tempo,51:00,51.0,3060,40,0.69,,False,False,"The primary goal of endurance training is to improve your ability to preserve glycogen. The more efficient you are in your fuel source, the more energy you will have for the finale. Aerobic Endurance workouts are aimed at improving your efficiency at lower intensity levels. You are training your muscles to access fat as its primary fuel source and preserve your precious glycogen stores for the finale. After warming up, you will be completing 3 x 8min aerobic efforts with 3min recovery.",05:00 @ 50% | 03:00 @ 70% | 02:00 @ 50% | 03:00 @ 90% | 03:00 @ 50% | 08:00 @ 77% | 03:00 @ 50% | 08:00 @ 75% | 03:00 @ 50% | 08:00 @ 73% | 01:15 @ 64% | 01:15 @ 60% | 01:15 @ 55% | 01:15 @ 45%,endurance-8-s-1,https://mywhooshinfo.com/workouts/workout/endurance-8-s-1
673,Endurance into Max Aerobic,VO2max,All training plan workouts; VO2max,Z5 - VO2Max,Z1 - Recovery; Z2 - Endurance; Z3 - Tempo; Z4 - Threshold; Z5 - VO2Max; Z6 - Anaerobic,38:00,38.0,2280,35,0.75,,False,False,"After a good warm-up, we are going to build some endurance and fatigue before preparing yourself for a Max Aerobic interval. We can't always start the intervals with fresh legs. The session provides a different training stimulus by including Zone 2 endurance before the high-intensity work.","warmup 05:00 @ 45% FTP - 70% FTP | 2x [00:10 @ 150%, 00:50 @ 50%] | 01:00 @ 103% | 15:00 @ 65% | 05:00 @ 85% | 01:00 @ 50% | 03:00 @ 109% | 01:00 @ 50% | cooldown 05:00 @ 70% FTP - 45% FTP",endurance-into-max-aerobic,https://mywhooshinfo.com/workouts/workout/endurance-into-max-aerobic
10595,Endurance or Group Ride,All training plan workouts,All training plan workouts,Free Ride,Free Ride,01:00:00,60.0,3600,0,0,,False,False,"A steady endurance ride today... You can do this solo or as part of a group ride. Turn erg mode off and just ride the route as it is. However, try not to go too hard today, keep your Heart Rate low and Rating of Perceived Exertion Low too.",01:00:00 @ Free ride,endurance-or-group-ride,https://mywhooshinfo.com/workouts/workout/endurance-or-group-ride
11113,Endurance Ride,All training plan workouts,All training plan workouts,Free Ride,Free Ride,01:00:00,60.0,3600,0,0,,False,False,"A steady endurance ride today... You can do this solo or as part of a group ride. Turn erg mode off and ride the route as it is. However, try not to go too hard today. Keep your Heart Rate low and your Rating of Perceived Exertion Low too. No big efforts!",01:00:00 @ Free ride,endurance-ride,https://mywhooshinfo.com/workouts/workout/endurance-ride
471,Endurance w/Sprints into Zone 3 #1,Tempo,All training plan workouts; Tempo,Z3 - Tempo,Free Ride; Z1 - Recovery; Z2 - Endurance; Z3 - Tempo; Z4 - Threshold; Z6 - Anaerobic,58:00,58.0,3480,59,0.79,,False,False,"High-intensity work is a little easier when fresh. In today's workout, the aim is to produce high intensity when fatigued. We build fatigue through endurance riding before completing a range of sprint efforts, leading a 5min Zone 3 effort.","03:00 @ 50% | 4x [00:10 @ 170%, 00:50 @ 50%] | ramp 02:00 @ 65% FTP - 75% FTP | 02:00 @ 50% | ramp 02:00 @ 76% FTP - 95% FTP | 30:00 @ Free ride | 01:00 @ 125% | 01:00 @ 50% | 00:30 @ 150% | 00:30 @ 50% | 00:15 @ 167% | 00:45 @ 50% | 00:10 @ 185% | 00:50 @ 50% | 05:00 @ 81% | 05:00 @ 50%",endurance-w-sprints-into-zone-3-1,https://mywhooshinfo.com/workouts/workout/endurance-w-sprints-into-zone-3-1
472,Endurance w/Sprints into Zone 3 #2,Tempo,All training plan workouts; Tempo,Z3 - Tempo,Free Ride; Z1 - Recovery; Z2 - Endurance; Z3 - Tempo; Z4 - Threshold; Z6 - Anaerobic,01:01:00,61.0,3660,74,0.85,,False,False,"High-intensity work is a little easier when fresh. In today's workout, the aim is to produce high intensity when fatigued. We build fatigue through endurance riding before completing a range of sprint efforts, leading a 5min Zone 3 effort.","03:00 @ 50% | 4x [00:10 @ 180%, 00:50 @ 50%] | ramp 02:00 @ 76% FTP - 95% FTP | 25:00 @ Free ride | 01:00 @ 125% | 01:00 @ 66% | 00:30 @ 150% | 00:30 @ 65% | 00:15 @ 167% | 00:45 @ 65% | 00:10 @ 185% | 00:50 @ 65% | 05:00 @ 81% | 02:00 @ 50% | 01:00 @ 125% | 01:00 @ 65% | 00:30 @ 150% | 00:30 @ 65% | 00:15 @ 167% | 00:45 @ 65% | 00:10 @ 185% | 00:50 @ 66% | 05:00 @ 81% | 05:00 @ 50%",endurance-w-sprints-into-zone-3-2,https://mywhooshinfo.com/workouts/workout/endurance-w-sprints-into-zone-3-2
222,"Endurance with 10 Sprints""",Anaerobic,All training plan workouts; Anaerobic; Sprint,Z6 - Anaerobic,Z1 - Recovery; Z2 - Endurance; Z6 - Anaerobic,01:02:00,62.0,3720,46,0.67,,True,False,"This session will help improve your endurance capacity and peak power efforts with a climbing focus, including 10-second maximal efforts throughout the ride and a mix of torque, power, and cadence. Carry out 4 x 9m30s minute blocks with the 10 seconds coming after every 3 minutes. NOTE. This session is best completed with erg. Mode turned OFF.","warmup 07:00 @ 40% FTP - 60% FTP | 3x [03:00 @ 50%, 00:10 @ 250%] | 04:00 @ 40% | 3x [03:00 @ 50%, 00:10 @ 250%] | 04:00 @ 40% | 3x [03:00 @ 50%, 00:10 @ 250%] | 04:00 @ 40% | 3x [03:00 @ 50%, 00:10 @ 250%] | 05:00 @ 40%",endurance-with-10-sprints,https://mywhooshinfo.com/workouts/workout/endurance-with-10-sprints
223,"Endurance with 15 Sprints""",Anaerobic,All training plan workouts; Anaerobic,Z6 - Anaerobic,Z1 - Recovery; Z2 - Endurance; Z6 - Anaerobic,01:03:00,63.0,3780,68,0.81,Si Bradeley,True,False,"This session will help improve your endurance capacity and peak power efforts with a climbing focus, including 15-second maximal efforts throughout the ride and a mix of torque, power, and cadence. Carry out 4 x 9m45s minute blocks with the 15 seconds coming after every 3 minutes. NOTE. This session is best completed with erg. Mode turned OFF.","warmup 07:00 @ 40% FTP - 60% FTP | 3x [03:00 @ 50%, 00:15 @ 250%] | 04:00 @ 40% | 3x [03:00 @ 50%, 00:15 @ 250%] | 04:00 @ 40% | 3x [03:00 @ 50%, 00:15 @ 250%] | 04:00 @ 40% | 3x [03:00 @ 50%, 00:15 @ 250%] | 05:00 @ 40%",endurance-with-15-sprints,https://mywhooshinfo.com/workouts/workout/endurance-with-15-sprints
11157,Endurance with 15sec Sprints,All training plan workouts,All training plan workouts,Z6 - Anaerobic,Z1 - Recovery; Z2 - Endurance; Z6 - Anaerobic,01:03:00,63.0,3780,68,0.81,Si Bradeley,True,False,"This session will help improve your endurance capacity and peak power efforts with a gravel focus. A progression from the previous week's sessions. Including 15-second maximal efforts throughout the ride, a mix of torque, power and cadence efforts. Carry out 4 x 9m45s minute blocks with the 15 seconds coming after every 3 minutes.","warmup 07:00 @ 40% FTP - 60% FTP | 3x [03:00 @ 50%, 00:15 @ 250%] | 04:00 @ 40% | 3x [03:00 @ 50%, 00:15 @ 250%] | 04:00 @ 40% | 3x [03:00 @ 50%, 00:15 @ 250%] | 04:00 @ 40% | 3x [03:00 @ 50%, 00:15 @ 250%] | 05:00 @ 40%",endurance-with-15sec-sprints,https://mywhooshinfo.com/workouts/workout/endurance-with-15sec-sprints
17,Endurance with 3 x 1min,Beginner,All training plan workouts; Beginner; Endurance,Z3 - Tempo,Free Ride; Z1 - Recovery; Z2 - Endurance; Z3 - Tempo; Z5 - VO2Max,50:00,50.0,3000,39,0.69,,True,False,"It is also essential to give yourself an adequate amount of recovery in any training phase. Today's session could be part of your recovery week but still have some structure. After guided through the warmup, the remaining session is primarily performed as a free ride. However, you will be prompted to complete 3 x 1min 'hard' intervals throughout the ride. Choose a course today that doesn't include a large amount of elevation gain.",warmup 05:00 @ 50% FTP - 70% FTP | 01:00 @ 56% | 01:00 @ 109% | 02:00 @ 57% | 03:00 @ 80% | 02:00 @ 57% | 08:00 @ Free ride | 01:00 @ Free ride | 08:00 @ Free ride | 01:00 @ Free ride | 08:00 @ Free ride | 01:00 @ Free ride | 05:00 @ Free ride | cooldown 04:00 @ 60% FTP - 50% FTP,endurance-with-3-x-1min,https://mywhooshinfo.com/workouts/workout/endurance-with-3-x-1min
10847,"Endurance with 30 Max""",All training plan workouts,All training plan workouts,Z6 - Anaerobic,Z1 - Recovery; Z2 - Endurance; Z6 - Anaerobic,51:30,51.5,3090,38,0.67,,True,False,"This session will help improve your pedalling efficiency and increase your cardiovascular capacity. Introducing the body to some sprint focussed efforts. Including 30 second maximal efforts within an endurance ride will prolong the training effect into the future. As well as give you an opportunity to put into practice a lot of the sprint technique stuff we have been working on. Carry out 3 x 10 minute blocks of alternating high/low cadence. At the end of each block, finish with a 30 second maximal effort.","warmup 07:00 @ 40% FTP - 60% FTP | 5x [01:00 @ 50%, 01:00 @ 50%] | 00:30 @ 175% | 04:00 @ 40% | 5x [01:00 @ 50%, 01:00 @ 50%] | 00:30 @ 175% | 04:00 @ 40% | 5x [01:00 @ 50%, 01:00 @ 50%] | 00:30 @ 175% | 05:00 @ 40%",endurance-with-30-max,https://mywhooshinfo.com/workouts/workout/endurance-with-30-max
10868,"Endurance with 30 Max""",All training plan workouts,All training plan workouts,Z6 - Anaerobic,Z1 - Recovery; Z2 - Endurance; Z6 - Anaerobic,57:30,57.5,3450,41,0.66,,True,False,"This session will help improve your pedalling efficiency and increase your cardiovascular capacity. Introducing the body to some sprint focussed efforts. Including 30 second maximal efforts within an endurance ride will prolong the training effect into the future. As well as give you an opportunity to put into practice a lot of the sprint technique stuff we have been working on. Carry out 3 x 12 minute blocks of alternating high/low cadence. At the end of each block, finish with a 30 second maximal effort.","warmup 07:00 @ 40% FTP - 60% FTP | 6x [01:00 @ 50%, 01:00 @ 50%] | 00:30 @ 175% | 04:00 @ 40% | 6x [01:00 @ 50%, 01:00 @ 50%] | 00:30 @ 175% | 04:00 @ 40% | 6x [01:00 @ 50%, 01:00 @ 50%] | 00:30 @ 175% | 05:00 @ 40%",endurance-with-30-max-2zxt,https://mywhooshinfo.com/workouts/workout/endurance-with-30-max-2zxt
10567,Endurance with 30&quot; Max,All training plan workouts,All training plan workouts,Z6 - Anaerobic,Z1 - Recovery; Z2 - Endurance; Z6 - Anaerobic,51:30,51.5,3090,38,0.67,,True,False,"This session will help improve your pedalling efficiency and increase your cardiovascular capacity. Introducing the body to some climbing focussed changes in cadence. Including 30 second maximal efforts within an endurance ride will prolong the training effect into the future. Carry out 3 x 10 minute blocks of alternating high/low cadence. At the end of each block, finish with a 30 second maximal effort.","warmup 07:00 @ 40% FTP - 60% FTP | 5x [01:00 @ 50%, 01:00 @ 50%] | 00:30 @ 175% | 04:00 @ 40% | 5x [01:00 @ 50%, 01:00 @ 50%] | 00:30 @ 175% | 04:00 @ 40% | 5x [01:00 @ 50%, 01:00 @ 50%] | 00:30 @ 175% | 05:00 @ 40%",endurance-with-30-quot-max,https://mywhooshinfo.com/workouts/workout/endurance-with-30-quot-max
289,Endurance with 30/30's,Endurance,All training plan workouts; Endurance,Z2 - Endurance,Z1 - Recovery; Z2 - Endurance; Z3 - Tempo; Z5 - VO2Max,34:00,34.0,2040,30,0.74,,False,False,"We don't always have the luxury of beginning the high-intensity work wholly fresh and fully recovered?the ability to hit our best numbers when fatigued is crucial to our racing performance. By completing a period of Zone 2 Endurance, we build fatigue in the legs before performing 6 x 30sec efforts @ Z5 Power with 30sec recovery.","warmup 05:00 @ 50% FTP - 70% FTP | 3x [00:30 @ 65%, 00:30 @ 80%] | 15:00 @ 65% | 6x [00:30 @ 113%, 00:30 @ 76%] | cooldown 05:00 @ 60% FTP - 50% FTP",endurance-with-30-30-s,https://mywhooshinfo.com/workouts/workout/endurance-with-30-30-s
224,Endurance with 30sec Max,Anaerobic,All training plan workouts; Anaerobic,Z6 - Anaerobic,Z1 - Recovery; Z2 - Endurance; Z6 - Anaerobic,51:30,51.5,3090,38,0.67,,True,False,"This session will help improve your pedalling efficiency and increase your cardiovascular capacity. You are introducing the body to some climbing focussed changes in cadence. Carry out 3 x 10-minute blocks of alternating high/low cadence. At the end of each block, finish with a 30-second maximal effort. Including 30-second maximal efforts within an endurance ride will prolong the training effect into the future.","warmup 07:00 @ 40% FTP - 60% FTP | 5x [01:00 @ 50%, 01:00 @ 50%] | 00:30 @ 175% | 04:00 @ 40% | 5x [01:00 @ 50%, 01:00 @ 50%] | 00:30 @ 175% | 04:00 @ 40% | 5x [01:00 @ 50%, 01:00 @ 50%] | 00:30 @ 175% | 05:00 @ 40%",endurance-with-30sec-max,https://mywhooshinfo.com/workouts/workout/endurance-with-30sec-max
290,Endurance with 30sec Surges,Endurance,All training plan workouts; Endurance,Z2 - Endurance,Z1 - Recovery; Z2 - Endurance; Z3 - Tempo; Z6 - Anaerobic,54:00,54.0,3240,48,0.74,Si Bradeley,True,False,"A lower-intensity endurance session today that incorporates 30-second surges. However, it would be best if you were hitting each effort fully recovered and refreshed with ample recovery.","warmup 05:00 @ 45% FTP - 75% FTP | 5x [00:30 @ 65%, 00:30 @ 89%] | 02:00 @ 50% | ramp 05:00 @ 76% FTP - 89% FTP | 02:00 @ 50% | 6x [00:30 @ 126%, 04:30 @ 65%] | 05:00 @ 50%",endurance-with-30sec-surges,https://mywhooshinfo.com/workouts/workout/endurance-with-30sec-surges
291,Endurance with 4 x 1min,Endurance,All training plan workouts; Endurance,Z2 - Endurance,Free Ride; Z1 - Recovery; Z2 - Endurance; Z4 - Threshold; Z5 - VO2Max,01:01:00,61.0,3660,52,0.72,,True,False,"It is also essential to give yourself an adequate amount of recovery in any training phase. Today's session could be part of your recovery week but still have some structure. After guided through the warmup, the remaining session is primarily performed as a free ride. However, you will be prompted to complete 4 x 1min 'hard' intervals throughout the ride. Choose a course today that doesn't include a large amount of elevation gain.",warmup 06:00 @ 46% FTP - 70% FTP | 01:00 @ 50% | 01:00 @ 109% | 02:00 @ 50% | 04:00 @ 90% | 02:00 @ 57% | 08:00 @ Free ride | 01:00 @ Free ride | 08:00 @ Free ride | 01:00 @ Free ride | 08:00 @ Free ride | 01:00 @ Free ride | 08:00 @ Free ride | 01:00 @ Free ride | 05:00 @ Free ride | cooldown 04:00 @ 60% FTP - 50% FTP,endurance-with-4-x-1min,https://mywhooshinfo.com/workouts/workout/endurance-with-4-x-1min
292,Endurance with 6 x 30's,Endurance,Endurance,Z2 - Endurance,Free Ride; Z1 - Recovery; Z2 - Endurance; Z3 - Tempo; Z4 - Threshold,02:00:00,120.0,7200,81,0.64,,True,False,"We don't always have the luxury of beginning the high-intensity work wholly fresh and fully recovered?the ability to hit our best numbers when fatigued is crucial to our racing performance. By completing a period of free-riding, we build some fatigue in the legs before performing 6 x 30sec maximal efforts with 4.5min recovery. These are strenuous efforts! Power will peak in the first 10sec, then drop off. This is a maximal effort right from the start.","03:00 @ 50% | 2x [01:00 @ 75%, 01:00 @ 50%] | 2x [01:00 @ 90%, 01:00 @ 50%] | 03:00 @ 50% | 58:30 @ Free ride | 04:30 @ 65% | 00:30 @ Free ride | 05:00 @ 65% | 00:30 @ Free ride | 05:00 @ 65% | 00:30 @ Free ride | 05:00 @ 65% | 00:30 @ Free ride | 05:00 @ 65% | 00:30 @ Free ride | 05:00 @ 65% | 00:30 @ Free ride | 05:00 @ 65% | cooldown 10:00 @ 60% FTP - 50% FTP",endurance-with-6-x-30-s,https://mywhooshinfo.com/workouts/workout/endurance-with-6-x-30-s
11085,Endurance with max bursts,All training plan workouts,All training plan workouts,Z6 - Anaerobic,Z1 - Recovery; Z2 - Endurance; Z6 - Anaerobic,51:30,51.5,3090,38,0.67,,True,False,"This session will help improve your pedalling efficiency and increase your cardiovascular capacity. Introducing the body to some maximal efforts. Including 30-second maximal efforts within an endurance ride will prolong the training effect into the future. So the benefits of this FTP plan will stick around for longer! Carry out 3 x 10-minute blocks of alternating high/low cadence. At the end of each block, finish with a 30-second maximal effort.","warmup 07:00 @ 40% FTP - 60% FTP | 5x [01:00 @ 50%, 01:00 @ 50%] | 00:30 @ 175% | 04:00 @ 40% | 5x [01:00 @ 50%, 01:00 @ 50%] | 00:30 @ 175% | 04:00 @ 40% | 5x [01:00 @ 50%, 01:00 @ 50%] | 00:30 @ 175% | 05:00 @ 40%",endurance-with-max-bursts,https://mywhooshinfo.com/workouts/workout/endurance-with-max-bursts
11207,Endurance with Short Sprints,All training plan workouts,All training plan workouts,Z6 - Anaerobic,Z1 - Recovery; Z2 - Endurance; Z6 - Anaerobic,01:01:12,61.2,3672,33,0.57,,True,False,"This session will help improve your endurance capacity and peak power efforts with a gravel focus. Including 6-second maximal efforts throughout the ride, a mix of torque, power and cadence efforts. Carry out 4 x 9m18s minute blocks with the 6 seconds coming every 3 minutes.","warmup 07:00 @ 40% FTP - 60% FTP | 3x [03:00 @ 50%, 00:06 @ 250%] | 04:00 @ 40% | 3x [03:00 @ 50%, 00:06 @ 250%] | 04:00 @ 40% | 3x [03:00 @ 50%, 00:06 @ 250%] | 04:00 @ 40% | 3x [03:00 @ 50%, 00:06 @ 250%] | 05:00 @ 40%",endurance-with-short-sprints-95s1,https://mywhooshinfo.com/workouts/workout/endurance-with-short-sprints-95s1
11094,Endurance with Short Sprints,All training plan workouts,All training plan workouts,Z6 - Anaerobic,Z1 - Recovery; Z2 - Endurance; Z6 - Anaerobic,01:02:00,62.0,3720,46,0.67,,True,False,"This session will help improve your endurance capacity and peak power efforts. Although there is no obvious impact on improving your FTP. By working on your sprint powers, you will become a more rounded cyclist and able to produce good power across a range of durations. Including 10-second maximal efforts throughout the ride, a mix of torque, power and cadence efforts. Carry out 4 x 9m 30s minute blocks with the 10 seconds coming after every 3 minutes. NOTE. This session is best completed with Erg mode turned OFF.","warmup 07:00 @ 40% FTP - 60% FTP | 3x [03:00 @ 50%, 00:10 @ 250%] | 04:00 @ 40% | 3x [03:00 @ 50%, 00:10 @ 250%] | 04:00 @ 40% | 3x [03:00 @ 50%, 00:10 @ 250%] | 04:00 @ 40% | 3x [03:00 @ 50%, 00:10 @ 250%] | 05:00 @ 40%",endurance-with-short-sprints,https://mywhooshinfo.com/workouts/workout/endurance-with-short-sprints
674,Escalating 3min VO2max,VO2max,All training plan workouts; VO2max,Z5 - VO2Max,Z1 - Recovery; Z2 - Endurance; Z4 - Threshold; Z5 - VO2Max,52:00,52.0,3120,60,0.83,Si Bradeley,True,False,"There's no escaping the fact that VO2max intervals are hard work. However, with the right amount of VO2max work, there are significant gains in your ability to sustain high power. VO2max is the amount of oxygen your body can use at a sustained maximal output. The more oxygen your body can absorb, the more power you produce. In today's session, we are focussing on 3min VO2max efforts. However, we will escalate the intensity of each interval, starting with 'hard' and finishing with 'hardest'!",warmup 06:00 @ 45% FTP - 70% FTP | 01:00 @ 50% | 01:00 @ 109% | 02:00 @ 50% | 04:00 @ 90% | 03:00 @ 50% | 03:00 @ 105% | 01:00 @ 50% | 04:00 @ 65% | 01:00 @ 50% | 03:00 @ 108% | 01:00 @ 50% | 04:00 @ 65% | 01:00 @ 50% | 03:00 @ 112% | 01:00 @ 50% | 04:00 @ 65% | 01:00 @ 50% | 03:00 @ 115% | 05:00 @ 50%,escalating-3min-vo2max,https://mywhooshinfo.com/workouts/workout/escalating-3min-vo2max
407,Explosive Climb,Sweetspot,All training plan workouts; Sweetspot,Z3 - Tempo,Z1 - Recovery; Z2 - Endurance; Z3 - Tempo; Z4 - Threshold; Z6 - Anaerobic,58:00,58.0,3480,63,0.81,,True,True,"You are attacking your way into the base of the long climbs today. By completing a high-powered effort at the bottom of the climb, you will build up lactate, becoming the predominant fuel source. But the main focus today is on completing very long, low cadence efforts.","warmup 07:00 @ 45% FTP - 75% FTP | 03:00 @ 95% | 05:00 @ 50% | 3x [00:15 @ 150%, 00:15 @ 65%] | ramp 15:00 @ 80% FTP - 92% FTP @ 75RPM | 05:00 @ 50% | 3x [00:15 @ 150%, 00:15 @ 65%] | ramp 15:00 @ 92% FTP - 80% FTP @ 80RPM | 05:00 @ 50%",explosive-climb,https://mywhooshinfo.com/workouts/workout/explosive-climb
81,Explosive Climb #1,Under 35 min,Under 35 min,Z4 - Threshold,Z1 - Recovery; Z2 - Endurance; Z3 - Tempo; Z4 - Threshold; Z6 - Anaerobic,34:40,34.7,2080,43,0.86,,False,True,"You are attacking your way into the base of the climbs today! By performing a high powered effort at the bottom of the climb, you will build up some lactate before completing a zone 4 effort.",warmup 04:00 @ 45% FTP - 75% FTP | 01:00 @ 95% | 02:00 @ 50% | 00:20 @ 150% | 00:20 @ 50% | ramp 05:00 @ 90% FTP - 104% FTP @ 75RPM | 03:00 @ 50% | 00:30 @ 140% | 00:30 @ 50% | ramp 05:00 @ 90% FTP - 104% FTP @ 80RPM | 03:00 @ 50% | 01:00 @ 130% | 01:00 @ 50% | ramp 05:00 @ 90% FTP - 104% FTP @ 85RPM | 03:00 @ 50%,explosive-climb-1,https://mywhooshinfo.com/workouts/workout/explosive-climb-1
593,Explosive Climb #1,Threshold,Threshold,Z4 - Threshold,Z1 - Recovery; Z2 - Endurance; Z4 - Threshold; Z6 - Anaerobic,58:40,58.7,3520,65,0.82,Si Bradeley,True,True,"You are attacking your way into the base of the climbs today! By performing a high powered effort at the bottom of the climb, you will build up some lactate before completing a zone 4 effort. But today is all about high crank torque. That means low cadence efforts.",warmup 07:00 @ 45% FTP - 75% FTP | 03:00 @ 95% | 05:00 @ 50% | 00:20 @ 150% | 00:20 @ 50% | ramp 05:00 @ 90% FTP - 104% FTP @ 75RPM | 05:00 @ 50% | 00:30 @ 140% | 00:30 @ 50% | ramp 05:00 @ 90% FTP - 104% FTP @ 80RPM | 05:00 @ 50% | 01:00 @ 130% | 01:00 @ 50% | ramp 05:00 @ 90% FTP - 104% FTP @ 85RPM | 05:00 @ 50% | 05:00 @ 95% | 05:00 @ 50%,explosive-climb-1-315g,https://mywhooshinfo.com/workouts/workout/explosive-climb-1-315g
293,Explosive Endurance 12's,Endurance,Endurance,Z2 - Endurance,Z1 - Recovery; Z2 - Endurance; Z3 - Tempo; Z6 - Anaerobic,52:50,52.8,3170,61,0.84,,True,False,"Building upon our earlier 'Endurance 12' session, this time, we are going to perform a series of short, explosive efforts leading into the 12min aerobic effort. This is to teach your muscles to use lactate as a fuel source and to clear the waste products while performing a lower intensity effort. Keep an eye on your heart rate after the 12min intervals. Are you achieving the same heart rate for both intervals?","05:00 @ 50% | 4x [00:10 @ 150%, 00:45 @ 50%] | 03:00 @ 70% | 03:00 @ 50% | 00:10 @ 200% | 00:24 @ 60% | 00:20 @ 200% | 00:40 @ 60% | 00:30 @ 200% | 01:00 @ 60% | 12:00 @ 75% | 03:00 @ 50% | 00:12 @ 200% | 00:24 @ 60% | 00:20 @ 200% | 00:40 @ 60% | 00:30 @ 200% | 01:00 @ 60% | 12:00 @ 75% | 05:00 @ 50%",explosive-endurance-12-s,https://mywhooshinfo.com/workouts/workout/explosive-endurance-12-s
595,Explosive Power / Climb 5,Threshold,All training plan workouts; Threshold,Z4 - Threshold,Z1 - Recovery; Z2 - Endurance; Z4 - Threshold; Z6 - Anaerobic,58:38,58.6,3518,72,0.86,Si Bradeley,False,True,"Like attacking a climb, this session requires you to produce a short, high power effort before settling into a 5-minute low cadence threshold effort. Alternate between standing and sitting every minute during the 5min efforts. The session then finishes with a 10min, high cadence effort.",warmup 10:00 @ 45% FTP - 71% FTP | 00:19 @ 150% | 00:19 @ 55% | ramp 05:00 @ 90% FTP - 104% FTP @ 70RPM | 05:00 @ 55% | 00:30 @ 150% | 00:30 @ 55% | ramp 05:00 @ 90% FTP - 104% FTP @ 75RPM | 05:00 @ 55% | 01:00 @ 150% | 01:00 @ 55% | ramp 05:00 @ 90% FTP - 104% FTP @ 80RPM | 05:00 @ 55% | 10:00 @ 100% @ 100RPM | 05:00 @ 50%,explosive-power-climb-5,https://mywhooshinfo.com/workouts/workout/explosive-power-climb-5
82,Explosive Power into Tempo #1,Under 35 min,Under 35 min,Z3 - Tempo,Z1 - Recovery; Z2 - Endurance; Z3 - Tempo; Z4 - Threshold; Z6 - Anaerobic,33:00,33.0,1980,34,0.8,Tim Don,False,False,Not all Tempo work is equal. The intensity immediately before the Tempo work influences the fuel used to produce this effort.,"warmup 04:00 @ 45% FTP - 75% FTP | 2x [01:00 @ 95%, 01:00 @ 55%] | 00:20 @ 160% | ramp 04:00 @ 90% FTP - 76% FTP | 03:00 @ 50% | 00:20 @ 160% | ramp 05:00 @ 90% FTP - 76% FTP | 03:00 @ 50% | 00:20 @ 160% | ramp 06:00 @ 90% FTP - 76% FTP | 03:00 @ 50%",explosive-power-into-tempo-1,https://mywhooshinfo.com/workouts/workout/explosive-power-into-tempo-1
473,Explosive Power into Tempo #1,Tempo,All training plan workouts; Tempo,Z3 - Tempo,Z1 - Recovery; Z2 - Endurance; Z3 - Tempo; Z4 - Threshold; Z6 - Anaerobic,55:00,55.0,3300,56,0.78,Si Bradeley,True,False,"Not all Tempo work is equal. The intensity immediately before the Tempo work influences the fuel used to produce this effort. In this session, we focus on your ability to ride at a tempo effort after first producing a short, high powered acceleration. However, the target power of the tempo interval descends throughout the effort.","warmup 05:00 @ 45% FTP - 75% FTP | 2x [01:00 @ 80%, 01:00 @ 56%] | 2x [01:00 @ 95%, 01:00 @ 55%] | 02:00 @ 55% | 05:00 @ 95% | 05:00 @ 50% | 00:20 @ 160% | ramp 05:00 @ 90% FTP - 76% FTP | 03:00 @ 50% | 00:20 @ 160% | ramp 06:00 @ 90% FTP - 76% FTP | 03:00 @ 50% | 00:20 @ 160% | ramp 07:00 @ 90% FTP - 76% FTP | 05:00 @ 50%",explosive-power-into-tempo-1-a5y4,https://mywhooshinfo.com/workouts/workout/explosive-power-into-tempo-1-a5y4
474,Explosive Power into Tempo #2,Tempo,All training plan workouts; Tempo,Z3 - Tempo,Z1 - Recovery; Z2 - Endurance; Z3 - Tempo; Z4 - Threshold; Z6 - Anaerobic,56:45,56.8,3405,59,0.79,,True,False,"Not all Tempo work is equal. The intensity immediately before the Tempo work influences the fuel used to produce this effort. In this session, we focus on your ability to ride at a tempo effort after first producing a series of short, high powered accelerations. Across the course of the session, the intensity and duration of the Zone 3 interval will increase.","warmup 04:00 @ 45% FTP - 70% FTP | 01:00 @ 50% | 01:00 @ 95% | 02:00 @ 50% | ramp 03:00 @ 50% FTP - 90% FTP | 03:00 @ 90% | 03:00 @ 50% | 3x [00:15 @ 170%, 00:30 @ 65%] | 05:00 @ 81% | 04:00 @ 50% | 3x [00:15 @ 170%, 00:30 @ 65%] | 05:00 @ 86% | 04:00 @ 50% | 3x [00:15 @ 170%, 00:30 @ 65%] | ramp 10:00 @ 76% FTP - 89% FTP | 05:00 @ 50%",explosive-power-into-tempo-2,https://mywhooshinfo.com/workouts/workout/explosive-power-into-tempo-2
475,Explosive power into Z3,Tempo,All training plan workouts; Tempo,Z3 - Tempo,Z1 - Recovery; Z2 - Endurance; Z3 - Tempo; Z4 - Threshold; Z6 - Anaerobic,56:45,56.8,3405,59,0.79,,True,False,"Today, the focus is on your ability to produce a steady Zone 3 effort after first completing some high-intensity accelerations. However, across the course of the session, the intensity and duration of the Zone 3 interval will increase.","warmup 04:00 @ 45% FTP - 70% FTP | 01:00 @ 50% | 01:00 @ 95% | 02:00 @ 50% | ramp 03:00 @ 50% FTP - 90% FTP | 03:00 @ 90% | 03:00 @ 50% | 3x [00:15 @ 170%, 00:30 @ 65%] | 05:00 @ 81% | 04:00 @ 50% | 3x [00:15 @ 170%, 00:30 @ 65%] | 05:00 @ 86% | 04:00 @ 50% | 3x [00:15 @ 170%, 00:30 @ 65%] | ramp 10:00 @ 76% FTP - 89% FTP | 05:00 @ 50%",explosive-power-into-z3,https://mywhooshinfo.com/workouts/workout/explosive-power-into-z3
596,Explosive power into Z4,Threshold,All training plan workouts; Threshold,Z4 - Threshold,Z1 - Recovery; Z2 - Endurance; Z3 - Tempo; Z4 - Threshold; Z5 - VO2Max; Z6 - Anaerobic,55:00,55.0,3300,65,0.84,Si Bradeley,True,False,"Quite often, before settling into a Zone 4 effort, we must perform multiple surges. In today's session, the focus is on completing long sub-threshold efforts. However, each interval is preceded by multiple high power accelerations. The training effect is significantly changed by building up high lactate levels before a steady threshold effort. Lactate becomes the fuel source!","warmup 06:00 @ 45% FTP - 75% FTP | 01:00 @ 50% | 01:00 @ 109% | 02:00 @ 50% | ramp 03:00 @ 50% FTP - 90% FTP | 04:00 @ 90% | 03:00 @ 50% | 4x [00:30 @ 65%, 00:15 @ 170%] | 10:00 @ 91% | 04:00 @ 50% | 4x [00:30 @ 65%, 00:15 @ 170%] | 10:00 @ 91% | 05:00 @ 50%",explosive-power-into-z4,https://mywhooshinfo.com/workouts/workout/explosive-power-into-z4
594,"Explosive Power, flat 10",Threshold,All training plan workouts; Threshold,Z4 - Threshold,Z1 - Recovery; Z2 - Endurance; Z3 - Tempo; Z4 - Threshold; Z6 - Anaerobic,56:25,56.4,3385,60,0.8,,False,True,"Today's session requires you to complete an increasing tempo effort after producing a short, high powered interval. To replicate the demands of a fast and flat 10min effort, keep your cadence 3-5rpm higher than what you would typically find comfortable. The session finishes with a high cadence 10min sub-threshold effort.",warmup 10:00 @ 51% FTP - 75% FTP | 00:15 @ 170% | 00:30 @ 55% | 02:00 @ 76% | 02:00 @ 79% | 02:00 @ 83% | 02:00 @ 86% | 02:00 @ 90% | 05:00 @ 55% | 00:20 @ 170% | 00:20 @ 55% | 02:00 @ 76% | 02:00 @ 79% | 02:00 @ 83% | 02:00 @ 86% | 02:00 @ 90% | 05:00 @ 55% | 10:00 @ 95% @ 100RPM | cooldown 05:00 @ 75% FTP - 50% FTP,explosive-power-flat-10,https://mywhooshinfo.com/workouts/workout/explosive-power-flat-10
10664,Extended Over Unders,All training plan workouts,All training plan workouts,Z4 - Threshold,Z1 - Recovery; Z2 - Endurance; Z3 - Tempo; Z4 - Threshold; Z5 - VO2Max; Z6 - Anaerobic,01:05:00,65.0,3900,92,0.92,,True,False,Minhas,"warmup 07:00 @ 49% FTP - 92% FTP | 02:00 @ 51% | 2x [00:30 @ 125%, 01:30 @ 49%] | 03:00 @ 51% | 03:00 @ 97% | 03:00 @ 111% | 03:00 @ 97% | 02:00 @ 122% | 03:00 @ 97% | 02:00 @ 122% | 10:00 @ 50% | 03:00 @ 97% | 03:00 @ 111% | 03:00 @ 97% | 02:00 @ 122% | 03:00 @ 97% | 02:00 @ 122% | cooldown 07:00 @ 63% FTP - 49% FTP",extended-over-unders,https://mywhooshinfo.com/workouts/workout/extended-over-unders
231,Extensive Anaerobic,Anaerobic,All training plan workouts; Anaerobic,Z6 - Anaerobic,Z1 - Recovery; Z2 - Endurance; Z3 - Tempo; Z6 - Anaerobic,01:07:00,67.0,4020,89,0.9,,False,False,"The aim today is to produce repeatable, high power intervals. Extensive Anaerobic efforts will improve your ability to recover from high-intensity efforts and repeat them repeatedly. Recovery is crucial with 4 x 2.5-minute quality efforts ahead of you!","warmup 10:00 @ 50% FTP - 75% FTP | 02:00 @ 55% | 4x [02:30 @ 130%, 10:00 @ 75%] | cooldown 05:00 @ 75% FTP - 50% FTP",extensive-anaerobic,https://mywhooshinfo.com/workouts/workout/extensive-anaerobic
225,Extensive Anaerobic 2min #1,Anaerobic,All training plan workouts; Anaerobic,Z6 - Anaerobic,Z1 - Recovery; Z2 - Endurance; Z3 - Tempo; Z4 - Threshold; Z6 - Anaerobic,01:01:00,61.0,3660,80,0.89,,False,False,"Your ability to produce high power efforts above threshold is a significant factor in racing. This session focuses on Extensive Anaerobic efforts for 2min. Because we are looking for maximal efforts in this area, full recovery is provided between each interval. Whilst the session might look simple on paper, don't be fooled. This is a high-intensity session with maximal effort.","warmup 05:00 @ 45% FTP - 75% FTP | 01:00 @ 50% | 01:00 @ 70% | 01:00 @ 50% | 01:00 @ 80% | 01:00 @ 50% | 01:00 @ 103% | 02:00 @ 50% | 6x [02:00 @ 130%, 06:00 @ 55%]",extensive-anaerobic-2min-1,https://mywhooshinfo.com/workouts/workout/extensive-anaerobic-2min-1
226,Extensive Anaerobic 45sec,Anaerobic,All training plan workouts; Anaerobic,Z6 - Anaerobic,Z1 - Recovery; Z2 - Endurance; Z3 - Tempo; Z5 - VO2Max; Z6 - Anaerobic,57:30,57.5,3450,51,0.73,,False,False,"With repeated anaerobic bouts of 45sec, you will be improving your ability to process lactate and recover from strenuous efforts. With ample recovery between intervals today, you should be hitting each effort fresh and ready to go. Start the interval out of the seat before sitting and finding your rhythm for the remainder of the effort.","warmup 05:00 @ 45% FTP - 75% FTP | 01:00 @ 50% | 01:00 @ 80% | 01:00 @ 60% | 01:00 @ 106% | 01:00 @ 70% | 02:00 @ 55% | 6x [00:45 @ 130%, 06:00 @ 55%] | cooldown 05:00 @ 55% FTP - 45% FTP",extensive-anaerobic-45sec,https://mywhooshinfo.com/workouts/workout/extensive-anaerobic-45sec
227,Extensive Anaerobic 50sec #1,Anaerobic,All training plan workouts; Anaerobic,Z6 - Anaerobic,Z1 - Recovery; Z2 - Endurance; Z3 - Tempo; Z5 - VO2Max; Z6 - Anaerobic,52:00,52.0,3120,50,0.76,Si Bradeley,False,False,"With repeated anaerobic bouts of 50sec, you will be improving your ability to process lactate and recover from strenuous efforts. With ample recovery between intervals today, you should be hitting each effort fresh and ready to go. Start the interval out of the seat before sitting and finding your rhythm for the remainder of the effort.","warmup 05:00 @ 45% FTP - 75% FTP | 01:00 @ 50% | 01:00 @ 80% | 01:00 @ 60% | 01:00 @ 106% | 01:00 @ 70% | 02:00 @ 55% | 6x [00:50 @ 130%, 05:00 @ 55%] | cooldown 05:00 @ 55% FTP - 45% FTP",extensive-anaerobic-50sec-1,https://mywhooshinfo.com/workouts/workout/extensive-anaerobic-50sec-1
228,Extensive Anaerobic 50sec #2,Anaerobic,All training plan workouts; Anaerobic,Z6 - Anaerobic,Z1 - Recovery; Z2 - Endurance; Z3 - Tempo; Z5 - VO2Max; Z6 - Anaerobic,56:50,56.8,3410,57,0.78,,False,False,"With repeated anaerobic bouts of 50sec, you will be improving your ability to process lactate and recover from strenuous efforts. With ample recovery between intervals today, you should be hitting each effort fresh and ready to go. Start the interval out of the seat before sitting and finding your rhythm for the remainder of the effort.","warmup 05:00 @ 45% FTP - 75% FTP | 01:00 @ 50% | 01:00 @ 70% | 01:00 @ 50% | 01:00 @ 80% | 01:00 @ 50% | 01:00 @ 106% | 02:00 @ 50% | 05:00 @ 81% | 05:00 @ 50% | 7x [00:50 @ 130%, 04:00 @ 55%]",extensive-anaerobic-50sec-2,https://mywhooshinfo.com/workouts/workout/extensive-anaerobic-50sec-2
229,Extensive Anaerobic 6 x 1min,Anaerobic,All training plan workouts; Anaerobic,Z6 - Anaerobic,Z1 - Recovery; Z2 - Endurance; Z3 - Tempo; Z5 - VO2Max; Z6 - Anaerobic,57:00,57.0,3420,78,0.91,,False,False,"The aim today is to produce repeatable, high power intervals. Extensive Anaerobic efforts will improve your ability to recover from high-intensity efforts and repeat them repeatedly. Recovery is crucial with 6 x 1-minute quality efforts ahead of you!","warmup 05:00 @ 45% FTP - 75% FTP | 01:00 @ 50% | 01:00 @ 80% | 01:00 @ 60% | 01:00 @ 106% | 01:00 @ 50% | 03:00 @ 80% | 02:00 @ 55% | 6x [01:00 @ 160%, 06:00 @ 55%]",extensive-anaerobic-6-x-1min,https://mywhooshinfo.com/workouts/workout/extensive-anaerobic-6-x-1min
184,Extensive Anaerobic Best 1min,Anaerobic,Anaerobic; Testing,Z4 - Threshold,Free Ride; Z1 - Recovery; Z2 - Endurance; Z4 - Threshold; Z5 - VO2Max; Z6 - Anaerobic,01:03:00,63.0,3780,70,0.82,Si Bradeley,True,False,"Your ability to produce high power efforts above threshold is a significant factor in racing. This session focuses on Extensive Anaerobic efforts of 1min. Because we are looking for maximal efforts in this area, full recovery is provided between each interval. While the session might look simple on paper, don't be fooled. This is a High-Intensity session with maximal effort. To help you judge your effort for this duration, you will be guided through the opening intervals before being provided with the opportunity to produce your best efforts in the finale.","warmup 05:00 @ 45% FTP - 75% FTP | 01:00 @ 55% | 4x [01:00 @ 90%, 01:00 @ 65%] | 01:00 @ 55% | 03:00 @ 95% | 02:00 @ 55% | 01:00 @ 115% | 03:00 @ 55% | 01:00 @ 150% | 06:00 @ 55% | 01:00 @ 160% | 06:00 @ 55% | 01:00 @ 170% | 06:00 @ 55% | 01:00 @ Free ride | 06:00 @ 55% | 01:00 @ Free ride | 05:00 @ 55% | cooldown 05:00 @ 55% FTP - 45% FTP",extensive-anaerobic-best-1min,https://mywhooshinfo.com/workouts/workout/extensive-anaerobic-best-1min
10420,Extensive Anaerobic x 6,All training plan workouts,All training plan workouts,Z6 - Anaerobic,Z1 - Recovery; Z2 - Endurance; Z3 - Tempo; Z6 - Anaerobic,54:30,54.5,3270,44,0.7,,False,False,"Anaerobic efforts involve high cadence and significant power, along with the ability to resist fatigue. Although the effort is short, we are looking for a steady delivery of power, with no drop-off. With sufficient recovery time, these are all quality intervals today.",05:00 @ 50% | ramp 05:00 @ 50% FTP - 75% FTP | 05:00 @ 50% | 04:00 @ 81% | 02:00 @ 55% | 00:45 @ 121% | 05:00 @ 55% | 00:45 @ 120% | 05:00 @ 55% | 00:45 @ 121% | 05:00 @ 55% | 00:45 @ 121% | 05:00 @ 55% | 00:45 @ 121% | 05:00 @ 55% | 00:45 @ 120% | 04:00 @ 45%,extensive-anaerobic-x-6,https://mywhooshinfo.com/workouts/workout/extensive-anaerobic-x-6
11136,Fat for Fuel,All training plan workouts,All training plan workouts,Z2 - Endurance,Z1 - Recovery; Z2 - Endurance,56:00,56.0,3360,37,0.63,,True,False,"This low-intensity session is designed to improve your ability to utilise fat as a fuel source. Riding at low powers uses fat oxidation more than carbohydrates. Although we recommend care to be taken with your nutrition, it is possible to do this session fasted. However, consume a meal immediately after the session and continue your daily dietary routine. IMPORTANT: This is not a session to lose weight but to improve your body's capability to use fat as a fuel source.",04:00 @ 55% | 03:00 @ 65% | 04:00 @ 55% | 05:00 @ 68% | 02:00 @ 72% | 04:00 @ 55% | 05:00 @ 68% | 02:00 @ 72% | 04:00 @ 55% | 05:00 @ 68% | 02:00 @ 72% | 04:00 @ 50% | 05:00 @ 68% | 02:00 @ 72% | cooldown 05:00 @ 65% FTP - 25% FTP,fat-for-fuel,https://mywhooshinfo.com/workouts/workout/fat-for-fuel
356,Fatigued Sprints,Sprint,All training plan workouts; Sprint,Z6 - Anaerobic,Z1 - Recovery; Z2 - Endurance; Z3 - Tempo; Z6 - Anaerobic,01:03:00,63.0,3780,86,0.91,Si Bradeley,True,True,"There are two purposes of today's tough session. The first is a fatigued sprint, including a series of intervals designed to load your legs and work your sustainable powers, but ultimately, to soften you up for what is to come. The second is a double sprint, simulating a more true sprint scenario. You will often need to sprint to fight for a position before launching your race-winning move. Enjoy!","03:00 @ 55% | 03:00 @ 65% | 01:30 @ 80% @ 65RPM | 01:00 @ 90% | 02:30 @ 55% | 05:00 @ 87% @ 60RPM | 03:00 @ 55% | 06:00 @ 87% @ 60RPM | 02:30 @ 55% | 3x [00:30 @ 175%, 00:30 @ 50%] | 03:00 @ 81% | 00:15 @ 125% | 00:20 @ 80% | 00:20 @ 250% | 04:00 @ 65% | 00:15 @ 125% | 00:20 @ 80% | 00:20 @ 200% | 04:00 @ 65% | 00:15 @ 125% | 00:20 @ 80% | 00:20 @ 200% | 04:00 @ 65% | 00:15 @ 125% | 00:20 @ 80% | 00:20 @ 200% | 04:00 @ 65% | 00:15 @ 125% | 00:20 @ 80% | 00:20 @ 200% | 04:00 @ 65% | 00:15 @ 125% | 00:20 @ 80% | 00:20 @ 200% | 04:00 @ 55%",fatigued-sprints,https://mywhooshinfo.com/workouts/workout/fatigued-sprints
186,FTP Test - MyWhoosh,Testing,Testing,Z2 - Endurance,Free Ride; Z1 - Recovery; Z2 - Endurance; Z3 - Tempo; Z4 - Threshold,01:15:00,75.0,4500,46,0.61,,True,False,"Welcome to the MyWhoosh 20min FTP test! Regular testing is essential to maintain accurate training zones and evaluate your training response. It requires maximal focus and effort from you to ensure you are capturing a precise measure of your current fitness. Today's workout will take you through a long warmup before completing a high-intensity 5min 'primer' effort, followed by the 20min test effort. Once you have completed the workout, you will be notified of any changes to your current FTP. NOTE: ERG mode MUST be on. It will automatically turn off for free-ride intervals.",warmup 20:00 @ 45% FTP - 65% FTP | 01:00 @ 81% | 01:00 @ 50% | 01:00 @ 95% | 01:00 @ 50% | 01:00 @ 103% | 05:00 @ 50% | 05:00 @ Free ride | 10:00 @ 60% | 20:00 @ Free ride | 10:00 @ Free ride,ftp-test-mywhoosh,https://mywhooshinfo.com/workouts/workout/ftp-test-mywhoosh
141,Give a little bit,Fast Fitness,Fast Fitness,Z2 - Endurance,Z1 - Recovery; Z2 - Endurance; Z3 - Tempo; Z5 - VO2Max; Z6 - Anaerobic,24:00,24.0,1440,23,0.77,,False,False,"A shorter workout today, that is high on quality!",01:10 @ 45% | 01:10 @ 58% | 01:10 @ 70% | 00:30 @ 55% | 03:00 @ 65% | 00:30 @ 50% | 02:00 @ 81% | 01:00 @ 50% | 01:00 @ 90% | 01:00 @ 50% | 01:00 @ 109% | 02:00 @ 50% | 00:30 @ 125% | 03:00 @ 50% | 01:00 @ 88% | 01:00 @ 130% | 03:00 @ 50%,give-a-little-bit,https://mywhooshinfo.com/workouts/workout/give-a-little-bit
142,Go Slowly,Fast Fitness,Fast Fitness,Z4 - Threshold,Z1 - Recovery; Z2 - Endurance; Z4 - Threshold; Z5 - VO2Max; Z6 - Anaerobic,52:00,52.0,3120,84,0.99,,False,True,This is a very tough session. Make sure you are fresh and suitably motivated before attempting this session.,warmup 05:00 @ 49% FTP - 75% FTP | 02:00 @ 51% | 00:30 @ 125% @ 100RPM | 01:30 @ 49% @ 100RPM | 00:30 @ 150% @ 100RPM | 01:30 @ 49% @ 100RPM | 01:00 @ 51% | 03:00 @ 97% | 03:00 @ 111% | 02:00 @ 97% | 02:00 @ 131% | 03:00 @ 97% | 02:00 @ 135% | 05:00 @ 50% | 03:00 @ 97% | 03:00 @ 111% | 03:00 @ 97% | 02:00 @ 122% | 03:00 @ 97% | 02:00 @ 122% | cooldown 04:00 @ 63% FTP - 49% FTP,go-slowly,https://mywhooshinfo.com/workouts/workout/go-slowly
143,Grinding Halt,Fast Fitness,Fast Fitness,Z4 - Threshold,Z1 - Recovery; Z2 - Endurance; Z3 - Tempo; Z4 - Threshold; Z5 - VO2Max; Z6 - Anaerobic,42:13,42.2,2533,56,0.9,,False,True,"This workout takes you through a race simulation. Taking you through a short, sharp stage with an uphill start!","02:00 @ 50% | 02:00 @ 65% | 02:00 @ 80% @ 75RPM | 02:00 @ 100% | 01:00 @ 50% | 03:00 @ 110% | 02:00 @ 50% | 2x [00:10 @ 200%, 00:50 @ 50%] | 01:00 @ 50% | 02:00 @ 118% | 06:00 @ 100% | 03:00 @ 55% | 00:13 @ 185% | 02:00 @ 55% | 01:00 @ 115% | 02:00 @ 55% | 01:00 @ 80% | 01:00 @ 90% | 01:00 @ 95% | 01:00 @ 98% | 01:00 @ 110% | 01:00 @ 120% | 03:00 @ 50%",grinding-halt,https://mywhooshinfo.com/workouts/workout/grinding-halt
144,Halo,Fast Fitness,Fast Fitness,Z4 - Threshold,Z1 - Recovery; Z2 - Endurance; Z3 - Tempo; Z4 - Threshold; Z5 - VO2Max,50:00,50.0,3000,60,0.85,,False,False,"Early threshold work finished off with Max Aerobic efforts, which makes for an interesting session!","03:00 @ 55% | 02:00 @ 65% | 02:00 @ 80% | 02:00 @ 90% | 03:00 @ 55% | 05:00 @ 55% | 10:00 @ 94% | 05:00 @ 55% | 3x [03:00 @ 113%, 03:00 @ 50%]",halo,https://mywhooshinfo.com/workouts/workout/halo
597,Hard Starts #1,Threshold,Threshold,Z4 - Threshold,Z1 - Recovery; Z2 - Endurance; Z3 - Tempo; Z4 - Threshold; Z5 - VO2Max; Z6 - Anaerobic,58:30,58.5,3510,71,0.86,,True,False,"Another threshold focused session that adds an element of race specificity to it. The main set of intervals consists of 7min descending threshold efforts preceded by a high-intensity 30sec effort. This session closely reflects the demands you will face in a criterium race, with a challenging start or surge at the beginning of a long, sustained effort. This workout is also available as Video workout by a MyWhoosh coach Si Bradeley","warmup 05:00 @ 45% FTP - 70% FTP | 2x [00:10 @ 175%, 00:50 @ 50%] | 01:00 @ 50% | 03:00 @ 80% | 01:00 @ 50% | 01:00 @ 109% | 02:00 @ 50% | 03:00 @ 100% | 03:00 @ 50% | 00:30 @ 140% | ramp 07:00 @ 105% FTP - 91% FTP | 05:00 @ 55% | 00:30 @ 140% | ramp 07:00 @ 105% FTP - 91% FTP | 05:00 @ 55% | 00:30 @ 140% | ramp 07:00 @ 105% FTP - 91% FTP | 05:00 @ 50%",hard-starts-1,https://mywhooshinfo.com/workouts/workout/hard-starts-1
232,Hard Starts #2,Anaerobic,Anaerobic,Z6 - Anaerobic,Z1 - Recovery; Z2 - Endurance; Z3 - Tempo; Z4 - Threshold; Z5 - VO2Max; Z6 - Anaerobic,01:03:00,63.0,3780,77,0.86,Si Bradeley,True,False,"Another session that adds an element of race specificity with high-intensity efforts. The main set of intervals consists of repeated anaerobic efforts, followed by a sustained period at and above threshold. Much like a road race, you will be required to produce high power with slight recovery.","warmup 05:00 @ 45% FTP - 70% FTP | 2x [00:10 @ 175%, 00:50 @ 50%] | 01:00 @ 50% | 03:00 @ 80% | 01:00 @ 50% | 01:00 @ 109% | 02:00 @ 50% | 03:00 @ 100% | 03:00 @ 50% | 4x [00:45 @ 140%, 02:00 @ 60%] | 10:00 @ 85% | 03:00 @ 95% | 02:00 @ 60% | 03:00 @ 95% | 02:00 @ 60% | 03:00 @ 95% | 05:00 @ 50%",hard-starts-2,https://mywhooshinfo.com/workouts/workout/hard-starts-2
145,Helps me helps you,Fast Fitness,Fast Fitness,Z6 - Anaerobic,Z1 - Recovery; Z2 - Endurance; Z3 - Tempo; Z4 - Threshold; Z5 - VO2Max; Z6 - Anaerobic,30:00,30.0,1800,31,0.79,,False,False,These Controlled 30/30 efforts are completed at a power just below your Maximal Aerobic Power (MAP).,"warmup 03:00 @ 50% FTP - 80% FTP | 03:00 @ 92% | 03:00 @ 50% | 4x [00:30 @ 110%, 00:30 @ 45%] | 03:00 @ 55% | 4x [00:30 @ 120%, 00:30 @ 45%] | 03:00 @ 55% | 4x [00:30 @ 130%, 00:30 @ 45%] | cooldown 03:00 @ 50% FTP - 40% FTP",helps-me-helps-you,https://mywhooshinfo.com/workouts/workout/helps-me-helps-you
146,Hey you,Fast Fitness,Fast Fitness,Z6 - Anaerobic,Z1 - Recovery; Z2 - Endurance; Z5 - VO2Max; Z6 - Anaerobic,28:00,28.0,1680,38,0.91,,False,False,You will need to stay focused today!,"01:00 @ 45% | 01:00 @ 54% | 01:00 @ 60% | 01:00 @ 66% | 01:00 @ 75% | 01:00 @ 50% | 01:00 @ 109% | 03:00 @ 50% | 2x [02:00 @ 120%, 02:00 @ 50%] | 2x [01:00 @ 150%, 02:00 @ 50%] | 01:00 @ 75% | 01:00 @ 64% | 01:00 @ 56% | 01:00 @ 45%",hey-you,https://mywhooshinfo.com/workouts/workout/hey-you
598,High Intensity 5min,Threshold,All training plan workouts; Threshold,Z4 - Threshold,Z1 - Recovery; Z2 - Endurance; Z3 - Tempo; Z4 - Threshold; Z6 - Anaerobic,50:00,50.0,3000,68,0.9,,True,True,"High-intensity efforts focus on the ability to produce anaerobic power from an already threshold power. The intervals simulate the demands of flat, fast efforts and climbing efforts with a lower cadence.","warmup 07:00 @ 50% FTP - 75% FTP | ramp 01:00 @ 75% FTP - 104% FTP | 04:00 @ 104% @ 85RPM | 01:30 @ 121% @ 80RPM | 05:00 @ 55% | 5x [00:20 @ 140%, 00:40 @ 91%] | 05:00 @ 55% | ramp 01:00 @ 75% FTP - 104% FTP | 04:00 @ 104% @ 85RPM | 01:30 @ 121% @ 80RPM | 05:00 @ 55% | 5x [00:20 @ 140%, 00:40 @ 91%] | cooldown 05:00 @ 50% FTP - 50% FTP",high-intensity-5min,https://mywhooshinfo.com/workouts/workout/high-intensity-5min
18,High Torque Hills #1,Beginner,All training plan workouts; Beginner; Tempo,Z3 - Tempo,Z1 - Recovery; Z2 - Endurance; Z3 - Tempo; Z4 - Threshold,55:00,55.0,3300,52,0.76,Si Bradeley,True,True,"When we complete long climbs, the lower cadence results in high crank torque, which recruits more of your fast-twitch fibres. With this in mind, it's vital that our training meets the demands of the event. Today we are performing lower cadence intervals but with power closer to threshold. After warming up, the session consists of 4 intervals with cadence varying from 70rpm to 95rpm. All this gets you ready for a high cadence, near-threshold finale! This workout is also available as Video workout by a MyWhoosh coach Si Bradeley","04:00 @ 50% | 5x [00:30 @ 70%, 00:30 @ 86%] | 03:00 @ 50% | 04:00 @ 83% @ 70RPM | 01:00 @ 90% @ 95RPM | 03:00 @ 66% | 04:00 @ 83% @ 70RPM | 01:00 @ 91% @ 95RPM | 03:00 @ 66% | 04:00 @ 83% @ 70RPM | 01:00 @ 90% @ 95RPM | 03:00 @ 65% | 04:00 @ 83% @ 70RPM | 01:00 @ 91% @ 95RPM | 05:00 @ 50% | 04:00 @ 95% @ 90RPM | 05:00 @ 50%",high-torque-hills-1,https://mywhooshinfo.com/workouts/workout/high-torque-hills-1
477,High Torque Hills #2,Tempo,Tempo,Z3 - Tempo,Z1 - Recovery; Z2 - Endurance; Z3 - Tempo; Z5 - VO2Max,01:00:00,60.0,3600,62,0.79,Si Bradeley,True,False,"Not every course is composed of long gentle climbs. Sometimes a course consists of rolling, punchy climbs that require significant changes in cadence and power. Generally, the 1st effort is comfortable. But come the 4th and 5th effort, the legs have fatigued. Today we train for the demands of these repeated rolling hills.",03:00 @ 50% | 01:00 @ 60% | 01:00 @ 65% | 01:00 @ 81% | 01:00 @ 109% | 02:00 @ 50% | 04:00 @ 90% | 03:00 @ 50% | 04:00 @ 80% | 02:00 @ 55% | 04:00 @ 80% | 02:00 @ 55% | 04:00 @ 80% | 02:00 @ 55% | 04:00 @ 80% | 02:00 @ 55% | 04:00 @ 90% | 02:00 @ 55% | 04:00 @ 80% | 05:00 @ 50%,high-torque-hills-2,https://mywhooshinfo.com/workouts/workout/high-torque-hills-2
478,High Torque Hills #3,Tempo,Tempo,Z3 - Tempo,Z1 - Recovery; Z2 - Endurance; Z3 - Tempo; Z6 - Anaerobic,01:04:00,64.0,3840,58,0.74,Si Bradeley,True,False,"Quite often, climbing is characterised by a low cadence and a high force production, increasing crank torque. This high crank torque puts specific demands on the muscles and neuromuscular recruitment. We hit this area by completing three sets of 3min efforts at a low rpm in this session.","warmup 05:00 @ 45% FTP - 70% FTP | 02:00 @ 50% | 03:00 @ 70% | 4x [00:10 @ 150%, 00:50 @ 50%] | 02:00 @ 50% | 05:00 @ 90% | 03:00 @ 50% | 3x [03:00 @ 76%, 01:00 @ 50%] | 3x [03:00 @ 82%, 01:00 @ 50%] | 3x [03:00 @ 88%, 01:00 @ 50%] | 04:00 @ 50%",high-torque-hills-3,https://mywhooshinfo.com/workouts/workout/high-torque-hills-3
408,Higher and Faster,Sweetspot,Sweetspot,Z3 - Tempo,Z1 - Recovery; Z2 - Endurance; Z3 - Tempo; Z5 - VO2Max,01:02:00,62.0,3720,62,0.78,,True,True,"Racing often requires you to fight for position before exploding out of the corners. This effort requires sustained power before accelerating well above threshold. Over a flat course, you will have to perform these accelerations at a high cadence, adding another element to your performance.","warmup 07:00 @ 50% FTP - 75% FTP | 01:00 @ 50% | 5x [01:00 @ 90%, 01:00 @ 70%] | 01:00 @ 50% | 03:00 @ 88% | 02:00 @ 50% | 03:00 @ 90% | 01:00 @ 110% @ 110RPM | 03:00 @ 50% | 03:00 @ 90% | 01:00 @ 110% @ 110RPM | 03:00 @ 50% | 03:00 @ 90% | 01:00 @ 110% @ 110RPM | 03:00 @ 50% | 03:00 @ 90% | 01:00 @ 110% @ 110RPM | 05:00 @ 50%",higher-and-faster,https://mywhooshinfo.com/workouts/workout/higher-and-faster
233,HIIT 45sec #1,Anaerobic,Anaerobic,Z6 - Anaerobic,Z1 - Recovery; Z2 - Endurance; Z3 - Tempo; Z4 - Threshold; Z6 - Anaerobic,57:00,57.0,3420,81,0.92,,True,True,"With repeated anaerobic bouts of 45sec, you will be improving your ability to process lactate and recover from strenuous efforts. You will also use up vital carbohydrate stores before the final 5min sub-threshold interval. This is where the adaptation occurs!","03:00 @ 50% | 2x [01:00 @ 75%, 01:00 @ 50%] | 2x [01:00 @ 90%, 01:00 @ 50%] | 03:00 @ 50% @ 85RPM | 6x [00:45 @ 175%, 04:15 @ 60%] | 03:00 @ 50% @ 85RPM | 05:00 @ 95% @ 95RPM | 05:00 @ 50% @ 85RPM",hiit-45sec-1,https://mywhooshinfo.com/workouts/workout/hiit-45sec-1
234,HIIT 45sec #2,Anaerobic,Anaerobic,Z6 - Anaerobic,Z1 - Recovery; Z2 - Endurance; Z3 - Tempo; Z4 - Threshold; Z6 - Anaerobic,01:00:00,60.0,3600,85,0.93,,True,True,"Building upon your previous HIIT 45sec session, this time, we are extending the final sub-threshold interval to 8min. The same principles apply. The HIIT intervals use up vital carbohydrate stores before the last 8min sub-threshold effort. This is where the adaptation occurs!","03:00 @ 50% | 2x [01:00 @ 75%, 01:00 @ 50%] | 2x [01:00 @ 90%, 01:00 @ 50%] | 03:00 @ 50% @ 85RPM | 6x [00:45 @ 175%, 04:15 @ 60%] | 03:00 @ 50% | 08:00 @ 95% @ 90RPM | 05:00 @ 50%",hiit-45sec-2,https://mywhooshinfo.com/workouts/workout/hiit-45sec-2
600,Hill Climb,Threshold,All training plan workouts; Threshold,Z4 - Threshold,Free Ride; Z1 - Recovery; Z2 - Endurance; Z3 - Tempo; Z4 - Threshold; Z5 - VO2Max; Z6 - Anaerobic,01:01:00,61.0,3660,79,0.88,,True,True,"This workout takes you through another race simulation. Taking you through a short, sharp stage with an uphill start! Follow along as you go through a similar warm-up to the pro's - Then hit the stage hard as we climb right from the gun.",04:00 @ 50% | 03:00 @ 65% | 03:00 @ 80% @ 75RPM | 02:00 @ 100% | 03:00 @ 50% | 03:00 @ 110% | 03:00 @ 50% | 00:10 @ 200% | 00:50 @ 50% | 00:10 @ 200% | 00:50 @ 50% | 02:00 @ 50% | 02:00 @ 118% | 10:00 @ 100% | 05:00 @ 55% | 00:13 @ 185% | 02:00 @ 55% | 03:00 @ 115% | 02:00 @ 55% | 01:00 @ 80% | 01:00 @ 90% | 01:00 @ 95% | 01:00 @ 98% | 01:00 @ 110% | 01:00 @ 120% | 01:00 @ Free ride | 04:47 @ 50%,hill-climb,https://mywhooshinfo.com/workouts/workout/hill-climb
409,Hill Reps,Sweetspot,All training plan workouts; Sweetspot; Tempo,Z3 - Tempo,Z1 - Recovery; Z2 - Endurance; Z3 - Tempo; Z4 - Threshold; Z6 - Anaerobic,51:30,51.5,3090,50,0.77,,True,True,"Remain seated whilst completing the climbing efforts. We don't want to stress the heart rate too much during the effort; instead, let the legs do most of the work. When climbing in the real world, it is good practice to start steady and ramp up the effort as you come to crest the climb. In reality, it is easy to hit the climb too hard! This is an excellent session to condition you to ride climbs smartly and effectively.",04:00 @ 55% | 03:00 @ 65% | 03:00 @ 80% @ 75RPM | 02:00 @ 90% | 03:00 @ 55% | 05:00 @ 85% @ 70RPM | 00:30 @ 100% | 03:00 @ 55% | 05:00 @ 85% @ 70RPM | 00:30 @ 100% | 03:00 @ 55% | 05:00 @ 85% @ 70RPM | 00:30 @ 100% | 03:00 @ 55% | 05:00 @ 85% @ 70RPM | 00:30 @ 140% | 05:30 @ 55%,hill-reps,https://mywhooshinfo.com/workouts/workout/hill-reps
480,Hill Reps 2,Tempo,All training plan workouts; Tempo,Z3 - Tempo,Z1 - Recovery; Z2 - Endurance; Z3 - Tempo; Z4 - Threshold; Z6 - Anaerobic,01:00:00,60.0,3600,61,0.78,,True,True,"Progressing on from the previous weeks, with an extra climb today. When climbing in the real world, it is good practice to start steady and ramp up the effort as you come to crest the climb. In reality, it is easy to hit the climb too hard! This is an excellent session to condition you to ride climbs smartly and effectively.",04:00 @ 55% | 03:00 @ 65% | 03:00 @ 80% @ 75RPM | 02:00 @ 90% | 03:00 @ 55% | 05:00 @ 85% @ 70RPM | 00:30 @ 100% | 03:00 @ 55% | 05:00 @ 85% @ 70RPM | 00:30 @ 100% | 03:00 @ 55% | 05:00 @ 85% @ 70RPM | 00:30 @ 100% | 03:00 @ 55% | 05:00 @ 85% @ 70RPM | 00:30 @ 140% | 03:00 @ 55% | 05:00 @ 85% @ 70RPM | 00:30 @ 140% | 05:30 @ 55%,hill-reps-2,https://mywhooshinfo.com/workouts/workout/hill-reps-2
19,Hills #1,Beginner,Beginner; Threshold,Z3 - Tempo,Z1 - Recovery; Z2 - Endurance; Z3 - Tempo; Z4 - Threshold; Z6 - Anaerobic,01:01:00,61.0,3660,53,0.72,,True,True,We often hit a small hill with some speed when racing but soon lose this momentum. This results in the need to produce more power at a lower rpm. Today's session prepares us for such a scenario. Picture yourself hitting the hill with speed and then grinding over the top.,"03:00 @ 50% | 4x [00:10 @ 150%, 00:50 @ 50%] | 03:00 @ 70% | 02:00 @ 50% | 05:00 @ 90% | 03:00 @ 50% | ramp 03:00 @ 65% FTP - 105% FTP @ 75RPM | 04:00 @ 55% | ramp 03:00 @ 65% FTP - 105% FTP @ 75RPM | 04:00 @ 55% | ramp 03:00 @ 65% FTP - 105% FTP @ 75RPM | 04:00 @ 55% | ramp 03:00 @ 75% FTP - 95% FTP @ 65RPM | 03:00 @ 55% | ramp 03:00 @ 75% FTP - 95% FTP @ 65RPM | 03:00 @ 55% | ramp 03:00 @ 75% FTP - 95% FTP @ 65RPM | 05:00 @ 55%",hills-1,https://mywhooshinfo.com/workouts/workout/hills-1
147,I can change,Fast Fitness,Fast Fitness,Z5 - VO2Max,Z1 - Recovery; Z2 - Endurance; Z4 - Threshold; Z5 - VO2Max; Z6 - Anaerobic,40:00,40.0,2400,56,0.92,,False,False,Today we simulate a race situation with multiple short climbs. Today is the day to push yourself and show us what you have got!,03:00 @ 50% | 02:00 @ 70% | 00:30 @ 150% | 01:00 @ 55% | 02:00 @ 105% | 02:00 @ 55% | 02:00 @ 108% | 02:00 @ 55% | 02:00 @ 112% | 02:00 @ 55% | 03:00 @ 112% | 04:00 @ 55% | 01:00 @ 130% | 03:00 @ 60% | 01:00 @ 130% | 04:00 @ 100% | 00:30 @ 170% | 05:00 @ 50%,i-can-change,https://mywhooshinfo.com/workouts/workout/i-can-change
235,Increasing Anaerobic Capacity,Anaerobic,Anaerobic,Z6 - Anaerobic,Z1 - Recovery; Z2 - Endurance; Z3 - Tempo; Z4 - Threshold; Z6 - Anaerobic,56:30,56.5,3390,70,0.86,,True,False,"This is a very high level of intensity that requires mental and physical perseverance. It is essential to increase your ability to produce short, high powered efforts, but so too is the importance of being able to repeat these efforts with slight recovery. In today's session, the efforts get shorter, but the power increases.","03:00 @ 50% | 4x [00:10 @ 200%, 00:50 @ 50%] | ramp 03:00 @ 60% FTP - 75% FTP | 02:00 @ 50% | ramp 05:00 @ 90% FTP - 104% FTP | 03:00 @ 50% | 02:00 @ 121% | 01:00 @ 50% | 01:00 @ 131% | 01:00 @ 50% | 00:30 @ 140% | 05:00 @ 50% | 02:00 @ 121% | 01:00 @ 50% | 01:00 @ 131% | 01:00 @ 50% | 00:30 @ 140% | 05:00 @ 50% | 02:00 @ 121% | 01:00 @ 50% | 01:00 @ 131% | 01:00 @ 50% | 00:30 @ 140% | 05:00 @ 50% | cooldown 05:00 @ 55% FTP - 45% FTP",increasing-anaerobic-capacity,https://mywhooshinfo.com/workouts/workout/increasing-anaerobic-capacity
602,Intensive Aerobic,Threshold,All training plan workouts; Threshold,Z4 - Threshold,Z1 - Recovery; Z2 - Endurance; Z3 - Tempo; Z4 - Threshold,01:00:00,60.0,3600,61,0.78,,True,False,The upper region of Aerobic training can be pretty demanding. Today's session begins with the longest and hardest effort before the intervals reduce duration and intensity. But will your legs recover enough before the next effort to feel the decline in workload?,"warmup 05:00 @ 45% FTP - 75% FTP | 2x [01:00 @ 80%, 01:00 @ 50%] | 2x [01:00 @ 98%, 01:00 @ 50%] | 02:00 @ 50% | ramp 10:00 @ 100% FTP - 91% FTP | 05:00 @ 50% | ramp 08:00 @ 94% FTP - 85% FTP | 04:00 @ 50% | ramp 06:00 @ 88% FTP - 79% FTP | 03:00 @ 50% | ramp 04:00 @ 82% FTP - 73% FTP | 05:00 @ 50%",intensive-aerobic,https://mywhooshinfo.com/workouts/workout/intensive-aerobic
603,Intensive Aerobic 3x18min,Threshold,Threshold,Z4 - Threshold,Z1 - Recovery; Z2 - Endurance; Z3 - Tempo; Z4 - Threshold; Z5 - VO2Max; Z6 - Anaerobic,01:29:00,89.0,5340,108,0.85,,True,False,"There's no getting away from the benefits of long aerobic efforts. This Intensive Aerobic duration is the point where most of the energy comes from aerobic pathways. After completing a good warm-up, we perform 3 x 18-minute Intensive Aerobic intervals.",warmup 05:00 @ 45% FTP - 75% FTP | 01:00 @ 55% | 03:00 @ 80% | 01:00 @ 55% | 01:00 @ 110% | 02:00 @ 55% | 01:00 @ 125% | 05:00 @ 50% | 18:00 @ 93% | 03:00 @ 50% | 18:00 @ 93% | 03:00 @ 50% | 18:00 @ 93% | 05:00 @ 55% | cooldown 05:00 @ 70% FTP - 45% FTP,intensive-aerobic-3x18min,https://mywhooshinfo.com/workouts/workout/intensive-aerobic-3x18min
294,Intensive Aerobic Endurance,Endurance,All training plan workouts; Endurance; Threshold,Z2 - Endurance,Z1 - Recovery; Z2 - Endurance; Z3 - Tempo; Z4 - Threshold,01:00:00,60.0,3600,61,0.78,,True,False,"The upper region of Aerobic training can be pretty demanding. Today's session begins with the longest and hardest effort first, before the intervals reduce in duration and intensity. But will your legs recover enough before the subsequent effort to feel the decline in workload?","warmup 05:00 @ 45% FTP - 75% FTP | 2x [01:00 @ 80%, 01:00 @ 50%] | 2x [01:00 @ 98%, 01:00 @ 50%] | 02:00 @ 50% | ramp 10:00 @ 100% FTP - 91% FTP | 05:00 @ 50% | ramp 08:00 @ 94% FTP - 85% FTP | 04:00 @ 50% | ramp 06:00 @ 88% FTP - 79% FTP | 03:00 @ 50% | ramp 04:00 @ 82% FTP - 73% FTP | 05:00 @ 50%",intensive-aerobic-endurance,https://mywhooshinfo.com/workouts/workout/intensive-aerobic-endurance
83,Intensive Capacity #1,Under 35 min,Under 35 min,Z2 - Endurance,Z1 - Recovery; Z2 - Endurance; Z3 - Tempo; Z4 - Threshold; Z5 - VO2Max; Z6 - Anaerobic,33:15,33.2,1995,32,0.76,Tim Don,False,False,"After a good warmup complete 3 x 45sec intensive Capacity intervals, with 2min recovery @ 65% FTP. However, the 45sec intervals ramp up in effort.",warmup 03:00 @ 45% FTP - 60% FTP | 01:00 @ 60% | 01:00 @ 65% | 01:00 @ 81% | 01:00 @ 109% | 01:00 @ 55% | 03:00 @ 90% | 10:00 @ 75% | ramp 00:45 @ 88% FTP - 130% FTP | 02:00 @ 55% | ramp 00:45 @ 88% FTP - 130% FTP | 02:00 @ 55% | ramp 00:45 @ 88% FTP - 130% FTP | 02:00 @ 55% | cooldown 04:00 @ 70% FTP - 45% FTP,intensive-capacity-1,https://mywhooshinfo.com/workouts/workout/intensive-capacity-1
10086,Intensive Capacity #1,Anaerobic,All training plan workouts; Anaerobic,Z2 - Endurance,Z1 - Recovery; Z2 - Endurance; Z3 - Tempo; Z4 - Threshold; Z5 - VO2Max; Z6 - Anaerobic,55:30,55.5,3330,75,0.91,,False,False,"The aim today is to produce repeatable, high power intervals. Extensive Anaerobic efforts will improve your ability to recover from high-intensity efforts and repeat them again and again. In today's session the intervals ramp up in power throughout the effort! 5 x 45sec intensive Capacity intervals with 2min recovery, provides a challenging session!","05:00 @ 50% | 2x [00:10 @ 170%, 00:50 @ 50%] | 02:00 @ 50% | 01:00 @ 109% | 02:00 @ 50% | 03:00 @ 90% | 03:00 @ 50% | ramp 00:45 @ 120% FTP - 175% FTP | 02:00 @ 65% | ramp 00:45 @ 120% FTP - 175% FTP | 02:00 @ 65% | ramp 00:45 @ 120% FTP - 175% FTP | 02:00 @ 65% | ramp 00:45 @ 120% FTP - 175% FTP | 02:00 @ 65% | ramp 00:45 @ 120% FTP - 175% FTP | 02:00 @ 65% | 03:00 @ 50% | ramp 00:45 @ 120% FTP - 175% FTP | 02:00 @ 65% | ramp 00:45 @ 120% FTP - 175% FTP | 02:00 @ 65% | ramp 00:45 @ 120% FTP - 175% FTP | 02:00 @ 65% | ramp 00:45 @ 120% FTP - 175% FTP | 02:00 @ 65% | ramp 00:45 @ 120% FTP - 175% FTP | 02:00 @ 65% | 02:00 @ 50% | cooldown 05:00 @ 75% FTP - 45% FTP",intensive-capacity-1-r3l6,https://mywhooshinfo.com/workouts/workout/intensive-capacity-1-r3l6
84,Intensive Capacity #2,Under 35 min,Under 35 min,Z2 - Endurance,Z1 - Recovery; Z2 - Endurance; Z3 - Tempo; Z4 - Threshold; Z5 - VO2Max; Z6 - Anaerobic,34:00,34.0,2040,32,0.76,,False,False,"4 x 45sec intensive Capacity intervals, with 2min recovery @ 65% FTP. However, the 45sec intervals ramp up in effort.",warmup 03:00 @ 45% FTP - 60% FTP | 01:00 @ 60% | 01:00 @ 65% | 01:00 @ 81% | 01:00 @ 109% | 01:00 @ 55% | 02:00 @ 90% | 10:00 @ 75% | ramp 00:45 @ 88% FTP - 130% FTP | 02:00 @ 55% | ramp 00:45 @ 88% FTP - 130% FTP | 02:00 @ 55% | ramp 00:45 @ 88% FTP - 130% FTP | 02:00 @ 55% | ramp 00:45 @ 88% FTP - 130% FTP | 01:00 @ 55% | cooldown 04:00 @ 70% FTP - 45% FTP,intensive-capacity-2,https://mywhooshinfo.com/workouts/workout/intensive-capacity-2
10092,Intensive Capacity #2,Anaerobic,All training plan workouts; Anaerobic,Z2 - Endurance,Z1 - Recovery; Z2 - Endurance; Z3 - Tempo; Z5 - VO2Max; Z6 - Anaerobic,59:00,59.0,3540,82,0.92,,False,False,"The aim today is to produce repeatable, high power intervals. Extensive Anaerobic efforts will improve your ability to recover from high-intensity efforts and repeat them again and again. In today's session the intervals ramp up in power throughout the effort! 12 x 45sec intensive Capacity intervals with 2min recovery, provides a challenging session!","05:00 @ 50% | 2x [00:10 @ 200%, 00:50 @ 50%] | 02:00 @ 50% | 01:00 @ 109% | 03:00 @ 50% | ramp 00:45 @ 120% FTP - 175% FTP | 02:00 @ 65% | ramp 00:45 @ 120% FTP - 175% FTP | 02:00 @ 65% | ramp 00:45 @ 120% FTP - 175% FTP | 02:00 @ 65% | ramp 00:45 @ 120% FTP - 175% FTP | 02:00 @ 65% | 03:00 @ 50% | ramp 00:45 @ 120% FTP - 175% FTP | 02:00 @ 65% | ramp 00:45 @ 120% FTP - 175% FTP | 02:00 @ 65% | ramp 00:45 @ 120% FTP - 175% FTP | 02:00 @ 65% | ramp 00:45 @ 120% FTP - 175% FTP | 02:00 @ 65% | 03:00 @ 50% | ramp 00:45 @ 120% FTP - 175% FTP | 02:00 @ 65% | ramp 00:45 @ 120% FTP - 175% FTP | 02:00 @ 65% | ramp 00:45 @ 120% FTP - 175% FTP | 02:00 @ 65% | ramp 00:45 @ 120% FTP - 175% FTP | 02:00 @ 65% | 02:00 @ 50% | cooldown 05:00 @ 75% FTP - 45% FTP",intensive-capacity-2-5q1u,https://mywhooshinfo.com/workouts/workout/intensive-capacity-2-5q1u
85,Intensive Pmax into Tempo,Under 35 min,Under 35 min,Z2 - Endurance,Z1 - Recovery; Z2 - Endurance; Z3 - Tempo; Z5 - VO2Max; Z6 - Anaerobic,30:45,30.8,1845,33,0.81,Vincent Luis,False,False,"After warming up, complete a block of Zone 2 Endurance before a set of Intensive Pmax work. The second set consists of 3 x 15sec efforts performed throughout a 9-minute Tempo effort.","warmup 03:00 @ 45% FTP - 60% FTP | 01:00 @ 60% | 01:00 @ 65% | 01:00 @ 81% | 01:00 @ 109% | 10:00 @ 75% | 3x [00:15 @ 160%, 03:00 @ 84%] | cooldown 04:00 @ 70% FTP - 45% FTP",intensive-pmax-into-tempo,https://mywhooshinfo.com/workouts/workout/intensive-pmax-into-tempo
357,Intensive Pmax into Tempo #1,Sprint,Sprint,Z6 - Anaerobic,Z1 - Recovery; Z2 - Endurance; Z3 - Tempo; Z5 - VO2Max; Z6 - Anaerobic,52:50,52.8,3170,61,0.84,Lisa Hermansson,False,False,"After warming up, complete two sets of Intensive Pmax work. The first set consists of 4 x 20sec efforts with a recovery period of 2 minutes in Zone 2. The second set consists of 6 x 15-second efforts performed throughout a tempo effort. The accelerations are shorter in the 2nd set, but the pressure kept on the pedals during the recovery period will challenge your ability to recover.","warmup 03:00 @ 45% FTP - 60% FTP | 01:00 @ 60% | 01:00 @ 65% | 01:00 @ 81% | 01:00 @ 109% | 02:00 @ 50% | 04:00 @ 90% | 03:00 @ 50% | 4x [00:20 @ 160%, 02:00 @ 65%] | 6x [00:15 @ 160%, 03:00 @ 84%] | 03:00 @ 50% | cooldown 05:00 @ 65% FTP - 45% FTP",intensive-pmax-into-tempo-1,https://mywhooshinfo.com/workouts/workout/intensive-pmax-into-tempo-1
10100,Intensive Pmax into Tempo #1,All training plan workouts,All training plan workouts,Z3 - Tempo,Z1 - Recovery; Z2 - Endurance; Z3 - Tempo; Z5 - VO2Max; Z6 - Anaerobic,52:50,52.8,3170,62,0.84,Lisa Hermansson,False,False,"After warming up complete 2 sets of Intensive Pmax work. The first set consists of 4 x 20sec efforts with a recovery period of 2 minutes in Zone 2. The second set consists of 6 x 15 second efforts performed throughout a tempo effort. The accelerations are shorter in the 2nd set, but with the pressure kept on the pedals during the recovery period, this will challenge your ability to recover.","warmup 03:00 @ 45% FTP - 60% FTP | 01:00 @ 60% | 01:00 @ 65% | 01:00 @ 81% | 01:00 @ 109% | 02:00 @ 50% | 04:00 @ 90% | 03:00 @ 50% | 4x [00:20 @ 160%, 02:00 @ 65%] | 6x [00:15 @ 160%, 03:00 @ 84%] | 03:00 @ 50% | cooldown 05:00 @ 75% FTP - 45% FTP",intensive-pmax-into-tempo-1-zzzz,https://mywhooshinfo.com/workouts/workout/intensive-pmax-into-tempo-1-zzzz
358,Intensive Pmax into Tempo #2,Sprint,All training plan workouts; Sprint,Z6 - Anaerobic,Z1 - Recovery; Z2 - Endurance; Z3 - Tempo; Z5 - VO2Max; Z6 - Anaerobic,01:01:40,61.7,3700,74,0.85,,False,False,"After warming up, complete two sets of Intensive Pmax work. The first set consists of 5 x 20sec efforts with a recovery period of 2 minutes in Zone 2. The second set consists of 8 x 15sec efforts performed throughout a tempo effort. The accelerations are shorter in the 2nd set, but the pressure kept on the pedals during the recovery period will challenge your ability to recover.","warmup 03:00 @ 45% FTP - 60% FTP | 01:00 @ 60% | 01:00 @ 65% | 01:00 @ 81% | 01:00 @ 109% | 02:00 @ 50% | 04:00 @ 90% | 03:00 @ 50% | 5x [00:20 @ 160%, 02:00 @ 65%] | 8x [00:15 @ 160%, 03:00 @ 84%] | 03:00 @ 50% | cooldown 05:00 @ 65% FTP - 45% FTP",intensive-pmax-into-tempo-2,https://mywhooshinfo.com/workouts/workout/intensive-pmax-into-tempo-2
148,Interloper,Fast Fitness,Fast Fitness,Z2 - Endurance,Z1 - Recovery; Z2 - Endurance; Z3 - Tempo; Z6 - Anaerobic,37:00,37.0,2220,41,0.82,,False,True,The climb starts steady enough before stepping up to the finish with high power.,01:00 @ 45% | 01:00 @ 55% | 01:00 @ 60% | 01:00 @ 65% | 01:00 @ 81% | 02:00 @ 50% | 02:00 @ 90% | 01:00 @ 50% | 01:30 @ 75% | 00:30 @ 125% @ 75RPM | 01:30 @ 75% | 01:30 @ 60% | 01:30 @ 75% | 01:00 @ 125% @ 80RPM | 01:30 @ 75% | 01:30 @ 60% | 01:30 @ 75% | 02:00 @ 125% @ 85RPM | 01:30 @ 75% | 01:30 @ 60% | 01:30 @ 75% | 00:30 @ 125% @ 75RPM | 01:30 @ 75% | 01:30 @ 60% | 01:15 @ 70% | 01:15 @ 61% | 01:15 @ 54% | 01:15 @ 45%,interloper,https://mywhooshinfo.com/workouts/workout/interloper
675,Intermittent 30/15's #1,VO2max,VO2max,Z5 - VO2Max,Z1 - Recovery; Z2 - Endurance; Z3 - Tempo; Z6 - Anaerobic,30:00,30.0,1800,27,0.74,Lisa Hermansson,True,False,"After warming up, the session will focus on completing a series of intermittent style intervals. This type of training is ideal for maximizing adaptations to Max Aerobic fitness. Intermittent intervals allow you to complete a more significant amount of work at your Max Aerobic intensity than continuous intervals would allow. The main set consists of completing 5 x 30/15s.","warmup 05:00 @ 45% FTP - 70% FTP | 02:00 @ 50% | 03:00 @ 81% | 02:15 @ 50% | 3x [00:30 @ 89%, 00:30 @ 65%] | 05:00 @ 50% | 5x [00:30 @ 125%, 00:15 @ 65%] | cooldown 06:00 @ 61% FTP - 50% FTP",intermittent-30-15-s-1,https://mywhooshinfo.com/workouts/workout/intermittent-30-15-s-1
676,Intermittent 30/15's #2,VO2max,VO2max,Z5 - VO2Max,Z1 - Recovery; Z2 - Endurance; Z3 - Tempo; Z6 - Anaerobic,32:15,32.2,1935,32,0.78,Jonathan Brownlee,True,False,"After warming up, the session will focus on completing a series of intermittent style intervals. This type of training is ideal for maximizing adaptations to Max Aerobic fitness. Intermittent intervals allow you to complete a more significant amount of work at your Max Aerobic intensity than continuous intervals would allow. The main set consists of completing 8 x 30/15's.","warmup 05:00 @ 45% FTP - 70% FTP | 02:00 @ 50% | 03:00 @ 81% | 02:15 @ 50% | 3x [00:30 @ 89%, 00:30 @ 65%] | 05:00 @ 50% | 8x [00:30 @ 125%, 00:15 @ 65%] | cooldown 06:00 @ 61% FTP - 50% FTP",intermittent-30-15-s-2,https://mywhooshinfo.com/workouts/workout/intermittent-30-15-s-2
677,Intermittent 30/15's #3,VO2max,VO2max,Z5 - VO2Max,Z1 - Recovery; Z2 - Endurance; Z3 - Tempo; Z6 - Anaerobic,35:15,35.2,2115,39,0.82,,True,False,"After warming up, the session will focus on completing a series of intermittent style intervals. This type of training is ideal for maximizing adaptations to Max Aerobic fitness. Intermittent intervals allow you to complete a more significant amount of work at your Max Aerobic intensity than continuous intervals would allow. The main set consists of completing 12 x 30/15's.","warmup 05:00 @ 45% FTP - 70% FTP | 02:00 @ 50% | 03:00 @ 81% | 02:15 @ 50% | 3x [00:30 @ 89%, 00:30 @ 65%] | 05:00 @ 50% | 12x [00:30 @ 125%, 00:15 @ 65%] | cooldown 06:00 @ 61% FTP - 50% FTP",intermittent-30-15-s-3,https://mywhooshinfo.com/workouts/workout/intermittent-30-15-s-3
20,Intervals - What are they?,Beginner,Beginner,Z3 - Tempo,Z1 - Recovery; Z2 - Endurance; Z3 - Tempo; Z4 - Threshold,30:00,30.0,1800,21,0.66,,True,False,"Intervals play an essential part in your training. They increase fitness and allow you to burn more calories over a shorter period than steady-state riding. In cycling, we use the word 'Intervals' to define periods of higher intensity work alternating with low-intensity periods of recovery. Today we look at different ways of completing interval workouts and why we need them. This workout is also available as Video workout by a MyWhoosh coach Liz Smithson","warmup 05:00 @ 40% FTP - 70% FTP | 02:00 @ 50% | 2x [02:00 @ 83%, 01:00 @ 50%] | 02:00 @ 50% | 3x [01:00 @ 95%, 02:00 @ 50%] | 01:00 @ 50% | cooldown 05:00 @ 60% FTP - 40% FTP",intervals-what-are-they,https://mywhooshinfo.com/workouts/workout/intervals-what-are-they
481,Intervals - What are they?,Tempo,All training plan workouts; Tempo; Threshold,Z3 - Tempo,Z1 - Recovery; Z2 - Endurance; Z3 - Tempo; Z4 - Threshold,30:00,30.0,1800,22,0.66,Liz Smithson,True,False,"Intervals play an essential part in your training. They increase fitness and allow you to burn more calories over a shorter period than steady-state riding. In cycling, we use the word 'Intervals' to define periods of higher intensity work alternating with low-intensity periods of recovery. Today we look at different ways of completing interval workouts and why we need them.","warmup 05:00 @ 40% FTP - 70% FTP | 02:00 @ 50% | 2x [02:00 @ 83%, 01:00 @ 50%] | 02:00 @ 50% | 3x [01:00 @ 95%, 02:00 @ 50%] | 01:00 @ 50% | cooldown 05:00 @ 70% FTP - 40% FTP",intervals-what-are-they-1o7j,https://mywhooshinfo.com/workouts/workout/intervals-what-are-they-1o7j
21,Into the Red!,Anaerobic,Anaerobic; Beginner,Z2 - Endurance,Z1 - Recovery; Z2 - Endurance; Z4 - Threshold; Z6 - Anaerobic,44:00,44.0,2640,33,0.67,,True,False,"Now that you have gained some experience with interval training, you're ready to hit the high-intensity efforts. These are high intensity, hard intervals that require some concentration. These Zone 6, or Anaerobic Capacity intervals are generally 30sec to 3min in duration. Zone 6 intervals are generally completed in 'sets'. A set is a group of consecutive intervals. You have another ' set' when you have a long recovery before beginning more successive intervals.","warmup 05:00 @ 40% FTP - 75% FTP | 01:00 @ 50% | 02:00 @ 90% | 03:00 @ 50% | 3x [00:30 @ 121%, 03:00 @ 50%] | 05:00 @ 65% | 3x [00:30 @ 121%, 03:00 @ 50%] | cooldown 07:00 @ 55% FTP - 45% FTP",into-the-red,https://mywhooshinfo.com/workouts/workout/into-the-red
11006,Into the Red!,All training plan workouts,All training plan workouts,Z2 - Endurance,Z1 - Recovery; Z2 - Endurance; Z4 - Threshold; Z6 - Anaerobic,44:00,44.0,2640,32,0.67,,True,False,"Now that you have gained some experience with interval training, you're ready to hit the high-intensity efforts. These Zone 6, or Anaerobic Capacity intervals are generally 30sec to 3min in duration. These are high intensity, hard intervals that require some concentration. Zone 6 intervals are generally completed in 'sets'. A set is a group of consecutive intervals. When you then have a long recovery before beginning more successive intervals, you have another 'set'.","warmup 05:00 @ 40% FTP - 75% FTP | 01:00 @ 50% | 02:00 @ 90% | 03:00 @ 50% | 3x [00:30 @ 121%, 03:00 @ 50%] | 05:00 @ 65% | 3x [00:30 @ 121%, 03:00 @ 50%] | cooldown 07:00 @ 70% FTP - 25% FTP",into-the-red-2weh,https://mywhooshinfo.com/workouts/workout/into-the-red-2weh
149,Jangling Jack,Fast Fitness,Fast Fitness,Z6 - Anaerobic,Z1 - Recovery; Z2 - Endurance; Z6 - Anaerobic,30:15,30.2,1815,25,0.71,,False,False,This session will help improve your endurance capacity and peak power efforts.,warmup 04:00 @ 40% FTP - 60% FTP | 01:00 @ 50% | 00:15 @ 160% | 02:00 @ 50% | 00:15 @ 180% | 02:00 @ 50% | 00:15 @ 200% | 03:00 @ 40% | 00:15 @ 160% | 02:00 @ 50% | 00:15 @ 180% | 02:00 @ 50% | 00:15 @ 200% | 03:00 @ 40% | 00:15 @ 160% | 02:00 @ 50% | 00:15 @ 180% | 02:00 @ 50% | 00:15 @ 200% | 05:00 @ 40%,jangling-jack,https://mywhooshinfo.com/workouts/workout/jangling-jack
150,Just a normal day,Fast Fitness,Fast Fitness,Z2 - Endurance,Z1 - Recovery; Z2 - Endurance; Z3 - Tempo; Z4 - Threshold; Z5 - VO2Max,32:30,32.5,1950,34,0.8,,False,True,"With a short recovery between intervals, today, we are replicating the demands of high-speed performance.","01:00 @ 50% | 01:00 @ 58% | 01:00 @ 63% | 01:00 @ 68% | 01:00 @ 75% | 01:00 @ 50% | 4x [01:00 @ 96%, 01:00 @ 70%] | 01:00 @ 50% | 03:00 @ 88% | 01:00 @ 50% | 02:00 @ 107% @ 100RPM | 02:00 @ 50% | 01:30 @ 107% @ 100RPM | 01:30 @ 50% | 01:00 @ 107% @ 100RPM | 01:00 @ 50% | 00:30 @ 107% @ 100RPM | 04:00 @ 50%",just-a-normal-day,https://mywhooshinfo.com/workouts/workout/just-a-normal-day
151,Keep talking,Fast Fitness,Fast Fitness,Z4 - Threshold,Z1 - Recovery; Z2 - Endurance; Z3 - Tempo; Z4 - Threshold; Z6 - Anaerobic,43:30,43.5,2610,56,0.88,,False,True,"This is a climbing simulation session, but with a focus on working your ability to sustain your threshold powers.","03:00 @ 55% | 01:00 @ 65% | 01:00 @ 80% @ 75RPM | 01:00 @ 90% | 02:00 @ 55% | 2x [00:10 @ 170%, 00:50 @ 55%] | 01:00 @ 55% | 00:30 @ 130% | 02:00 @ 85% | 03:00 @ 93% | 01:00 @ 130% | 03:00 @ 50% | 00:30 @ 130% | 03:00 @ 85% | 04:00 @ 93% | 02:00 @ 130% | 03:00 @ 50% | 00:30 @ 130% | 02:00 @ 85% | 04:00 @ 93% | 04:00 @ 50%",keep-talking,https://mywhooshinfo.com/workouts/workout/keep-talking
86,Lactate Clearance,Under 35 min,Under 35 min,Z2 - Endurance,Z1 - Recovery; Z2 - Endurance; Z3 - Tempo; Z6 - Anaerobic,29:00,29.0,1740,31,0.8,,False,False,"After completing a good warmup, today we have four repetitions of the following cycle: 30sec all-out followed by a 90sec at a brisk pace below FTP but still hard enough that it will stress the aerobic system to use lactate produced. This workout is also available as Video workout by a MyWhoosh coach Georgia Taylor-Brown",warmup 03:00 @ 40% FTP - 55% FTP | 01:00 @ 60% | 01:00 @ 70% | 01:00 @ 80% | 01:00 @ 90% | 01:00 @ 55% | 00:30 @ 120% | 01:30 @ 90% | 02:00 @ 75% | 00:30 @ 120% | 01:30 @ 90% | 02:00 @ 75% | 02:00 @ 55% | 00:30 @ 120% | 01:30 @ 90% | 02:00 @ 75% | 00:30 @ 120% | 01:30 @ 90% | 02:00 @ 75% | 03:00 @ 55%,lactate-clearance,https://mywhooshinfo.com/workouts/workout/lactate-clearance
410,Lactate Clearance,Sweetspot,Sweetspot,Z3 - Tempo,Z1 - Recovery; Z2 - Endurance; Z3 - Tempo; Z6 - Anaerobic,01:10:00,70.0,4200,64,0.74,Georgia Taylor-Brown,True,False,"After completing a good warmup, today we have three repetitions of the following cycle: 30sec ' all-out ' followed by a 90sec at a brisk pace below FTP but still hard enough that it will stress the aerobic system to use lactate produced, and then a further 2min at a more comfortable pace before repeating the cycle. We complete two sets of this work before ending the session with 5min in Zone 3 to shuttle lactate that remains in the legs.",warmup 10:00 @ 40% FTP - 55% FTP | 02:00 @ 60% | 02:00 @ 70% | 02:00 @ 80% | 02:00 @ 90% | 05:00 @ 55% | 00:30 @ 120% | 01:30 @ 90% | 02:00 @ 75% | 00:30 @ 120% | 01:30 @ 90% | 02:00 @ 75% | 00:30 @ 120% | 01:30 @ 90% | 02:00 @ 75% | 05:00 @ 55% | 00:30 @ 120% | 01:30 @ 90% | 02:00 @ 75% | 00:30 @ 120% | 01:30 @ 90% | 02:00 @ 75% | 00:30 @ 120% | 01:30 @ 90% | 02:00 @ 75% | 03:00 @ 55% | 05:00 @ 75% | cooldown 10:00 @ 55% FTP - 35% FTP,lactate-clearance-t8yq,https://mywhooshinfo.com/workouts/workout/lactate-clearance-t8yq
295,Lactate Fuel,Endurance,All training plan workouts; Endurance; Sweetspot,Z2 - Endurance,Z1 - Recovery; Z2 - Endurance; Z3 - Tempo; Z5 - VO2Max; Z6 - Anaerobic,54:00,54.0,3240,52,0.77,Si Bradeley,True,False,"Another low-intensity session that focuses on building your endurance. However, the key to today's session is the fuel source. Lactate becomes the preferred fuel source by completing short 15sec high-intensity surges above your threshold. Today's session is a high carbohydrate burning workout without the prolonged high intensity. This workout trains our bodies to use lactate more efficiently and gain endurance. This workout is also available as Video workout by a MyWhoosh coach Si Bradeley","warmup 06:00 @ 45% FTP - 75% FTP | 01:00 @ 50% | 01:00 @ 109% | 02:00 @ 50% | ramp 03:00 @ 50% FTP - 90% FTP | 04:00 @ 90% | 02:00 @ 50% | 5x [00:15 @ 140%, 01:45 @ 65%] | 05:00 @ 81% | 5x [00:15 @ 140%, 01:45 @ 65%] | 05:00 @ 81% | cooldown 05:00 @ 75% FTP - 45% FTP",lactate-fuel,https://mywhooshinfo.com/workouts/workout/lactate-fuel
605,Lactate shuttle #1,Threshold,Threshold,Z4 - Threshold,Z1 - Recovery; Z2 - Endurance; Z3 - Tempo; Z4 - Threshold; Z5 - VO2Max,01:01:00,61.0,3660,76,0.87,,True,False,"Sustaining high levels of lactate requires specific training. This ability to tolerate lactate only comes with precise intervals in training. We can all produce a one-off effort to build lactate. With carefully planned intervals, we can maintain this high lactate level for an extended period. This is where the training effect happens!","03:00 @ 50% | 01:00 @ 60% | 01:00 @ 65% | 01:00 @ 81% | 01:00 @ 106% | 02:00 @ 50% | 04:00 @ 85% | 03:00 @ 50% | 03:00 @ 110% | 01:00 @ 50% | 6x [01:30 @ 103%, 00:45 @ 65%] | 05:00 @ 50% | 03:00 @ 110% | 01:00 @ 50% | 6x [01:30 @ 103%, 00:45 @ 65%] | 05:00 @ 50%",lactate-shuttle-1,https://mywhooshinfo.com/workouts/workout/lactate-shuttle-1
606,Lactate shuttle #2,Threshold,Threshold,Z4 - Threshold,Z1 - Recovery; Z2 - Endurance; Z3 - Tempo; Z4 - Threshold; Z5 - VO2Max,57:00,57.0,3420,70,0.86,,True,False,"Sustaining high levels of lactate requires specific training. This ability to tolerate lactate only comes with precise intervals in training. We can all produce a one-off effort to build lactate. With carefully planned intervals, we can maintain this high lactate level for an extended period. This is where the training effect happens!","03:00 @ 50% | 01:00 @ 60% | 01:00 @ 65% | 01:00 @ 81% | 01:00 @ 103% | 02:00 @ 50% | 02:00 @ 110% | 02:00 @ 50% | 04:00 @ 85% | 03:00 @ 50% | 03:00 @ 110% | 01:00 @ 50% | 8x [02:00 @ 103%, 01:30 @ 65%] | 05:00 @ 50%",lactate-shuttle-2,https://mywhooshinfo.com/workouts/workout/lactate-shuttle-2
87,Lactate Threshold #1,Under 35 min,Under 35 min,Z2 - Endurance,Z1 - Recovery; Z2 - Endurance; Z3 - Tempo; Z4 - Threshold; Z5 - VO2Max; Z6 - Anaerobic,32:00,32.0,1920,31,0.77,Jonathan Brownlee,False,False,The focus in this session is work completed at threshold. The opening intervals serve to create some fatigue before completing a 5min effort.,"warmup 05:00 @ 40% FTP - 60% FTP | 2x [00:10 @ 170%, 00:50 @ 55%] | 02:00 @ 55% | 01:00 @ 114% | 02:00 @ 55% | 10:00 @ 75% | ramp 05:00 @ 90% FTP - 105% FTP | 05:00 @ 55%",lactate-threshold-1,https://mywhooshinfo.com/workouts/workout/lactate-threshold-1
10194,Lactate Threshold #1,All training plan workouts,All training plan workouts,Z3 - Tempo,Z1 - Recovery; Z2 - Endurance; Z3 - Tempo; Z4 - Threshold; Z5 - VO2Max; Z6 - Anaerobic,01:01:00,61.0,3660,60,0.77,,False,False,"Riding at Lactate Threshold is our primary objective here. We are looking to build time spent at this intensity to improve the ability to manage the accumulated lactate. By completing short efforts at your current threshold, the accumulated lactate will be minimal, but the training effect is positive.","warmup 05:00 @ 40% FTP - 60% FTP | 2x [00:10 @ 185%, 00:50 @ 55%] | 02:00 @ 55% | 01:00 @ 114% | 02:00 @ 55% | 05:00 @ 85% | 05:00 @ 55% | 4x [03:00 @ 97%, 03:00 @ 55%] | 10:00 @ 75% | 05:00 @ 55%",lactate-threshold-1-dvuj,https://mywhooshinfo.com/workouts/workout/lactate-threshold-1-dvuj
11036,Lactate Threshold #1,Threshold,All training plan workouts; Threshold,Z4 - Threshold,Z1 - Recovery; Z2 - Endurance; Z3 - Tempo; Z4 - Threshold; Z5 - VO2Max; Z6 - Anaerobic,01:01:00,61.0,3660,59,0.77,,False,False,"Riding at Lactate Threshold is our primary objective here. We are looking to build time spent at this intensity to improve the ability to manage the accumulated lactate. By completing short efforts at your current threshold, the accumulated lactate will be minimal, but the training effect is positive.","warmup 05:00 @ 40% FTP - 60% FTP | 2x [00:10 @ 185%, 00:50 @ 55%] | 02:00 @ 55% | 01:00 @ 114% | 02:00 @ 55% | 05:00 @ 85% | 05:00 @ 55% | 4x [03:00 @ 97%, 03:00 @ 55%] | 10:00 @ 75% | 05:00 @ 55%",lactate-threshold-1-gna4,https://mywhooshinfo.com/workouts/workout/lactate-threshold-1-gna4
88,Lactate Threshold #2,Under 35 min,Under 35 min,Z4 - Threshold,Z1 - Recovery; Z2 - Endurance; Z3 - Tempo; Z4 - Threshold; Z5 - VO2Max,34:00,34.0,2040,44,0.88,Si Bradeley,False,False,The focus in this session is work completed at threshold. The opening Zone 2 Endurance effort creates fatigue before completing a 16min effort where the target power moves around within your threshold zone.,"warmup 03:00 @ 45% FTP - 65% FTP | 4x [00:30 @ 111%, 00:30 @ 70%] | 08:00 @ 75% | 01:00 @ 90% | 01:00 @ 95% | 01:00 @ 99% | 01:00 @ 104% | 01:00 @ 104% | 01:00 @ 99% | 01:00 @ 95% | 01:00 @ 90% | 01:00 @ 90% | 01:00 @ 95% | 01:00 @ 99% | 01:00 @ 104% | 01:00 @ 104% | 01:00 @ 99% | 01:00 @ 95% | 01:00 @ 90% | cooldown 03:00 @ 45% FTP - 65% FTP",lactate-threshold-2,https://mywhooshinfo.com/workouts/workout/lactate-threshold-2
608,Lactate Threshold #2,Threshold,All training plan workouts; Threshold,Z4 - Threshold,Z1 - Recovery; Z2 - Endurance; Z3 - Tempo; Z4 - Threshold; Z5 - VO2Max,59:00,59.0,3540,61,0.79,,False,False,"Riding at Lactate Threshold is our primary objective here. We are looking to build time spent at this intensity to improve the ability to manage the accumulated lactate. The accumulated lactate will be minimal by completing short efforts at your current threshold, but the training effect is positive.","warmup 05:00 @ 45% FTP - 65% FTP | 4x [00:30 @ 111%, 00:30 @ 70%] | 01:00 @ 45% | 01:00 @ 100% | 01:00 @ 45% | 03:00 @ 85% | 02:00 @ 55% | 5x [03:00 @ 97%, 03:00 @ 55%] | 08:00 @ 75% | 01:00 @ 65% | 01:00 @ 58% | 01:00 @ 52% | 01:00 @ 45%",lactate-threshold-2-j88f,https://mywhooshinfo.com/workouts/workout/lactate-threshold-2-j88f
89,Lactate Tolerance #1,Under 35 min,Under 35 min,Z6 - Anaerobic,Z1 - Recovery; Z2 - Endurance; Z4 - Threshold; Z5 - VO2Max; Z6 - Anaerobic,32:00,32.0,1920,42,0.89,Jonathan Brownlee,False,False,Riding at threshold power for sustained periods will require a significant amount of lactate production. This workout is also available as Video workout by a MyWhoosh coach Lisa Hermansson,"03:00 @ 50% | ramp 02:00 @ 60% FTP - 75% FTP | 01:00 @ 45% | 01:00 @ 106% | 01:00 @ 45% | 03:00 @ 100% | 03:00 @ 45% | 4x [01:00 @ 121%, 00:30 @ 55%] | 03:00 @ 45% | 4x [01:00 @ 121%, 00:30 @ 55%] | cooldown 03:00 @ 50% FTP - 50% FTP",lactate-tolerance-1,https://mywhooshinfo.com/workouts/workout/lactate-tolerance-1
239,Lactate Tolerance #1,Anaerobic,All training plan workouts; Anaerobic,Z6 - Anaerobic,Z1 - Recovery; Z2 - Endurance; Z4 - Threshold; Z6 - Anaerobic,54:00,54.0,3240,61,0.83,Si Bradeley,False,False,"Riding at threshold power for sustained periods will require a significant lactate production. To reach this lactate level in a shorter workout requires brief periods of work above threshold, with minimal recovery. With each interval, the lactate levels will rise.","05:00 @ 50% | ramp 05:00 @ 60% FTP - 75% FTP | 01:00 @ 45% | 01:00 @ 100% | 01:00 @ 45% | 03:00 @ 100% | 03:00 @ 45% | 4x [01:00 @ 121%, 00:30 @ 55%] | 15:00 @ 75% | 03:00 @ 45% | 4x [01:00 @ 121%, 00:30 @ 55%] | cooldown 05:00 @ 60% FTP - 45% FTP",lactate-tolerance-1-37jo,https://mywhooshinfo.com/workouts/workout/lactate-tolerance-1-37jo
240,Lactate Tolerance #2,Anaerobic,All training plan workouts; Anaerobic,Z6 - Anaerobic,Z1 - Recovery; Z2 - Endurance; Z3 - Tempo; Z5 - VO2Max; Z6 - Anaerobic,01:02:00,62.0,3720,75,0.85,Lisa Hermansson,False,False,"Riding at threshold power for sustained periods will require a significant lactate production. To reach this lactate level in a shorter workout requires brief periods of work above threshold, with minimal recovery. With each interval, the lactate levels will rise.","warmup 10:00 @ 44% FTP - 75% FTP | 01:00 @ 55% | 01:00 @ 111% | 01:00 @ 55% | 03:00 @ 85% | 02:00 @ 55% | 3x [02:00 @ 121%, 02:00 @ 50%] | 15:00 @ 70% | 02:00 @ 55% | 3x [02:00 @ 121%, 02:00 @ 50%] | 03:00 @ 50%",lactate-tolerance-2,https://mywhooshinfo.com/workouts/workout/lactate-tolerance-2
241,Lactate Tolerance #3,Anaerobic,All training plan workouts; Anaerobic,Z6 - Anaerobic,Z1 - Recovery; Z2 - Endurance; Z3 - Tempo; Z5 - VO2Max,01:08:00,68.0,4080,76,0.82,Lisa Hermansson,False,False,"Riding at threshold power for sustained periods will require a significant lactate production. To reach this lactate level in a shorter workout requires brief periods of work above threshold, with minimal recovery. With each interval, the lactate levels will rise.","warmup 10:00 @ 44% FTP - 75% FTP | 01:00 @ 55% | 01:00 @ 111% | 01:00 @ 55% | 03:00 @ 85% | 02:00 @ 55% | 3x [03:00 @ 106%, 02:00 @ 50%] | 15:00 @ 70% | 02:00 @ 55% | 3x [03:00 @ 106%, 02:00 @ 50%] | 03:00 @ 50%",lactate-tolerance-3,https://mywhooshinfo.com/workouts/workout/lactate-tolerance-3
242,Lactate Tolerance 3min,Anaerobic,All training plan workouts; Anaerobic,Z6 - Anaerobic,Z1 - Recovery; Z2 - Endurance; Z4 - Threshold; Z5 - VO2Max; Z6 - Anaerobic,01:00:00,60.0,3600,74,0.86,,False,True,"Your ability to build and process large amounts of lactate is critical to cycling performance. Achieving significant levels of lactate requires high-intensity efforts with slight recovery. There's no denying today is a big session! Two sets of 3min Max Aerobic with 2min recovery. However, the aim is to increase the power in the 2nd set.","05:00 @ 50% | 2x [00:10 @ 170%, 00:50 @ 50%] | 02:00 @ 50% | 01:00 @ 109% @ 95RPM | 02:00 @ 50% | 05:00 @ 90% | 03:00 @ 50% | 3x [03:00 @ 106%, 02:00 @ 65%] | 05:00 @ 50% | 3x [03:00 @ 111%, 02:00 @ 65%] | 05:00 @ 50%",lactate-tolerance-3min,https://mywhooshinfo.com/workouts/workout/lactate-tolerance-3min
152,Last dance,Fast Fitness,Fast Fitness,Z3 - Tempo,Z1 - Recovery; Z2 - Endurance; Z3 - Tempo; Z4 - Threshold; Z5 - VO2Max; Z6 - Anaerobic,44:30,44.5,2670,51,0.84,,False,False,"Having a strong threshold is crucial to climbing performance. Whether your goal is to ride as a professional cyclist or to gain fitness, improving your FTP will help you on your journey.","02:00 @ 50% | 03:00 @ 65% | 02:00 @ 70% | 03:00 @ 80% | 03:00 @ 55% | 3x [00:20 @ 120%, 00:50 @ 90%] | 03:00 @ 55% | 02:00 @ 90% | 01:00 @ 105% | 01:00 @ 90% | 02:00 @ 105% | 03:00 @ 90% | 01:00 @ 115% | 03:00 @ 60% | 08:00 @ 91% | 04:00 @ 55%",last-dance,https://mywhooshinfo.com/workouts/workout/last-dance
153,Learning to fly,Fast Fitness,Fast Fitness,Z2 - Endurance,Free Ride; Z1 - Recovery; Z2 - Endurance; Z3 - Tempo; Z5 - VO2Max; Z6 - Anaerobic,41:15,41.2,2475,34,0.71,,False,False,This session is all about producing peak 1min power.,01:12 @ 45% | 01:12 @ 54% | 01:12 @ 60% | 01:12 @ 66% | 01:12 @ 75% | 01:00 @ 50% | 01:00 @ 109% | 02:00 @ 50% | 01:00 @ 50% | 01:00 @ 67% | 01:00 @ 84% | 04:00 @ 85% | 03:00 @ 50% | 00:45 @ 115% | 00:30 @ 50% | 02:00 @ 63% | 00:30 @ 50% | 03:00 @ 50% | 01:00 @ 121% | 00:30 @ 50% | 03:00 @ 64% | 03:00 @ 50% | 01:00 @ Free ride | 01:00 @ 50% | 01:40 @ 63% | 01:40 @ 54% | 01:40 @ 45%,learning-to-fly,https://mywhooshinfo.com/workouts/workout/learning-to-fly
22,Leg Speed #1,Beginner,All training plan workouts; Beginner; Endurance,Z2 - Endurance,Z1 - Recovery; Z2 - Endurance; Z3 - Tempo,58:00,58.0,3480,54,0.75,,True,False,"In this low-intensity workout, we focus on leg speed today. The majority of the session is spent in zone 2. However, we hit some 1-minute high cadence efforts during the session. All this then culminates with a steady-state zone 3 effort.","warmup 05:00 @ 50% FTP - 70% FTP | 01:00 @ 55% | 05:00 @ 70% | 01:00 @ 55% | 10x [01:00 @ 88%, 02:00 @ 73%] | 01:00 @ 55% | 10:00 @ 80% | 05:00 @ 50%",leg-speed-1,https://mywhooshinfo.com/workouts/workout/leg-speed-1
297,Leg Speed #2,Endurance,All training plan workouts; Endurance,Z2 - Endurance,Z1 - Recovery; Z2 - Endurance; Z3 - Tempo,58:00,58.0,3480,56,0.77,,True,False,"In this low-intensity workout, we focus on leg speed today. The majority of the session is spent in zone 2. However, we hit some 90sec high cadence efforts during the session. All this then culminates with a steady-state zone 3 effort.","warmup 05:00 @ 50% FTP - 70% FTP | 01:00 @ 55% | 05:00 @ 70% | 01:00 @ 55% | 10x [01:30 @ 88%, 01:30 @ 73%] | 01:00 @ 55% | 10:00 @ 80% | 05:00 @ 50%",leg-speed-2,https://mywhooshinfo.com/workouts/workout/leg-speed-2
154,Lemon,Fast Fitness,Fast Fitness,Z3 - Tempo,Z1 - Recovery; Z2 - Endurance; Z3 - Tempo; Z5 - VO2Max,36:00,36.0,2160,49,0.91,,False,False,This session is pushing your threshold up. Working up the pyramid is not too difficult; it is the return leg when it starts to bite!,02:00 @ 55% | 02:00 @ 70% | 02:00 @ 85% | 01:00 @ 55% | 01:00 @ 115% | 03:00 @ 87% | 02:00 @ 50% | 02:00 @ 115% | 03:00 @ 87% | 02:00 @ 50% | 03:00 @ 115% | 02:00 @ 87% | 02:00 @ 50% | 04:00 @ 115% | 01:00 @ 87% | 04:00 @ 50%,lemon,https://mywhooshinfo.com/workouts/workout/lemon
11267,Long Run,All training plan workouts,All training plan workouts,Free Ride,Free Ride,30:00,30.0,1800,0,0,,False,False,Run 30min in Zone 2 (60-70% of Max HR).,30:00 @ Free ride,long-run,https://mywhooshinfo.com/workouts/workout/long-run
11295,Long Run,All training plan workouts,All training plan workouts,Free Ride,Free Ride,45:00,45.0,2700,0,0,,False,False,Run 45min in Zone 2 (60-70% of Max HR).,30:00 @ Free ride,long-run-0p35,https://mywhooshinfo.com/workouts/workout/long-run-0p35
10905,Long Sprints,All training plan workouts,All training plan workouts,Z3 - Tempo,Z1 - Recovery; Z2 - Endurance; Z3 - Tempo; Z6 - Anaerobic,01:03:00,63.0,3780,86,0.91,,True,False,"Developing your anaerobic power needn't always be from sprinting, increasing your anaerobic power 'tank' can be done in a number of ways. This session explores some options...They all require maximum effort, and maximum suffering! This week, complete each effort to the specified power. You can complete the workout with erg. Mode on or Off, depending on your own preference.","03:00 @ 55% | 03:00 @ 65% | 03:00 @ 80% | 02:00 @ 90% | 03:00 @ 55% | 2x [00:10 @ 280%, 00:50 @ 55%] | 04:00 @ 50% | 3x [00:30 @ 195%, 06:00 @ 55%] | 02:00 @ 50% | 3x [01:00 @ 172%, 06:00 @ 55%] | 00:30 @ 50%",long-sprints,https://mywhooshinfo.com/workouts/workout/long-sprints
360,Long Sprints #1,Sprint,Sprint,Z6 - Anaerobic,Z1 - Recovery; Z2 - Endurance; Z3 - Tempo; Z6 - Anaerobic,01:03:00,63.0,3780,86,0.91,Si Bradeley,True,True,"Developing your anaerobic power needn't always be from sprinting; increasing your anaerobic power 'tank' can be done several ways. They all require maximum effort and maximum suffering! This session explores some options. This week, complete each effort to the specified power. Depending on your preference, you can complete the workout with erg?mode on or off.","03:00 @ 55% | 03:00 @ 65% | 03:00 @ 80% @ 75RPM | 02:00 @ 90% | 03:00 @ 55% | 2x [00:10 @ 280%, 00:50 @ 55%] | 04:00 @ 50% | 3x [00:30 @ 195%, 06:00 @ 55%] | 02:00 @ 50% | 3x [01:00 @ 172%, 06:00 @ 55%] | 00:30 @ 50%",long-sprints-1,https://mywhooshinfo.com/workouts/workout/long-sprints-1
359,Long Sprints #2,Sprint,Sprint,Z6 - Anaerobic,Free Ride; Z1 - Recovery; Z2 - Endurance; Z3 - Tempo; Z6 - Anaerobic,01:03:00,63.0,3780,43,0.64,,True,True,"We are developing your anaerobic power through long sprints. This week, we build on last week's session - Make sure you complete last week's session before attempting this one. 30 second and 1 minute, maximal sprints, equal maximal effort!","03:00 @ 55% | 03:00 @ 65% | 03:00 @ 80% @ 75RPM | 02:00 @ 90% | 03:00 @ 55% | 2x [00:10 @ 280%, 00:50 @ 55%] | 04:00 @ 50% | 00:30 @ Free ride | 06:00 @ 55% | 00:30 @ Free ride | 06:00 @ 55% | 00:30 @ Free ride | 06:00 @ 55% | 02:00 @ 50% | 01:00 @ Free ride | 06:00 @ 55% | 01:00 @ Free ride | 06:00 @ 55% | 01:00 @ Free ride | 06:00 @ 55% | 00:30 @ 50%",long-sprints-2,https://mywhooshinfo.com/workouts/workout/long-sprints-2
10912,Long Sprints 2,All training plan workouts,All training plan workouts,Z3 - Tempo,Free Ride; Z1 - Recovery; Z2 - Endurance; Z3 - Tempo; Z6 - Anaerobic,01:03:00,63.0,3780,43,0.64,,True,False,"Developing your anaerobic power through long sprints. This week, we build on last weeks session - Make sure you complete last weeks session prior to attempting this one. 30 second and 1 minute, maximal sprints, maximal effort!","03:00 @ 55% | 03:00 @ 65% | 03:00 @ 80% | 02:00 @ 90% | 03:00 @ 55% | 2x [00:10 @ 280%, 00:50 @ 55%] | 04:00 @ 50% | 00:30 @ Free ride | 06:00 @ 55% | 00:30 @ Free ride | 06:00 @ 55% | 00:30 @ Free ride | 06:00 @ 55% | 02:00 @ 50% | 01:00 @ Free ride | 06:00 @ 55% | 01:00 @ Free ride | 06:00 @ 55% | 01:00 @ Free ride | 06:00 @ 55% | 00:30 @ 50%",long-sprints-2-ce11,https://mywhooshinfo.com/workouts/workout/long-sprints-2-ce11
482,Long Tempo Climb #1,Tempo,Tempo,Z3 - Tempo,Z1 - Recovery; Z2 - Endurance; Z3 - Tempo; Z4 - Threshold; Z5 - VO2Max,01:01:00,61.0,3660,61,0.78,,True,True,"Working your way into the longer climbs requires good pacing and the ability to lift the power towards the crest. In this session, we roll up some 5min climbs, with the final 2min being where the gradient and power kick up.",03:00 @ 50% | 01:00 @ 60% | 01:00 @ 65% | 01:00 @ 81% | 01:00 @ 109% | 02:00 @ 50% | 04:00 @ 90% | 03:00 @ 50% | ramp 03:00 @ 76% FTP - 91% FTP | ramp 02:00 @ 91% FTP - 106% FTP @ 70RPM | 04:00 @ 50% | ramp 03:00 @ 76% FTP - 91% FTP | ramp 02:00 @ 91% FTP - 106% FTP @ 70RPM | 04:00 @ 50% | ramp 03:00 @ 76% FTP - 91% FTP | ramp 02:00 @ 91% FTP - 106% FTP @ 70RPM | 04:00 @ 50% | ramp 03:00 @ 76% FTP - 91% FTP | ramp 02:00 @ 91% FTP - 106% FTP @ 70RPM | 04:00 @ 50% | ramp 03:00 @ 76% FTP - 91% FTP | ramp 02:00 @ 91% FTP - 106% FTP @ 70RPM | 04:00 @ 50%,long-tempo-climb-1,https://mywhooshinfo.com/workouts/workout/long-tempo-climb-1
483,Long Tempo Climb #2,Tempo,All training plan workouts; Tempo,Z3 - Tempo,Z1 - Recovery; Z2 - Endurance; Z3 - Tempo; Z4 - Threshold; Z5 - VO2Max,01:00:00,60.0,3600,64,0.8,,True,True,"Working your way into the longer climbs requires good pacing and the ability to lift the power towards the crest. In this session, we roll up some 7min climbs, with the final 3min being where the gradient and power kick up.",03:00 @ 50% | 01:00 @ 60% | 01:00 @ 65% | 01:00 @ 81% | 01:00 @ 109% | 02:00 @ 50% | 04:00 @ 90% | 03:00 @ 50% | ramp 04:00 @ 76% FTP - 91% FTP | ramp 03:00 @ 91% FTP - 106% FTP @ 70RPM | 04:00 @ 50% | ramp 04:00 @ 76% FTP - 91% FTP | ramp 03:00 @ 91% FTP - 106% FTP @ 70RPM | 04:00 @ 50% | ramp 04:00 @ 76% FTP - 91% FTP | ramp 03:00 @ 91% FTP - 106% FTP @ 70RPM | 04:00 @ 50% | ramp 04:00 @ 76% FTP - 91% FTP | ramp 03:00 @ 91% FTP - 106% FTP @ 70RPM | 04:00 @ 50%,long-tempo-climb-2,https://mywhooshinfo.com/workouts/workout/long-tempo-climb-2
243,Low 30's #1,Anaerobic,Anaerobic,Z6 - Anaerobic,Z1 - Recovery; Z2 - Endurance; Z3 - Tempo; Z5 - VO2Max,54:00,54.0,3240,46,0.72,,True,False,"When we complete short steep climbs, the lower cadence results in high crank torque, which recruits more of your fast-twitch fibres. With this in mind, it's vital that our training meets the demands of this movement. Today, we perform a range of short, lower cadence intervals at various high intensities.","03:00 @ 50% | 2x [01:00 @ 75%, 01:00 @ 50%] | 2x [01:00 @ 90%, 01:00 @ 50%] | 03:00 @ 78% | 01:00 @ 50% | 4x [00:30 @ 106%, 01:30 @ 50%] | 05:00 @ 80% | 4x [00:30 @ 107%, 01:30 @ 50%] | 05:00 @ 80% | 4x [00:30 @ 106%, 01:30 @ 50%] | 05:00 @ 50%",low-30-s-1,https://mywhooshinfo.com/workouts/workout/low-30-s-1
298,Low 60's,Endurance,Endurance,Z2 - Endurance,Z1 - Recovery; Z2 - Endurance; Z3 - Tempo; Z4 - Threshold,01:01:00,61.0,3660,64,0.79,,True,False,"When we complete short steep climbs, the lower cadence results in high crank torque, which recruits more of your fast-twitch fibres. With this in mind, it's vital that our training meets the demands of this movement. Today we are performing lower cadence intervals but with power just above threshold.","05:00 @ 50% | 5x [00:30 @ 65%, 00:30 @ 80%] | 03:00 @ 50% | 05:00 @ 80% | 01:00 @ 50% | 10x [02:00 @ 75%, 01:00 @ 104%] | 02:00 @ 50% | 05:00 @ 80% | 05:00 @ 50%",low-60-s,https://mywhooshinfo.com/workouts/workout/low-60-s
11131,Low Cadence efforts and MAP efforts,All training plan workouts,All training plan workouts,Z3 - Tempo,Z1 - Recovery; Z2 - Endurance; Z3 - Tempo; Z6 - Anaerobic,01:01:55,61.9,3715,60,0.77,,True,False,"This is a great taper session. Low Cadence efforts to activate the working muscles, including some 30-second efforts at your Maximal Aerobic Power (MAP). By maintaining some intensity before the final test of the Beginner FTP plan, we will ensure you are ready to tackle the test day!","05:00 @ 58% | 03:00 @ 70% | 03:00 @ 80% | 02:00 @ 90% | 03:00 @ 55% | 05:00 @ 80% | 03:00 @ 55% | 05:00 @ 80% | 03:00 @ 55% | 05:00 @ 85% | 03:00 @ 55% | 05:00 @ 85% | 05:00 @ 55% | 4x [00:30 @ 150%, 01:00 @ 50%] | cooldown 05:55 @ 60% FTP - 40% FTP",low-cadence-efforts-and-map-efforts,https://mywhooshinfo.com/workouts/workout/low-cadence-efforts-and-map-efforts
11187,Low Cadence MAP,All training plan workouts,All training plan workouts,Z3 - Tempo,Z1 - Recovery; Z2 - Endurance; Z3 - Tempo; Z6 - Anaerobic,01:03:30,63.5,3810,79,0.87,,True,False,"Building on the torque and intensity sessions of the previous weeks. Low Cadence efforts to load the torque requirements, bookended with some 30-second max power efforts, to simulate the start of the race and the finish!","05:00 @ 58% | 03:00 @ 70% | 03:00 @ 80% | 02:00 @ 90% | 03:00 @ 55% | 3x [00:30 @ 210%, 02:00 @ 50%] | 03:00 @ 50% | 05:00 @ 85% | 02:00 @ 55% | 05:00 @ 85% | 03:00 @ 55% | 05:00 @ 85% | 04:00 @ 55% | 4x [00:30 @ 150%, 01:30 @ 50%] | cooldown 05:00 @ 60% FTP - 40% FTP",low-cadence-map,https://mywhooshinfo.com/workouts/workout/low-cadence-map
299,Low Cadence Power,Endurance,All training plan workouts; Endurance,Z2 - Endurance,Z1 - Recovery; Z3 - Tempo,56:00,56.0,3360,46,0.71,Zelmaré Viljoen,True,True,"The first targeted session of the Early Base Phase of this Climb Focus Program. The aim is to introduce you to some intensity and cadences typically experienced when climbing. We will talk you through the intervals, explaining the rationale of the session and how you can begin to become a better climber!",04:00 @ 45% | 03:00 @ 55% | 02:00 @ 77% @ 75RPM | 02:00 @ 85% | 03:00 @ 50% | 10:00 @ 77% @ 70RPM | 04:00 @ 55% | 10:00 @ 77% @ 65RPM | 04:00 @ 55% | 10:00 @ 77% @ 60RPM | 04:00 @ 55%,low-cadence-power,https://mywhooshinfo.com/workouts/workout/low-cadence-power
484,Low Cadence Power #1,Tempo,Tempo,Z3 - Tempo,Z1 - Recovery; Z3 - Tempo,56:00,56.0,3360,46,0.71,Zelmaré Viljoen,True,True,"The first targeted session of the Early Base Phase of this Climb Focus Program. The aim is to introduce you to some intensity and cadences typically experienced when climbing. We will talk you through the intervals, explaining the rationale of the session and how you can begin to become a better climber!",04:00 @ 45% | 03:00 @ 55% | 02:00 @ 77% @ 75RPM | 02:00 @ 85% | 03:00 @ 50% | 10:00 @ 77% @ 70RPM | 04:00 @ 55% | 10:00 @ 77% @ 65RPM | 04:00 @ 55% | 10:00 @ 77% @ 60RPM | 04:00 @ 55%,low-cadence-power-1,https://mywhooshinfo.com/workouts/workout/low-cadence-power-1
485,Low Cadence Power #2,Tempo,Tempo,Z3 - Tempo,Z1 - Recovery; Z3 - Tempo,56:00,56.0,3360,50,0.73,Zelmaré Viljoen,True,True,"The second, low cadence session of the Early Base Phase of this Climb Focus Program. The aim is to introduce you to some intensity and cadences typically experienced when climbing?progressing from last week's session with a higher power target.",04:00 @ 45% | 03:00 @ 55% | 02:00 @ 80% @ 65RPM | 02:00 @ 85% | 03:00 @ 50% | 10:00 @ 80% @ 60RPM | 04:00 @ 55% | 10:00 @ 80% @ 60RPM | 04:00 @ 55% | 10:00 @ 80% @ 60RPM | 04:00 @ 55%,low-cadence-power-2,https://mywhooshinfo.com/workouts/workout/low-cadence-power-2
486,Low Cadence Power #3,Tempo,Tempo,Z3 - Tempo,Z1 - Recovery; Z3 - Tempo,01:02:00,62.0,3720,56,0.74,,True,True,"The third Low Cadence Power session. First, we increased the power. This week we are increasing the duration of each interval. Keep focussed throughout the effort.",04:00 @ 45% | 03:00 @ 55% | 02:00 @ 77% @ 75RPM | 02:00 @ 85% | 03:00 @ 50% | 12:00 @ 80% @ 70RPM | 04:00 @ 55% | 12:00 @ 80% | 04:00 @ 55% | 12:00 @ 80% @ 65RPM | 04:00 @ 55%,low-cadence-power-3,https://mywhooshinfo.com/workouts/workout/low-cadence-power-3
487,Low Cadence Power #4,Tempo,Tempo,Z3 - Tempo,Z1 - Recovery; Z3 - Tempo; Z5 - VO2Max,01:00:30,60.5,3630,58,0.76,,True,True,"The final week of the Early Base Phase of this Climb Focus Program. And today, we take on the last low cadence power session. A session you should know well by now. Today, we mix it up with intensity towards each interval's end!",04:00 @ 45% | 03:00 @ 55% | 02:00 @ 77% @ 75RPM | 02:00 @ 85% | 03:00 @ 50% | 10:00 @ 77% @ 70RPM | 01:00 @ 109% | 04:00 @ 55% | 10:00 @ 77% @ 70RPM | 01:30 @ 109% | 04:00 @ 55% | 10:00 @ 77% @ 70RPM | 02:00 @ 109% | 04:00 @ 55%,low-cadence-power-4,https://mywhooshinfo.com/workouts/workout/low-cadence-power-4
10569,Low Cadence Power 2,All training plan workouts,All training plan workouts,Z3 - Tempo,Z1 - Recovery; Z3 - Tempo,56:00,56.0,3360,50,0.73,Zelmaré Viljoen,True,False,"The second, low cadence session of the Early Base Phase of this Climb Focus Program. The aim is to introduce you to some intensity and at cadences typically experienced when climbing. Progressing from last weeks session with a higher power target.",04:00 @ 45% | 03:00 @ 55% | 02:00 @ 80% | 02:00 @ 85% | 03:00 @ 50% | 10:00 @ 80% | 04:00 @ 55% | 10:00 @ 80% | 04:00 @ 55% | 10:00 @ 80% | 04:00 @ 55%,low-cadence-power-2-q6sq,https://mywhooshinfo.com/workouts/workout/low-cadence-power-2-q6sq
10576,Low Cadence Power 3,All training plan workouts,All training plan workouts,Z3 - Tempo,Z1 - Recovery; Z3 - Tempo,01:02:00,62.0,3720,56,0.74,,True,False,"The third Low Cadence Power session. First we increased the power, this week we are increasing the duration of each interval. Keep focussed throughout the effort.",04:00 @ 45% | 03:00 @ 55% | 02:00 @ 77% | 02:00 @ 85% | 03:00 @ 50% | 12:00 @ 80% | 04:00 @ 55% | 12:00 @ 80% | 04:00 @ 55% | 12:00 @ 80% | 04:00 @ 55%,low-cadence-power-3-wapf,https://mywhooshinfo.com/workouts/workout/low-cadence-power-3-wapf
10583,Low Cadence Power 4,All training plan workouts,All training plan workouts,Z3 - Tempo,Z1 - Recovery; Z3 - Tempo; Z5 - VO2Max,01:00:30,60.5,3630,58,0.76,,True,False,The final week of the Early Base Phase of this Climb Focus Program. And today we take on the final low cadence power session. A session you should know well by now. Today we mix it up with some intensity towards the end of each interval!,04:00 @ 45% | 03:00 @ 55% | 02:00 @ 77% | 02:00 @ 85% | 03:00 @ 50% | 10:00 @ 77% | 01:00 @ 109% | 04:00 @ 55% | 10:00 @ 77% | 01:30 @ 109% | 04:00 @ 55% | 10:00 @ 77% | 02:00 @ 109% | 04:00 @ 55%,low-cadence-power-4-s1i8,https://mywhooshinfo.com/workouts/workout/low-cadence-power-4-s1i8
10590,Low Cadence Steps,All training plan workouts,All training plan workouts,Z3 - Tempo,Z1 - Recovery; Z2 - Endurance; Z3 - Tempo,01:01:00,61.0,3660,61,0.78,,True,False,"Join us on this first workout of the second phase - Late Base - of this Climb Focussed Plan, Low Cadence Steps - Alternating durations of intervals designed to make you increase your torque and neuromuscular stimulation throughout. A session thats great to develop as you improve (increase number or duration of the intervals) and is great to transfer to the road IRL too.","04:00 @ 55% | 03:00 @ 65% | 02:00 @ 80% | 02:00 @ 90% | 03:00 @ 55% | 04:00 @ 87% | 03:00 @ 55% | 06:00 @ 87% | 03:00 @ 55% | 4x [02:00 @ 87%, 00:30 @ 85%] | 03:00 @ 55% | 06:00 @ 87% | 03:00 @ 55% | 04:00 @ 87% | 05:00 @ 55%",low-cadence-steps,https://mywhooshinfo.com/workouts/workout/low-cadence-steps
412,Low Cadence Steps #1,Sweetspot,All training plan workouts; Sweetspot,Z3 - Tempo,Z1 - Recovery; Z2 - Endurance; Z3 - Tempo,01:01:00,61.0,3660,61,0.78,,True,True,"Join us on this first workout of the second phase - Late Base - of this Climb Focussed Plan, Low Cadence Steps - Alternating durations of intervals designed to increase your torque and neuromuscular stimulation throughout. A session that is great to develop as you improve (increase the number or duration of the intervals) and is great to transfer to the road IRL.","04:00 @ 55% | 03:00 @ 65% | 02:00 @ 80% @ 65RPM | 02:00 @ 90% | 03:00 @ 55% | 04:00 @ 87% @ 70RPM | 03:00 @ 55% | 06:00 @ 87% @ 70RPM | 03:00 @ 55% | 4x [02:00 @ 87%, 00:30 @ 85%] | 03:00 @ 55% | 06:00 @ 87% @ 70RPM | 03:00 @ 55% | 04:00 @ 87% @ 70RPM | 05:00 @ 55%",low-cadence-steps-1,https://mywhooshinfo.com/workouts/workout/low-cadence-steps-1
413,Low Cadence Steps #2,Sweetspot,All training plan workouts; Sweetspot,Z3 - Tempo,Z1 - Recovery; Z2 - Endurance; Z3 - Tempo,01:05:00,65.0,3900,66,0.78,,True,True,"The second Low Cadence Step session of this Late Base Phase, progressing from last week's efforts - Alternating durations of intervals designed to make you increase your torque and neuromuscular stimulation throughout. A session that is great to develop as you improve (increase the number or duration of the intervals) and is great to transfer to the road IRL.","04:00 @ 55% | 03:00 @ 65% | 02:00 @ 80% @ 65RPM | 02:00 @ 90% | 03:00 @ 55% | 05:00 @ 87% @ 70RPM | 03:00 @ 55% | 07:00 @ 87% @ 70RPM | 03:00 @ 55% | 4x [02:00 @ 87%, 00:30 @ 85%] | 03:00 @ 55% | 07:00 @ 87% @ 70RPM | 03:00 @ 55% | 05:00 @ 87% @ 70RPM | 05:00 @ 55%",low-cadence-steps-2,https://mywhooshinfo.com/workouts/workout/low-cadence-steps-2
10613,Low Cadence Steps 2,All training plan workouts,All training plan workouts,Z3 - Tempo,Z1 - Recovery; Z2 - Endurance; Z3 - Tempo,01:05:00,65.0,3900,66,0.78,,True,False,"The second Low Cadence Step session of this Late Base Phase, progressing from last weeks efforts - Alternating durations of intervals designed to make you increase your torque and neuromuscular stimulation throughout. A session thats great to develop as you improve (increase number or duration of the intervals) and is great to transfer to the road IRL too.","04:00 @ 55% | 03:00 @ 65% | 02:00 @ 80% | 02:00 @ 90% | 03:00 @ 55% | 05:00 @ 87% | 03:00 @ 55% | 07:00 @ 87% | 03:00 @ 55% | 4x [02:00 @ 87%, 00:30 @ 85%] | 03:00 @ 55% | 07:00 @ 87% | 03:00 @ 55% | 05:00 @ 87% | 05:00 @ 55%",low-cadence-steps-2-8gmq,https://mywhooshinfo.com/workouts/workout/low-cadence-steps-2-8gmq
10594,"Low Cadence, Reloaded",All training plan workouts,All training plan workouts,Z3 - Tempo,Z1 - Recovery; Z2 - Endurance; Z3 - Tempo; Z6 - Anaerobic,01:03:55,63.9,3835,76,0.85,,True,False,"Revisiting a session from the Early Base Phase, with a twist. Low Cadence efforts to simulate the climbs, and to finish, including some 1 minute efforts at your Maximal Aerobic Power (MAP). It is good to maintain some intensity during the early phases of a training plan; This can help to prolong the enduracne effects of the training and keep the high intensity efforts familiar.","05:00 @ 58% | 03:00 @ 70% | 03:00 @ 80% | 02:00 @ 90% | 03:00 @ 55% | 05:00 @ 85% | 02:00 @ 55% | 05:00 @ 85% | 03:00 @ 55% | 05:00 @ 85% | 04:00 @ 55% | 05:00 @ 85% | 05:00 @ 55% | 4x [01:00 @ 150%, 01:00 @ 50%] | cooldown 05:55 @ 60% FTP - 40% FTP",low-cadence-reloaded,https://mywhooshinfo.com/workouts/workout/low-cadence-reloaded
678,"Low Cadence, Reloaded #1",VO2max,VO2max,Z5 - VO2Max,Z1 - Recovery; Z2 - Endurance; Z3 - Tempo; Z6 - Anaerobic,01:03:55,63.9,3835,76,0.85,,True,True,"You are revisiting a session from the Early Base Phase with a twist. Low Cadence efforts to simulate the climbs and finish, including some 1-minute efforts at your Maximal Aerobic Power (MAP). It is good to maintain some intensity during the early phases of a training plan; This can help to prolong the endurance effects of the training and keep the high-intensity efforts familiar.","05:00 @ 58% | 03:00 @ 70% | 03:00 @ 80% | 02:00 @ 90% | 03:00 @ 55% | 05:00 @ 85% @ 65RPM | 02:00 @ 55% | 05:00 @ 85% @ 65RPM | 03:00 @ 55% | 05:00 @ 85% @ 65RPM | 04:00 @ 55% | 05:00 @ 85% @ 65RPM | 05:00 @ 55% | 4x [01:00 @ 150%, 01:00 @ 50%] | cooldown 05:55 @ 60% FTP - 40% FTP",low-cadence-reloaded-1,https://mywhooshinfo.com/workouts/workout/low-cadence-reloaded-1
679,"Low Cadence, Reloaded #2",VO2max,VO2max,Z5 - VO2Max,Z1 - Recovery; Z2 - Endurance; Z3 - Tempo; Z6 - Anaerobic,01:05:55,65.9,3955,82,0.87,,True,True,"You are revisiting a session from the Early Base Phase with a twist. Low Cadence efforts to simulate the climbs and finish, including some 1-minute efforts at your Maximal Aerobic Power (MAP). One extra repetition this week.","05:00 @ 58% | 03:00 @ 70% | 03:00 @ 80% | 02:00 @ 90% | 03:00 @ 55% | 05:00 @ 85% @ 65RPM | 02:00 @ 55% | 05:00 @ 85% @ 65RPM | 03:00 @ 55% | 05:00 @ 85% @ 65RPM | 04:00 @ 55% | 05:00 @ 85% @ 65RPM | 05:00 @ 55% | 5x [01:00 @ 150%, 01:00 @ 50%] | cooldown 05:55 @ 60% FTP - 40% FTP",low-cadence-reloaded-2,https://mywhooshinfo.com/workouts/workout/low-cadence-reloaded-2
680,"Low Cadence, Reloaded #3",VO2max,VO2max,Z5 - VO2Max,Z1 - Recovery; Z2 - Endurance; Z3 - Tempo; Z6 - Anaerobic,01:05:55,65.9,3955,84,0.87,,True,True,"You are revisiting a session from the Early Base Phase with a twist. Low Cadence efforts to simulate the climbs and finish, including some 1-minute efforts at your Maximal Aerobic Power (MAP). One extra repetition this week.","05:00 @ 58% | 03:00 @ 70% | 03:00 @ 80% | 02:00 @ 90% | 03:00 @ 55% | 05:00 @ 88% @ 65RPM | 02:00 @ 55% | 05:00 @ 88% @ 65RPM | 03:00 @ 55% | 05:00 @ 88% @ 65RPM | 04:00 @ 55% | 05:00 @ 88% @ 65RPM | 05:00 @ 55% | 5x [01:00 @ 150%, 01:00 @ 50%] | cooldown 05:55 @ 60% FTP - 40% FTP",low-cadence-reloaded-3,https://mywhooshinfo.com/workouts/workout/low-cadence-reloaded-3
681,"Low Cadence, Reloaded #4",VO2max,VO2max,Z5 - VO2Max,Z1 - Recovery; Z2 - Endurance; Z3 - Tempo; Z6 - Anaerobic,01:05:55,65.9,3955,85,0.88,,True,True,"You are revisiting a session from the Early Base Phase with a twist. Low Cadence efforts to simulate the climbs and finish, including some 1-minute efforts at your Maximal Aerobic Power (MAP). One extra repetition this week.","05:00 @ 58% | 03:00 @ 70% | 03:00 @ 80% | 02:00 @ 90% | 03:00 @ 55% | 05:00 @ 90% @ 65RPM | 02:00 @ 55% | 05:00 @ 90% @ 65RPM | 03:00 @ 55% | 05:00 @ 90% @ 65RPM | 04:00 @ 55% | 05:00 @ 90% @ 65RPM | 05:00 @ 55% | 5x [01:00 @ 150%, 01:00 @ 50%] | cooldown 05:55 @ 60% FTP - 40% FTP",low-cadence-reloaded-4,https://mywhooshinfo.com/workouts/workout/low-cadence-reloaded-4
10601,"Low Cadence, Reloaded 2",All training plan workouts,All training plan workouts,Z3 - Tempo,Z1 - Recovery; Z2 - Endurance; Z3 - Tempo; Z6 - Anaerobic,01:05:55,65.9,3955,82,0.87,,True,False,"Revisiting a session from the Early Base Phase, with a twist. Low Cadence efforts to simulate the climbs, and to finish, including some 1 minute efforts at your Maximal Aerobic Power (MAP). One extra repetition this week.","05:00 @ 58% | 03:00 @ 70% | 03:00 @ 80% | 02:00 @ 90% | 03:00 @ 55% | 05:00 @ 85% | 02:00 @ 55% | 05:00 @ 85% | 03:00 @ 55% | 05:00 @ 85% | 04:00 @ 55% | 05:00 @ 85% | 05:00 @ 55% | 5x [01:00 @ 150%, 01:00 @ 50%] | cooldown 05:55 @ 60% FTP - 40% FTP",low-cadence-reloaded-2-ex0b,https://mywhooshinfo.com/workouts/workout/low-cadence-reloaded-2-ex0b
10608,"Low Cadence, Reloaded 3",All training plan workouts,All training plan workouts,Z3 - Tempo,Z1 - Recovery; Z2 - Endurance; Z3 - Tempo; Z6 - Anaerobic,01:05:55,65.9,3955,84,0.87,,True,False,"Revisiting a session from the Early Base Phase, with a twist. Low Cadence efforts to simulate the climbs, and to finish, including some 1 minute efforts at your Maximal Aerobic Power (MAP). One extra repetition this week and higher power in the Low Cadence Blocks.","05:00 @ 58% | 03:00 @ 70% | 03:00 @ 80% | 02:00 @ 90% | 03:00 @ 55% | 05:00 @ 88% | 02:00 @ 55% | 05:00 @ 88% | 03:00 @ 55% | 05:00 @ 88% | 04:00 @ 55% | 05:00 @ 88% | 05:00 @ 55% | 5x [01:00 @ 150%, 01:00 @ 50%] | cooldown 05:55 @ 60% FTP - 40% FTP",low-cadence-reloaded-3-1qdm,https://mywhooshinfo.com/workouts/workout/low-cadence-reloaded-3-1qdm
10615,"Low Cadence, Reloaded 4",All training plan workouts,All training plan workouts,Z3 - Tempo,Z1 - Recovery; Z2 - Endurance; Z3 - Tempo; Z6 - Anaerobic,01:05:55,65.9,3955,85,0.88,,True,False,"Revisiting a session from the Early Base Phase, with a twist. Low Cadence efforts to simulate the climbs, and to finish, including some 1 minute efforts at your Maximal Aerobic Power (MAP). One extra repetition this week and higher power in the Low Cadence Blocks.","05:00 @ 58% | 03:00 @ 70% | 03:00 @ 80% | 02:00 @ 90% | 03:00 @ 55% | 05:00 @ 90% | 02:00 @ 55% | 05:00 @ 90% | 03:00 @ 55% | 05:00 @ 90% | 04:00 @ 55% | 05:00 @ 90% | 05:00 @ 55% | 5x [01:00 @ 150%, 01:00 @ 50%] | cooldown 05:55 @ 60% FTP - 40% FTP",low-cadence-reloaded-4-1cqs,https://mywhooshinfo.com/workouts/workout/low-cadence-reloaded-4-1cqs
300,Maintenance #1,Endurance,Endurance,Z2 - Endurance,Z1 - Recovery; Z2 - Endurance; Z3 - Tempo; Z4 - Threshold; Z5 - VO2Max,57:00,57.0,3420,57,0.78,,True,False,"During periods of reduced training volume and intensity, we can maintain the gains made in training by implementing carefully structured intensity on occasion. This session will allow you to maintain your base fitness by touching on short, high-intensity intervals. By completing 6 x 30sec intervals with functional recovery, you will keep those fast-twitch muscle fibres in check for when the racing begins.","warmup 05:00 @ 45% FTP - 75% FTP | 01:00 @ 50% | 4x [01:00 @ 88%, 01:00 @ 65%] | 01:00 @ 109% | 01:00 @ 65% | 03:00 @ 95% | 05:00 @ 75% | ramp 00:30 @ 75% FTP - 120% FTP | 05:00 @ 75% | ramp 00:30 @ 75% FTP - 120% FTP | 05:00 @ 75% | ramp 00:30 @ 75% FTP - 120% FTP | 05:00 @ 75% | ramp 00:30 @ 75% FTP - 120% FTP | 05:00 @ 75% | ramp 00:30 @ 75% FTP - 120% FTP | 05:00 @ 75% | ramp 00:30 @ 75% FTP - 120% FTP | cooldown 05:00 @ 75% FTP - 45% FTP",maintenance-1,https://mywhooshinfo.com/workouts/workout/maintenance-1
301,Maintenance #2,Endurance,Endurance,Z2 - Endurance,Z1 - Recovery; Z2 - Endurance; Z3 - Tempo; Z5 - VO2Max,53:00,53.0,3180,44,0.71,Lisa Hermansson,True,False,Not every session has to involve high-intensity efforts. Today's session is a low-intensity workout focussing on your aerobic fitness. This will allow you to preserve vital glycogen stores and power up the day's final climb. This workout is the kind of session you can perform several times during the week.,warmup 03:00 @ 45% FTP - 60% FTP | 01:00 @ 60% | 01:00 @ 65% | 01:00 @ 81% | 01:00 @ 109% | 02:00 @ 50% | 04:00 @ 88% | 02:00 @ 50% | ramp 05:00 @ 61% FTP - 80% FTP | 02:00 @ 60% | ramp 05:00 @ 61% FTP - 80% FTP | 02:00 @ 65% | ramp 05:00 @ 61% FTP - 80% FTP | 02:00 @ 65% | ramp 05:00 @ 61% FTP - 80% FTP | 02:00 @ 65% | ramp 05:00 @ 61% FTP - 80% FTP | cooldown 05:00 @ 75% FTP - 50% FTP,maintenance-2,https://mywhooshinfo.com/workouts/workout/maintenance-2
90,Max Aerobic,Under 35 min,Under 35 min,Z2 - Endurance,Z1 - Recovery; Z2 - Endurance; Z4 - Threshold; Z5 - VO2Max,33:00,33.0,1980,36,0.82,,False,False,"After a good warm-up, prepare yourself for two Max Aerobic intervals with 3min recovery. A well developed VO2max system will allow you to recover from high-intensity efforts faster and increase endurance.",warmup 03:00 @ 45% FTP - 65% FTP | 02:00 @ 63% | 01:00 @ 70% | 01:00 @ 100% | 01:00 @ 63% | 01:00 @ 110% | 01:00 @ 63% | 10:00 @ 75% | 03:00 @ 109% | 02:00 @ 115% | 03:00 @ 55%,max-aerobic,https://mywhooshinfo.com/workouts/workout/max-aerobic
686,Max Aerobic #5,VO2max,All training plan workouts; VO2max,Z5 - VO2Max,Z1 - Recovery; Z2 - Endurance; Z3 - Tempo; Z5 - VO2Max; Z6 - Anaerobic,01:02:00,62.0,3720,72,0.84,,True,False,"After a good warm-up, prepare yourself for some hard Max Aerobic intervals. But the good news is the intensity does decrease across the efforts! The 1st effort is 4min @ 120% Then 2 x 3min efforts @ 112% Followed by 2x 2min efforts @ 109%.","warmup 05:00 @ 45% FTP - 75% FTP | 2x [00:10 @ 200%, 00:50 @ 50%] | 02:00 @ 50% | 01:00 @ 109% | 02:00 @ 50% | 05:00 @ 90% | 03:00 @ 50% | 04:00 @ 120% | 05:00 @ 50% | 2x [03:00 @ 112%, 05:00 @ 50%] | 2x [02:00 @ 109%, 04:00 @ 50%] | cooldown 05:00 @ 55% FTP - 45% FTP",max-aerobic-5,https://mywhooshinfo.com/workouts/workout/max-aerobic-5
682,Max Aerobic Climb #1,VO2max,VO2max,Z5 - VO2Max,Z1 - Recovery; Z4 - Threshold; Z5 - VO2Max; Z6 - Anaerobic,01:10:00,70.0,4200,81,0.84,,True,True,"With these max Aerobic efforts, we are looking to simulate climbing. We achieve this by riding with a lower cadence, out of the saddle. After warming up complete the following; 3 x 3min @ 109% with 3min recovery 10min recovery 4 x 2min @ 115% with 4min recovery. During the intervals, ride out of the saddle as much as possible. It's ok to sit occasionally for 10-20 seconds if needed.","05:00 @ 50% | 2x [00:10 @ 200%, 00:50 @ 50%] | 02:00 @ 50% @ 85RPM | 01:00 @ 109% | 02:00 @ 50% | 05:00 @ 90% | 03:00 @ 50% | 3x [03:00 @ 110%, 03:00 @ 50%] | 07:00 @ 50% | 4x [02:00 @ 115%, 04:00 @ 50%] | 01:00 @ 50%",max-aerobic-climb-1,https://mywhooshinfo.com/workouts/workout/max-aerobic-climb-1
683,Max Aerobic Climb #2,VO2max,VO2max,Z5 - VO2Max,Z1 - Recovery; Z2 - Endurance; Z3 - Tempo; Z5 - VO2Max; Z6 - Anaerobic,01:04:00,64.0,3840,72,0.82,,True,False,"With these max Aerobic efforts, we are looking to simulate climbing. We achieve this by riding with a lower cadence, out of the saddle. After warming up complete the following; 3 x 3min @ 109% with 3min recovery 10min recovery 3 x 2min @ 115% with 4min recovery. During the intervals, ride out of the saddle as much as possible. It's ok to sit occasionally for 10-20 seconds if needed.","warmup 05:00 @ 45% FTP - 75% FTP | 2x [00:10 @ 200%, 00:50 @ 50%] | 02:00 @ 50% | 01:00 @ 109% | 02:00 @ 50% | 03:00 @ 90% | 03:00 @ 50% | 3x [03:00 @ 110%, 03:00 @ 50%] | 05:00 @ 50% | 3x [02:00 @ 115%, 04:00 @ 50%] | cooldown 05:00 @ 55% FTP - 45% FTP",max-aerobic-climb-2,https://mywhooshinfo.com/workouts/workout/max-aerobic-climb-2
685,Max Aerobic Climb #3,VO2max,All training plan workouts; VO2max,Z5 - VO2Max,Z1 - Recovery; Z2 - Endurance; Z3 - Tempo; Z5 - VO2Max; Z6 - Anaerobic,01:01:00,61.0,3660,70,0.83,,True,False,"With these max Aerobic efforts, we are looking to simulate climbing. This is achieved by riding with a lower cadence out of the saddle. During the intervals, ride out of the saddle as much as possible. It's ok to sit occasionally for 10-20 seconds if needed.","warmup 05:00 @ 45% FTP - 75% FTP | 2x [00:10 @ 200%, 00:50 @ 50%] | 02:00 @ 50% | 01:00 @ 109% | 02:00 @ 50% | 03:00 @ 90% | 03:00 @ 50% | 3x [03:00 @ 110%, 03:00 @ 50%] | 05:00 @ 50% | 3x [02:00 @ 115%, 04:00 @ 50%] | 02:00 @ 45%",max-aerobic-climb-3,https://mywhooshinfo.com/workouts/workout/max-aerobic-climb-3
684,Max Aerobic Declining,VO2max,VO2max,Z5 - VO2Max,Z1 - Recovery; Z2 - Endurance; Z4 - Threshold; Z5 - VO2Max,01:00:00,60.0,3600,68,0.83,,True,False,"Working entirely in your Max Aerobic area, this session maintains the interval duration throughout all efforts but decreases the intensity. We are looking at your HR response to the effort with adequate recovery. Power is decreasing. Is your Heart Rate decreasing along with the effort?",warmup 06:00 @ 42% FTP - 70% FTP | 01:00 @ 50% | 01:00 @ 109% | 02:00 @ 50% | 03:00 @ 90% | 03:00 @ 50% | 06:00 @ 105% | 05:00 @ 56% | 06:00 @ 100% | 05:00 @ 57% | 06:00 @ 95% | 05:00 @ 57% | 06:00 @ 90% | 05:00 @ 50%,max-aerobic-declining,https://mywhooshinfo.com/workouts/workout/max-aerobic-declining
155,Mean to me,Fast Fitness,Fast Fitness,Z4 - Threshold,Z1 - Recovery; Z2 - Endurance; Z3 - Tempo; Z4 - Threshold,52:00,52.0,3120,55,0.8,,False,False,This threshold focused session will burn the calories and improve your threshold power.,warmup 04:00 @ 45% FTP - 75% FTP | 01:00 @ 55% | 02:00 @ 85% | 01:00 @ 55% | 02:00 @ 95% | 01:00 @ 55% | ramp 02:00 @ 76% FTP - 88% FTP | 01:00 @ 55% | ramp 03:00 @ 76% FTP - 88% FTP | 01:00 @ 55% | ramp 04:00 @ 76% FTP - 88% FTP | 02:00 @ 55% | ramp 02:00 @ 88% FTP - 98% FTP | 01:00 @ 55% | ramp 03:00 @ 88% FTP - 98% FTP | 01:00 @ 55% | ramp 04:00 @ 88% FTP - 98% FTP | 02:00 @ 55% | 04:00 @ 95% | 02:00 @ 55% | 04:00 @ 95% | 05:00 @ 55%,mean-to-me,https://mywhooshinfo.com/workouts/workout/mean-to-me
156,Metal,Fast Fitness,Fast Fitness,Z3 - Tempo,Z1 - Recovery; Z2 - Endurance; Z3 - Tempo; Z4 - Threshold; Z5 - VO2Max; Z6 - Anaerobic,48:00,48.0,2880,57,0.85,,False,True,"Racing places the rider under some extreme circumstances. You will get a taste of racing, but you will also get a good training benefit.","01:15 @ 42% | 01:15 @ 53% | 01:15 @ 60% | 01:15 @ 70% | 02:00 @ 50% | 03:00 @ 70% | 4x [00:10 @ 175%, 00:50 @ 50%] | 02:00 @ 50% | 04:00 @ 80% | 03:00 @ 50% | 00:45 @ 125% @ 80RPM | 02:00 @ 106% | 02:00 @ 88% | 00:45 @ 125% @ 70RPM | 03:00 @ 80% | 02:00 @ 65% | 01:30 @ 80% | 01:30 @ 98% | 00:30 @ 125% @ 60RPM | 03:00 @ 95% | 03:00 @ 107% | 01:00 @ 110% @ 70RPM | 04:00 @ 50%",metal,https://mywhooshinfo.com/workouts/workout/metal
609,Micro into Threshold,Threshold,Threshold,Z4 - Threshold,Z1 - Recovery; Z2 - Endurance; Z3 - Tempo; Z4 - Threshold; Z6 - Anaerobic,57:00,57.0,3420,66,0.84,,True,False,A high-intensity workout today! The stochastic nature of racing requires you to turn the power on and then off quickly. Quite often leading into a threshold type effort. Sustaining threshold power for long periods is a hard workout. Performing micro intervals leading into this effort gives the session another element of specificity.,"warmup 07:00 @ 50% FTP - 75% FTP | 01:00 @ 50% | 5x [01:00 @ 90%, 01:00 @ 70%] | 01:00 @ 50% | 03:00 @ 88% | 02:00 @ 50% | 6x [00:15 @ 45%, 00:30 @ 120%] | 07:00 @ 95% | 05:00 @ 50% | 6x [00:15 @ 45%, 00:30 @ 120%] | 07:00 @ 95% | 05:00 @ 50%",micro-into-threshold,https://mywhooshinfo.com/workouts/workout/micro-into-threshold
687,Micro-VO2 #1,VO2max,VO2max,Z5 - VO2Max,Z1 - Recovery; Z2 - Endurance; Z3 - Tempo; Z4 - Threshold; Z6 - Anaerobic,01:00:00,60.0,3600,70,0.84,,True,False,"Micro intervals are a staple workout for many athletes. Despite being comprised of multiple, short, high-intensity efforts, micro intervals are an effective method to target VO2max development. There is an infinite amount of variations possible with micro intervals. In today's session, we perform 30/15's?30sec hard, followed by 15sec recovery.","03:00 @ 50% | 2x [01:00 @ 75%, 01:00 @ 50%] | 2x [01:00 @ 90%, 01:00 @ 50%] | 04:00 @ 95% | 03:00 @ 50% | 8x [00:30 @ 120%, 00:15 @ 63%] | 05:00 @ 55% | 8x [00:30 @ 120%, 00:15 @ 63%] | 05:00 @ 55% | 8x [00:30 @ 120%, 00:15 @ 63%] | 05:00 @ 55% | 04:00 @ 95% | 05:00 @ 50%",micro-vo2-1,https://mywhooshinfo.com/workouts/workout/micro-vo2-1
688,Micro-VO2 #2,VO2max,VO2max,Z5 - VO2Max,Z1 - Recovery; Z2 - Endurance; Z3 - Tempo; Z4 - Threshold; Z6 - Anaerobic,01:03:00,63.0,3780,76,0.85,Si Bradeley,True,False,"Micro intervals are a staple workout for many athletes. Despite being comprised of multiple, short, high-intensity efforts, micro intervals are an effective method to target VO2max development. There is an infinite amount of variations possible with micro intervals. In today's session, we perform 30/15's?30sec hard, followed by 15sec recovery.","03:00 @ 50% | 2x [01:00 @ 75%, 01:00 @ 50%] | 2x [01:00 @ 90%, 01:00 @ 50%] | 04:00 @ 95% | 03:00 @ 50% | 10x [00:30 @ 120%, 00:15 @ 63%] | 05:00 @ 55% | 10x [00:30 @ 120%, 00:15 @ 63%] | 05:00 @ 55% | 8x [00:30 @ 120%, 00:15 @ 63%] | 05:00 @ 55% | 04:00 @ 95% | 05:00 @ 50%",micro-vo2-2,https://mywhooshinfo.com/workouts/workout/micro-vo2-2
689,Milano-Sanremo,VO2max,All training plan workouts; VO2max,Z5 - VO2Max,Free Ride; Z1 - Recovery; Z2 - Endurance; Z3 - Tempo; Z4 - Threshold; Z5 - VO2Max; Z6 - Anaerobic,01:00:55,60.9,3655,64,0.8,,True,True,La Classicissima is known as this Sprinters Classic. Not an obvious choice of race for this climb focused training plan? But with perhaps the most famous pairing of climbs - the Cipressa and Poggio it would be rude not to include this race simulation!,"04:00 @ 55% | 03:00 @ 65% | 03:00 @ 80% @ 75RPM | 02:00 @ 90% | 03:00 @ 55% | 03:00 @ 110% | 05:00 @ 55% | 3x [00:10 @ 120%, 02:00 @ 55%] | 01:00 @ 50% | 01:00 @ 70% | 02:00 @ 80% | 03:00 @ 90% | 02:00 @ 109% | 00:30 @ 125% | 05:00 @ 50% | 00:30 @ 130% | 07:00 @ Free ride | 01:00 @ 110% | 03:00 @ 50% | 2x [00:10 @ 140%, 00:30 @ 55%] | 00:20 @ 190% | 03:45 @ 45%",milano-sanremo,https://mywhooshinfo.com/workouts/workout/milano-sanremo
91,Mitochondria #1,Under 35 min,Under 35 min,Z2 - Endurance,Z1 - Recovery; Z2 - Endurance; Z3 - Tempo; Z5 - VO2Max,31:00,31.0,1860,34,0.82,Vincent Luis,False,False,Recent studies have shown that the right amount of high-intensity training can provide the same benefits as traditional Long Slow Distance training.,"02:00 @ 50% | 01:00 @ 60% | 01:00 @ 65% | 01:00 @ 81% | 02:00 @ 50% | 03:00 @ 90% | 01:00 @ 50% | 6x [01:00 @ 113%, 02:00 @ 65%] | 02:00 @ 50%",mitochondria-1,https://mywhooshinfo.com/workouts/workout/mitochondria-1
10722,Mitochondria #1,Endurance,All training plan workouts; Endurance,Z2 - Endurance,Z1 - Recovery; Z2 - Endurance; Z3 - Tempo; Z4 - Threshold; Z5 - VO2Max,01:00:00,60.0,3600,65,0.81,Si Bradeley,True,False,"One of the main aims of our 'Early Base' training phase is to increase mitochondrial density. In basic terms, these are the power stations in your muscles. Recent studies have shown that the right amount of high-intensity training can provide the same benefits as traditional Long Slow Distance training. By implementing structured intervals of high-intensity power, coupled with the right amount of recovery time, we can boost the density of mitochondria.","03:00 @ 50% | 01:00 @ 60% | 01:00 @ 65% | 01:00 @ 81% | 01:00 @ 109% | 02:00 @ 50% | 04:00 @ 90% | 03:00 @ 50% | 10x [01:00 @ 113%, 03:00 @ 65%] | 04:00 @ 50%",mitochondria-1-67qv,https://mywhooshinfo.com/workouts/workout/mitochondria-1-67qv
10292,Mitochondria #1,All training plan workouts,All training plan workouts,Z2 - Endurance,Z1 - Recovery; Z2 - Endurance; Z3 - Tempo; Z5 - VO2Max,01:02:00,62.0,3720,49,0.69,Si Bradeley,False,False,"One of the main aims of our 'Early Base' training phase is to increase mitochondrial density. In basic terms, these are the power stations in your muscles. Recent studies have shown that the right amount of high-intensity training can provide the same benefits as traditional Long Slow Distance training. By implementing structured intervals of high-intensity power, coupled with the right amount of recovery time, we can boost the density of mitochondria.","03:00 @ 50% | 01:00 @ 60% | 01:00 @ 65% | 01:00 @ 81% | 01:00 @ 109% | 02:00 @ 50% | 03:00 @ 85% | 02:00 @ 50% | 15:00 @ 67% | 01:00 @ 55% | 10x [00:30 @ 113%, 02:30 @ 50%] | cooldown 02:00 @ 50% FTP - 45% FTP",mitochondria-1-5ygk,https://mywhooshinfo.com/workouts/workout/mitochondria-1-5ygk
303,Mitochondria #10,Endurance,All training plan workouts; Endurance,Z2 - Endurance,Z1 - Recovery; Z2 - Endurance; Z3 - Tempo; Z4 - Threshold; Z5 - VO2Max,01:19:00,79.0,4740,87,0.82,Si Bradeley,False,False,"One of the main aims of our 'Base' training phase is to increase mitochondrial density. In basic terms, these are the power stations in your muscles. Recent studies have shown that the right amount of high-intensity training can provide the same benefits as traditional Long Slow Distance training. By implementing structured intervals of high-intensity power, coupled with the right amount of recovery time, we can boost the density of mitochondria.","03:00 @ 50% | 01:00 @ 60% | 01:00 @ 65% | 01:00 @ 81% | 01:00 @ 109% | 02:00 @ 50% | 04:00 @ 90% | 03:00 @ 50% | 20x [01:00 @ 113%, 02:00 @ 50%] | 03:00 @ 45%",mitochondria-10,https://mywhooshinfo.com/workouts/workout/mitochondria-10
304,Mitochondria #11,Endurance,All training plan workouts; Endurance,Z2 - Endurance,Z1 - Recovery; Z2 - Endurance; Z3 - Tempo; Z5 - VO2Max,01:08:00,68.0,4080,84,0.86,Si Bradeley,False,False,"One of the main aims of our 'Base' training phase is to increase mitochondrial density. In basic terms, these are the power stations in your muscles. Recent studies have shown that the right amount of high-intensity training can provide the same benefits as traditional Long Slow Distance training. By implementing structured intervals of high-intensity power, coupled with the right amount of recovery time, we can boost the density of mitochondria.","03:00 @ 50% | 01:00 @ 60% | 01:00 @ 65% | 01:00 @ 81% | 01:00 @ 109% | 02:00 @ 50% | 04:00 @ 90% | 03:00 @ 50% | 10x [02:00 @ 113%, 03:00 @ 50%] | 02:00 @ 45%",mitochondria-11,https://mywhooshinfo.com/workouts/workout/mitochondria-11
305,Mitochondria #12,Endurance,All training plan workouts; Endurance,Z2 - Endurance,Z1 - Recovery; Z2 - Endurance; Z3 - Tempo; Z5 - VO2Max,58:00,58.0,3480,77,0.89,Si Bradeley,False,False,"One of the main aims of our 'Build' training phase is to increase mitochondrial density. In basic terms, these are the power stations in your muscles. Recent studies have shown that the right amount of high-intensity training can provide the same benefits as traditional Long Slow Distance training. By implementing structured intervals of high-intensity power, coupled with the right amount of recovery time, we can boost the density of mitochondria.","03:00 @ 50% | 01:00 @ 60% | 01:00 @ 65% | 01:00 @ 81% | 01:00 @ 109% | 02:00 @ 50% | 04:00 @ 90% | 03:00 @ 50% | 10x [02:00 @ 113%, 02:00 @ 50%] | 02:00 @ 45%",mitochondria-12,https://mywhooshinfo.com/workouts/workout/mitochondria-12
306,Mitochondria #13,Endurance,All training plan workouts; Endurance,Z2 - Endurance,Z1 - Recovery; Z2 - Endurance; Z3 - Tempo; Z5 - VO2Max,01:33:00,93.0,5580,117,0.87,Si Bradeley,False,False,"One of the main aims of our 'Build' training phase is to increase mitochondrial density. In basic terms, these are the power stations in your muscles. Recent studies have shown that the right amount of high-intensity training can provide the same benefits as traditional Long Slow Distance training. By implementing structured intervals of high-intensity power, coupled with the right amount of recovery time, we can boost the density of mitochondria.","03:00 @ 50% | 01:00 @ 60% | 01:00 @ 65% | 01:00 @ 81% | 01:00 @ 109% | 02:00 @ 50% | 04:00 @ 90% | 03:00 @ 50% | 15x [02:00 @ 113%, 03:00 @ 50%] | 02:00 @ 45%",mitochondria-13,https://mywhooshinfo.com/workouts/workout/mitochondria-13
307,Mitochondria #2,Endurance,All training plan workouts; Endurance,Z2 - Endurance,Z1 - Recovery; Z2 - Endurance; Z3 - Tempo; Z4 - Threshold; Z5 - VO2Max,01:00:00,60.0,3600,69,0.83,Si Bradeley,True,False,"This session includes short, controlled intervals above threshold with minimal recovery. This type of training provides the perfect stimulus to increase mitochondrial density and sustainable power. There is a sting in the tail, though. The session finishes with a 10-minute sub-threshold effort. There is no getting away from the benefits of long aerobic intervals.","03:00 @ 50% | 01:00 @ 85% | 02:00 @ 50% | 03:00 @ 90% | 03:00 @ 50% | 10x [01:00 @ 113%, 02:00 @ 65%] | 03:00 @ 50% | ramp 10:00 @ 94% FTP - 88% FTP | 05:00 @ 50%",mitochondria-2,https://mywhooshinfo.com/workouts/workout/mitochondria-2
10301,Mitochondria #2,All training plan workouts,All training plan workouts,Z5 - VO2Max,Z1 - Recovery; Z2 - Endurance; Z3 - Tempo; Z5 - VO2Max,01:00:00,60.0,3600,49,0.7,Si Bradeley,False,False,"One of the main aims of our 'Early Base' training phase is to increase mitochondrial density. In basic terms, these are the power stations in your muscles. Recent studies have shown that the right amount of high-intensity training can provide the same benefits as traditional Long Slow Distance training. By implementing structured intervals of high-intensity power, coupled with the right amount of recovery time, we can boost the density of mitochondria.","03:00 @ 50% | 01:00 @ 60% | 01:00 @ 65% | 01:00 @ 81% | 01:00 @ 109% | 02:00 @ 50% | 03:00 @ 85% | 01:00 @ 50% | 15x [00:30 @ 113%, 02:30 @ 50%] | cooldown 02:00 @ 50% FTP - 45% FTP",mitochondria-2-8r25,https://mywhooshinfo.com/workouts/workout/mitochondria-2-8r25
10308,Mitochondria #3,All training plan workouts,All training plan workouts,Z5 - VO2Max,Z1 - Recovery; Z2 - Endurance; Z3 - Tempo; Z5 - VO2Max,01:19:00,79.0,4740,65,0.7,Si Bradeley,False,False,"One of the main aims of our 'Early Base' training phase is to increase mitochondrial density. In basic terms, these are the power stations in your muscles. Recent studies have shown that the right amount of high-intensity training can provide the same benefits as traditional Long Slow Distance training. By implementing structured intervals of high-intensity power, coupled with the right amount of recovery time, we can boost the density of mitochondria.","03:00 @ 50% | 01:00 @ 60% | 01:00 @ 65% | 01:00 @ 81% | 01:00 @ 109% | 02:00 @ 50% | 04:00 @ 90% | 03:00 @ 50% | 20x [00:30 @ 113%, 02:30 @ 50%] | cooldown 03:00 @ 50% FTP - 40% FTP",mitochondria-3-39oo,https://mywhooshinfo.com/workouts/workout/mitochondria-3-39oo
308,Mitochondria #3,Endurance,All training plan workouts; Endurance,Z2 - Endurance,Z1 - Recovery; Z2 - Endurance; Z3 - Tempo; Z5 - VO2Max,01:21:00,81.0,4860,66,0.7,Si Bradeley,False,True,"One of the main aims of our 'Early Base' training phase is to increase mitochondrial density. In basic terms, these are the power stations in your muscles. Recent studies have shown that the right amount of high-intensity training can provide the same benefits as traditional Long Slow Distance training. By implementing structured intervals of high-intensity power, coupled with the right amount of recovery time, we can boost the density of mitochondria.","03:00 @ 50% @ 85RPM | 01:00 @ 60% @ 85RPM | 01:00 @ 65% @ 90RPM | 01:00 @ 81% @ 90RPM | 01:00 @ 109% @ 95RPM | 02:00 @ 50% @ 85RPM | 04:00 @ 90% @ 95RPM | 03:00 @ 50% @ 85RPM | 20x [00:30 @ 113%, 02:30 @ 50%] | 05:00 @ 45%",mitochondria-3,https://mywhooshinfo.com/workouts/workout/mitochondria-3
10437,Mitochondria #3,All training plan workouts,All training plan workouts,Z5 - VO2Max,Z1 - Recovery; Z2 - Endurance; Z3 - Tempo; Z5 - VO2Max,01:21:00,81.0,4860,65,0.7,Si Bradeley,False,False,"One of the main aims of our &apos;Early Base&apos; training phase is to increase mitochondrial density. In basic terms, these are the power stations in your muscles. Recent studies have shown that the right amount of high-intensity training can provide the same benefits as traditional Long Slow Distance training. By implementing structured intervals of high-intensity power, coupled with the right amount of recovery time, we can boost the density of mitochondria.","03:00 @ 50% | 01:00 @ 60% | 01:00 @ 65% | 01:00 @ 81% | 01:00 @ 109% | 02:00 @ 50% | 04:00 @ 90% | 03:00 @ 50% | 20x [00:30 @ 113%, 02:30 @ 50%] | 05:00 @ 45%",mitochondria-3-ts9u,https://mywhooshinfo.com/workouts/workout/mitochondria-3-ts9u
309,Mitochondria #4,Endurance,All training plan workouts; Endurance,Z2 - Endurance,Z1 - Recovery; Z2 - Endurance; Z3 - Tempo; Z4 - Threshold; Z5 - VO2Max,01:11:00,71.0,4260,64,0.74,Si Bradeley,False,False,"One of the main aims of our 'Base' training phase is to increase mitochondrial density. In basic terms, these are the power stations in your muscles. Recent studies have shown that the right amount of high-intensity training can provide the same benefits as traditional Long Slow Distance training. By implementing structured intervals of high-intensity power, coupled with the right amount of recovery time, we can boost the density of mitochondria.","03:00 @ 50% | 01:00 @ 60% | 01:00 @ 65% | 01:00 @ 81% | 01:00 @ 109% | 02:00 @ 50% | 04:00 @ 90% | 03:00 @ 50% | 20x [00:30 @ 113%, 01:30 @ 50%] | 10:00 @ 75% | cooldown 05:00 @ 55% FTP - 35% FTP",mitochondria-4,https://mywhooshinfo.com/workouts/workout/mitochondria-4
10734,Mitochondria #4,All training plan workouts,All training plan workouts,Z3 - Tempo,Z1 - Recovery; Z2 - Endurance; Z3 - Tempo; Z4 - Threshold; Z5 - VO2Max,01:11:00,71.0,4260,65,0.74,Si Bradeley,False,False,"One of the main aims of our 'Base' training phase is to increase mitochondrial density. In basic terms, these are the power stations in your muscles. Recent studies have shown that the right amount of high-intensity training can provide the same benefits as traditional Long Slow Distance training. By implementing structured intervals of high-intensity power, coupled with the right amount of recovery time, we can boost the density of mitochondria.","03:00 @ 50% | 01:00 @ 60% | 01:00 @ 65% | 01:00 @ 81% | 01:00 @ 109% | 02:00 @ 50% | 04:00 @ 90% | 03:00 @ 50% | 20x [00:30 @ 113%, 01:30 @ 50%] | 10:00 @ 75% | 05:00 @ 56%",mitochondria-4-8fmv,https://mywhooshinfo.com/workouts/workout/mitochondria-4-8fmv
310,Mitochondria #5,Endurance,All training plan workouts; Endurance,Z2 - Endurance,Z1 - Recovery; Z2 - Endurance; Z3 - Tempo; Z5 - VO2Max,01:11:00,71.0,4260,69,0.76,Si Bradeley,False,False,"One of the main aims of our 'Base' training phase is to increase mitochondrial density. In basic terms, these are the power stations in your muscles. Recent studies have shown that the right amount of high-intensity training can provide the same benefits as traditional Long Slow Distance training. By implementing structured intervals of high-intensity power, coupled with the right amount of recovery time, we can boost the density of mitochondria.","03:00 @ 50% | 01:00 @ 60% | 01:00 @ 65% | 01:00 @ 81% | 01:00 @ 109% | 02:00 @ 50% | 04:00 @ 90% | 03:00 @ 50% | 10x [01:00 @ 113%, 03:00 @ 50%] | 10:00 @ 75% | cooldown 05:00 @ 55% FTP - 35% FTP",mitochondria-5,https://mywhooshinfo.com/workouts/workout/mitochondria-5
311,Mitochondria #6,Endurance,All training plan workouts; Endurance,Z2 - Endurance,Z1 - Recovery; Z2 - Endurance; Z3 - Tempo; Z5 - VO2Max,01:01:00,61.0,3660,63,0.79,Si Bradeley,False,False,"One of the main aims of our 'Base' training phase is to increase mitochondrial density. In basic terms, these are the power stations in your muscles. Recent studies have shown that the right amount of high-intensity training can provide the same benefits as traditional Long Slow Distance training. By implementing structured intervals of high-intensity power, coupled with the right amount of recovery time, we can boost the density of mitochondria.","03:00 @ 50% | 01:00 @ 60% | 01:00 @ 65% | 01:00 @ 81% | 01:00 @ 109% | 02:00 @ 50% | 04:00 @ 90% | 03:00 @ 50% | 10x [01:00 @ 113%, 02:00 @ 50%] | 10:00 @ 75% | cooldown 05:00 @ 55% FTP - 45% FTP",mitochondria-6,https://mywhooshinfo.com/workouts/workout/mitochondria-6
312,Mitochondria #7,Endurance,All training plan workouts; Endurance,Z2 - Endurance,Z1 - Recovery; Z2 - Endurance; Z3 - Tempo; Z5 - VO2Max,01:18:00,78.0,4680,78,0.78,Si Bradeley,False,False,"One of the main aims of our 'Base' training phase is to increase mitochondrial density. In basic terms, these are the power stations in your muscles. Recent studies have shown that the right amount of high-intensity training can provide the same benefits as traditional Long Slow Distance training. By implementing structured intervals of high-intensity power, coupled with the right amount of recovery time, we can boost the density of mitochondria.","03:00 @ 50% | 01:00 @ 60% | 01:00 @ 65% | 01:00 @ 81% | 01:00 @ 109% | 02:00 @ 50% | 04:00 @ 90% | 03:00 @ 50% | 15x [01:00 @ 113%, 03:00 @ 50%] | cooldown 02:00 @ 50% FTP - 45% FTP",mitochondria-7,https://mywhooshinfo.com/workouts/workout/mitochondria-7
313,Mitochondria #8,Endurance,All training plan workouts; Endurance,Z2 - Endurance,Z1 - Recovery; Z2 - Endurance; Z3 - Tempo; Z5 - VO2Max,01:03:00,63.0,3780,69,0.81,Si Bradeley,False,False,"One of the main aims of our 'Base' training phase is to increase mitochondrial density. In basic terms, these are the power stations in your muscles. Recent studies have shown that the right amount of high-intensity training can provide the same benefits as traditional Long Slow Distance training. By implementing structured intervals of high-intensity power, coupled with the right amount of recovery time, we can boost the density of mitochondria. This workout is also available as Video workout by a MyWhoosh coach Si Bradeley","03:00 @ 50% | 01:00 @ 60% | 01:00 @ 65% | 01:00 @ 81% | 01:00 @ 109% | 02:00 @ 50% | 04:00 @ 90% | 03:00 @ 50% | 15x [01:00 @ 113%, 02:00 @ 50%] | cooldown 02:00 @ 51% FTP - 45% FTP",mitochondria-8,https://mywhooshinfo.com/workouts/workout/mitochondria-8
314,Mitochondria #9,Endurance,All training plan workouts; Endurance,Z2 - Endurance,Z1 - Recovery; Z2 - Endurance; Z3 - Tempo; Z5 - VO2Max,01:38:00,98.0,5880,100,0.78,Si Bradeley,False,False,"One of the main aims of our 'Base' training phase is to increase mitochondrial density. In basic terms, these are the power stations in your muscles. Recent studies have shown that the right amount of high-intensity training can provide the same benefits as traditional Long Slow Distance training. By implementing structured intervals of high-intensity power, coupled with the right amount of recovery time, we can boost the density of mitochondria.","03:00 @ 50% | 01:00 @ 60% | 01:00 @ 65% | 01:00 @ 81% | 01:00 @ 109% | 02:00 @ 50% | 04:00 @ 90% | 03:00 @ 50% | 20x [01:00 @ 113%, 03:00 @ 50%] | 02:00 @ 45%",mitochondria-9,https://mywhooshinfo.com/workouts/workout/mitochondria-9
315,Mitochondria Maintenance #1,Endurance,All training plan workouts; Endurance,Z2 - Endurance,Z1 - Recovery; Z2 - Endurance; Z3 - Tempo; Z4 - Threshold; Z5 - VO2Max,01:03:00,63.0,3780,65,0.79,Si Bradeley,True,False,"One of the main aims of our training is to increase mitochondrial density. In basic terms, these are the power stations in your muscles. Recent studies have shown that the right amount of high-intensity training can provide the same benefits as traditional Long Slow Distance training. By implementing structured intervals of high-intensity power, coupled with the right amount of recovery time, we can boost the density of mitochondria.","03:00 @ 50% | 01:00 @ 60% | 01:00 @ 65% | 01:00 @ 81% | 01:00 @ 109% | 02:00 @ 50% | 04:00 @ 90% | 03:00 @ 50% | 05:00 @ 81% | 05:00 @ 50% | 8x [01:00 @ 113%, 03:00 @ 65%] | 05:00 @ 50%",mitochondria-maintenance-1,https://mywhooshinfo.com/workouts/workout/mitochondria-maintenance-1
316,Mitochondria Maintenance #2,Endurance,All training plan workouts; Endurance,Z2 - Endurance,Z1 - Recovery; Z2 - Endurance; Z3 - Tempo; Z4 - Threshold; Z5 - VO2Max,01:00:00,60.0,3600,66,0.81,,True,False,"One of the main aims of our training is to increase mitochondrial density. In basic terms, these are the power stations in your muscles. Recent studies have shown that the right amount of high-intensity training can provide the same benefits as traditional Long Slow Distance training. By implementing structured intervals of high-intensity power, coupled with the right amount of recovery time, we can boost the density of mitochondria.","03:00 @ 50% | 01:00 @ 60% | 01:00 @ 65% | 01:00 @ 81% | 01:00 @ 109% | 02:00 @ 50% | 04:00 @ 90% | 03:00 @ 50% | 05:00 @ 81% | 05:00 @ 50% | 10x [01:00 @ 113%, 02:00 @ 65%] | 04:00 @ 50%",mitochondria-maintenance-2,https://mywhooshinfo.com/workouts/workout/mitochondria-maintenance-2
10125,Mitochondria Maintenance #3,All training plan workouts,All training plan workouts,Z2 - Endurance,Z1 - Recovery; Z2 - Endurance; Z3 - Tempo; Z4 - Threshold; Z5 - VO2Max,01:07:00,67.0,4020,62,0.75,Lisa Hermansson,True,False,"One of the main aims of our training is to increase mitochondrial density. In basic terms, these are the power stations in your muscles. Recent studies have shown that the right amount of high-intensity training can provide the same benefits as traditional Long Slow Distance training. By implementing structured intervals of high-intensity power, coupled with the right amount of recovery time, we can boost the density of mitochondria.","03:00 @ 50% | 01:00 @ 60% | 01:00 @ 65% | 01:00 @ 81% | 01:00 @ 109% | 02:00 @ 50% | 04:00 @ 90% | 03:00 @ 50% | 05:00 @ 81% | 05:00 @ 50% | 12x [00:30 @ 113%, 02:30 @ 65%] | 05:00 @ 50%",mitochondria-maintenance-3,https://mywhooshinfo.com/workouts/workout/mitochondria-maintenance-3
10130,Mitochondria Maintenance #4,All training plan workouts,All training plan workouts,Z2 - Endurance,Z1 - Recovery; Z2 - Endurance; Z3 - Tempo; Z4 - Threshold; Z5 - VO2Max,58:30,58.5,3510,57,0.77,Si Bradeley,True,False,"One of the main aims of our training is to increase mitochondrial density. In basic terms, these are the power stations in your muscles. Recent studies have shown that the right amount of high-intensity training can provide the same benefits as traditional Long Slow Distance training. By implementing structured intervals of high-intensity power, coupled with the right amount of recovery time, we can boost the density of mitochondria.","03:00 @ 50% | 01:00 @ 60% | 01:00 @ 65% | 01:00 @ 81% | 01:00 @ 109% | 02:00 @ 50% | 04:00 @ 90% | 03:00 @ 50% | 15x [00:30 @ 113%, 02:00 @ 65%] | 05:00 @ 50%",mitochondria-maintenance-4,https://mywhooshinfo.com/workouts/workout/mitochondria-maintenance-4
23,Muscular Endurance #1,Beginner,All training plan workouts; Beginner; Tempo,Z3 - Tempo,Z1 - Recovery; Z2 - Endurance; Z3 - Tempo,58:00,58.0,3480,48,0.71,,False,True,"The cadence selected for your intervals will determine the specific muscle fibres that are recruited. Today we are performing lower cadence intervals but with power closer to threshold. After warming up, the session consists of 4 Tempo intervals with cadence varying from 70rpm to 65rpm. The effort should feel like a weights session, not cardiovascular. Avoid gripping the bars tightly; relax your hands.","05:00 @ 50% | 4x [00:30 @ 80%, 00:30 @ 65%] | 03:00 @ 50% | 10:00 @ 70% | 02:00 @ 55% | 05:00 @ 83% @ 70RPM | 03:00 @ 50% | 05:00 @ 83% @ 65RPM | 03:00 @ 50% | 05:00 @ 83% @ 70RPM | 03:00 @ 50% | 05:00 @ 83% @ 65RPM | 05:00 @ 50%",muscular-endurance-1,https://mywhooshinfo.com/workouts/workout/muscular-endurance-1
489,Muscular Endurance #2,Tempo,All training plan workouts; Tempo,Z3 - Tempo,Z1 - Recovery; Z2 - Endurance; Z3 - Tempo,01:06:00,66.0,3960,55,0.71,,False,True,"The cadence selected for your intervals will determine the specific muscle fibres that are recruited. Today we are performing lower cadence intervals but with power closer to threshold. After warming up, the session consists of five Tempo intervals with cadence varying from 70rpm to 65rpm. The effort should feel like a weights session, not cardiovascular. Avoid gripping the bars tightly; relax your hands.","05:00 @ 50% | 4x [00:30 @ 80%, 00:30 @ 65%] | 03:00 @ 50% | 10:00 @ 70% | 02:00 @ 55% | 05:00 @ 83% @ 70RPM | 03:00 @ 50% | 05:00 @ 83% @ 65RPM | 03:00 @ 50% | 05:00 @ 83% @ 70RPM | 03:00 @ 50% | 05:00 @ 83% @ 65RPM | 03:00 @ 50% | 05:00 @ 83% @ 70RPM | 05:00 @ 50%",muscular-endurance-2,https://mywhooshinfo.com/workouts/workout/muscular-endurance-2
490,Muscular Endurance #3,Tempo,All training plan workouts; Tempo,Z3 - Tempo,Z1 - Recovery; Z2 - Endurance; Z3 - Tempo,01:10:00,70.0,4200,62,0.73,,False,True,"The cadence selected for your intervals will determine the specific muscle fibres that are recruited. Today we are performing lower cadence intervals but with power closer to threshold. After warming up, the session consists of four Tempo intervals with cadence varying from 70rpm to 65rpm. The effort should feel like a weights session, not cardiovascular. Avoid gripping the bars tightly; relax your hands.","05:00 @ 50% | 4x [00:30 @ 80%, 00:30 @ 65%] | 03:00 @ 50% | 10:00 @ 70% | 02:00 @ 55% | 08:00 @ 83% @ 70RPM | 03:00 @ 50% | 08:00 @ 83% @ 65RPM | 03:00 @ 50% | 08:00 @ 83% @ 70RPM | 03:00 @ 50% | 08:00 @ 83% @ 65RPM | 05:00 @ 50%",muscular-endurance-3,https://mywhooshinfo.com/workouts/workout/muscular-endurance-3
491,Muscular Endurance #4,Tempo,All training plan workouts; Tempo,Z3 - Tempo,Z1 - Recovery; Z2 - Endurance; Z3 - Tempo,01:05:00,65.0,3900,58,0.74,,False,True,"The cadence selected for your intervals will determine the specific muscle fibres that are recruited. Today we are performing lower cadence intervals but with power closer to threshold. After warming up, the session consists of three Tempo intervals with cadence varying from 70rpm to 65rpm. The effort should feel like a weights session, not cardiovascular. Avoid gripping the bars tightly; relax your hands.","05:00 @ 50% | 4x [00:30 @ 80%, 00:30 @ 65%] | 03:00 @ 50% | 10:00 @ 70% | 02:00 @ 55% | 10:00 @ 83% @ 70RPM | 03:00 @ 50% | 10:00 @ 83% @ 65RPM | 03:00 @ 50% | 10:00 @ 83% @ 70RPM | 03:00 @ 50% | 02:00 @ 45%",muscular-endurance-4,https://mywhooshinfo.com/workouts/workout/muscular-endurance-4
11078,MyWhoosh FTP Test,All training plan workouts,All training plan workouts,Z2 - Endurance,Free Ride; Z1 - Recovery; Z2 - Endurance; Z3 - Tempo; Z4 - Threshold,01:15:00,75.0,4500,46,0.61,,True,False,"Welcome to the MyWhoosh 20min FTP test! Regular testing is essential to maintain accurate training zones, and to evaluate your response to training. It requires maximal focus and effort from you to ensure you are capturing a precise measure of your current fitness. Today's workout will take you through a long warmup before completing a high-intensity 5min 'primer' effort, followed by the 20min test effort. Once you have completed the workout, you will be notified of any changes to your current FTP. NOTE: ERG mode MUST be on. It will automatically turn off for free-ride intervals.",warmup 20:00 @ 45% FTP - 65% FTP | 01:00 @ 81% | 01:00 @ 50% | 01:00 @ 95% | 01:00 @ 50% | 01:00 @ 103% | 05:00 @ 50% | 05:00 @ Free ride | 10:00 @ 60% | 20:00 @ Free ride | 10:00 @ Free ride,mywhoosh-ftp-test,https://mywhooshinfo.com/workouts/workout/mywhoosh-ftp-test
185,MyWhoosh INSCYD Power Performance Decoder,Testing,Testing,Z2 - Endurance,Free Ride; Z1 - Recovery; Z2 - Endurance,01:32:30,92.5,5550,39,0.51,,True,False,"MyWhoosh has partnered with INSCYD to provide you with the most advanced tool to analyze your performance. The Power Performance Decoder test protocol will provide you with a complete metabolic performance profile. Your performance relies on more than just Anaerobic Threshold (FTP). Other areas to consider Aerobic Capacity (VO2max) and Anaerobic Capacity (Vlamax). This testing should not be carried out immediately after a hard training block. For better reliability, one or two rest days are ideal. NOTE: ERG mode MUST be on. It will automatically turn off for free-ride intervals.",warmup 07:00 @ 45% FTP - 60% FTP | 01:15 @ Free ride | 00:07 @ Free ride | 01:15 @ Free ride | 00:07 @ Free ride | 00:20 @ Free ride | 08:00 @ 55% | 02:10 @ Free ride | 00:21 @ Free ride | 12:00 @ 50% | 03:00 @ Free ride | 15:00 @ 50% | 06:00 @ Free ride | 20:00 @ 50% | 10:00 @ Free ride | 05:55 @ 45%,mywhoosh-inscyd-power-performance-decoder,https://mywhooshinfo.com/workouts/workout/mywhoosh-inscyd-power-performance-decoder
190,MyWhoosh Powertest by Aerotune,Testing,Testing,Z6 - Anaerobic,Free Ride; Z1 - Recovery; Z2 - Endurance; Z3 - Tempo; Z4 - Threshold; Z5 - VO2Max; Z6 - Anaerobic,01:40:12,100.2,6012,249,1.22,,True,False,"Powertest by aerotune.com takes the guesswork out of your training. The Powertest is a high-performance testing tool developed for pro cycling. The Powertest tells you way more than your threshold; it tells you how it is composed! The system will calculate your VO2max and VLamax. Combined with your body weight, body fat and gender, the Powertest shows you how your threshold is composed and which training suits you best. Protocol: - Warm-up for 20 minutes (easy) - 10-second seated sprint - Ride easy for 10 minutes - Start the ramp test till exhaustion - Ride easy for 30 minutes - Ride a constant all-out effort for 12 minutes. - Cool down for 6 minutes - Save the data and upload it to https://aerotune.com/powertest",20:00 @ Free ride | 00:12 @ Free ride | 10:00 @ Free ride | 01:00 @ 52% | 01:00 @ 58% | 01:00 @ 64% | 01:00 @ 70% | 01:00 @ 76% | 01:00 @ 82% | 01:00 @ 88% | 01:00 @ 94% | 01:00 @ 100% | 01:00 @ 106% | 01:00 @ 112% | 01:00 @ 118% | 01:00 @ 124% | 01:00 @ 130% | 01:00 @ 136% | 01:00 @ 140% | 01:00 @ 146% | 01:00 @ 152% | 01:00 @ 158% | 01:00 @ 164% | 01:00 @ 170% | 01:00 @ 176% | 30:00 @ Free ride | 12:00 @ Free ride | 06:00 @ 45%,mywhoosh-powertest-by-aerotune,https://mywhooshinfo.com/workouts/workout/mywhoosh-powertest-by-aerotune
10987,MyWhoosh Ramp Test,All training plan workouts,All training plan workouts,Z6 - Anaerobic,Z1 - Recovery; Z2 - Endurance; Z3 - Tempo; Z4 - Threshold; Z5 - VO2Max; Z6 - Anaerobic,37:00,37.0,2220,80,1.14,,True,False,"Welcome to the Whoosh Ramp test! Today we measure your Maximal Aerobic Power by ramping up the power every minute until exhaustion. From this effort, we use your peak 1min power to calculate your FTP. This method of testing takes less time to complete than the traditional 20min FTP test, and it also removes the component of pacing from the effort. After completing a low-intensity 5min warmup, the power will then increase each minute until you reach failure. It's not necessary to complete each step. Your FTP will be calculated from your peak 1min power produced. It is important to remain seated for this test to provide accurate results. Be prepared... the test starts comfortably, but quickly changes! NOTE: ERG mode MUST be on.",05:00 @ 46% | 01:00 @ 52% | 01:00 @ 58% | 01:00 @ 64% | 01:00 @ 70% | 01:00 @ 76% | 01:00 @ 82% | 01:00 @ 88% | 01:00 @ 94% | 01:00 @ 100% | 01:00 @ 106% | 01:00 @ 112% | 01:00 @ 118% | 01:00 @ 124% | 01:00 @ 130% | 01:00 @ 136% | 01:00 @ 140% | 01:00 @ 146% | 01:00 @ 152% | 01:00 @ 158% | 01:00 @ 164% | 01:00 @ 170% | 01:00 @ 176% | 10:00 @ 46%,mywhoosh-ramp-test,https://mywhooshinfo.com/workouts/workout/mywhoosh-ramp-test
361,Neuromuscular Power #1,Sprint,Sprint,Z6 - Anaerobic,Z1 - Recovery; Z2 - Endurance; Z3 - Tempo; Z4 - Threshold; Z5 - VO2Max; Z6 - Anaerobic,56:00,56.0,3360,53,0.76,Zelmaré Viljoen,True,False,"After warming up, set your pace at a lower end Tempo effort for the next 30 minutes. Within these 30 minutes, you will be performing a 10 second out of the saddle sprint every 5 minutes. Aim for a high cadence in sprints with 1 - 2 gear changes into a harder gear during the effort. Can you hit the same Peak Power for all six sprints?","warmup 05:00 @ 50% FTP - 75% FTP | 2x [00:10 @ 170%, 00:50 @ 56%] | 02:00 @ 55% | 03:00 @ 90% | 02:00 @ 56% | 01:00 @ 109% | 03:00 @ 55% | 6x [04:50 @ 76%, 00:10 @ 150%] | 03:00 @ 50% | cooldown 05:00 @ 65% FTP - 50% FTP",neuromuscular-power-1,https://mywhooshinfo.com/workouts/workout/neuromuscular-power-1
362,Neuromuscular Power #2,Sprint,Sprint,Z6 - Anaerobic,Z1 - Recovery; Z3 - Tempo; Z4 - Threshold; Z5 - VO2Max; Z6 - Anaerobic,01:15:00,75.0,4500,75,0.77,,True,False,"After warming up, set your pace at a lower end Tempo effort for the next 50 minutes. Within these 50 minutes, you will be performing a 10 second out of the saddle sprint every 5 minutes. Aim for a high cadence in sprints with 1 - 2 gear changes into a harder gear during the effort. Can you hit the same Peak Power for all ten sprints?","05:00 @ 50% | 2x [00:10 @ 200%, 00:50 @ 50%] | 02:00 @ 50% | 01:00 @ 109% | 02:00 @ 50% | 05:00 @ 90% | 03:00 @ 50% | 10x [04:50 @ 76%, 00:10 @ 150%] | 05:00 @ 50%",neuromuscular-power-2,https://mywhooshinfo.com/workouts/workout/neuromuscular-power-2
363,Neuromuscular Power #3,Sprint,Sprint,Z6 - Anaerobic,Z1 - Recovery; Z3 - Tempo; Z4 - Threshold; Z5 - VO2Max; Z6 - Anaerobic,59:50,59.8,3590,60,0.78,,True,False,"After warming up, set your pace at a lower end Tempo effort for the next 35 minutes. Within these 35 minutes, you will be performing a 10 second out of the saddle sprint every 3 minutes. Aim for a high cadence in sprints with 1 - 2 gear changes into a harder gear during the effort. Can you hit the same Peak Power for all the sprints?","05:00 @ 50% | 2x [00:10 @ 200%, 00:50 @ 50%] | 02:00 @ 50% | 01:00 @ 109% | 02:00 @ 50% | 05:00 @ 90% | 03:00 @ 50% | 11x [03:00 @ 76%, 00:10 @ 150%] | 05:00 @ 50%",neuromuscular-power-3,https://mywhooshinfo.com/workouts/workout/neuromuscular-power-3
364,Neuromuscular Power Surges #1,Sprint,Sprint,Z6 - Anaerobic,Z1 - Recovery; Z2 - Endurance; Z3 - Tempo; Z4 - Threshold; Z6 - Anaerobic,44:00,44.0,2640,37,0.71,,False,False,"Training the neuromuscular system is one of the most effective ways to improve your efficiency. This system includes all the muscles in the body and the nerves that serve them. In this workout, we aim to recruit the maximal amount of muscle fibres. We do this by completing a series of short, high powered efforts with slight recovery. As the muscles tire, more are recruited to produce the power. With two sets of 10 surges, you will be calling upon every fibre you have to produce the power by the last interval!","warmup 03:00 @ 50% FTP - 50% FTP | 2x [01:00 @ 93%, 01:00 @ 60%] | 01:00 @ 55% | 04:00 @ 81% | 02:00 @ 50% | 10x [00:15 @ 122%, 00:45 @ 55%] | 05:00 @ 55% | 10x [00:15 @ 121%, 00:45 @ 55%] | cooldown 05:00 @ 65% FTP - 50% FTP",neuromuscular-power-surges-1,https://mywhooshinfo.com/workouts/workout/neuromuscular-power-surges-1
10128,Neuromuscular Power Surges #1,All training plan workouts,All training plan workouts,Z2 - Endurance,Z1 - Recovery; Z2 - Endurance; Z3 - Tempo; Z4 - Threshold; Z6 - Anaerobic,54:00,54.0,3240,43,0.7,Si Bradeley,False,False,"Training the neuromuscular system is one of the most effective ways to improve your efficiency. This system includes all the muscles in the body, along with the nerves that serve them. In this workout, we are aiming to recruit the maximal amount of muscle fibres. We do this by completing a series of short, high powered efforts with little recovery. As the muscles tire, more are recruited to produce the power. With 2 sets of 10 surges, by the last interval, you will be calling upon every fibre you have to produce the power!","warmup 03:00 @ 50% FTP - 50% FTP | 2x [01:00 @ 93%, 01:00 @ 60%] | 01:00 @ 55% | 05:00 @ 70% | 02:00 @ 50% | 04:00 @ 81% | 05:00 @ 50% | 10x [00:15 @ 121%, 00:45 @ 55%] | 05:00 @ 55% | 10x [00:15 @ 121%, 00:45 @ 55%] | 05:00 @ 50%",neuromuscular-power-surges-1-x0ak,https://mywhooshinfo.com/workouts/workout/neuromuscular-power-surges-1-x0ak
365,Neuromuscular Power Surges #2,Sprint,All training plan workouts; Sprint,Z6 - Anaerobic,Z1 - Recovery; Z2 - Endurance; Z3 - Tempo; Z4 - Threshold; Z6 - Anaerobic,59:00,59.0,3540,49,0.71,,False,False,"Training the neuromuscular system is one of the most effective ways to improve your efficiency. This system includes all the muscles in the body and the nerves that serve them. In this workout, we aim to recruit the maximal amount of muscle fibres. We do this by completing a series of short, high powered efforts with slight recovery. As the muscles tire, more are recruited to produce the power. With three sets of 10 surges, you will be calling upon every fibre you have to produce the power by the last interval!","warmup 03:00 @ 50% FTP - 50% FTP | 2x [01:00 @ 93%, 01:00 @ 60%] | 01:00 @ 50% | 04:00 @ 81% | 02:00 @ 50% | 10x [00:15 @ 121%, 00:45 @ 55%] | 05:00 @ 55% | 10x [00:15 @ 121%, 00:45 @ 55%] | 05:00 @ 55% | 10x [00:15 @ 121%, 00:45 @ 55%] | cooldown 05:00 @ 65% FTP - 50% FTP",neuromuscular-power-surges-2,https://mywhooshinfo.com/workouts/workout/neuromuscular-power-surges-2
366,Neuromuscular Power Surges #3,Sprint,Sprint,Z6 - Anaerobic,Z1 - Recovery; Z2 - Endurance; Z3 - Tempo; Z4 - Threshold; Z6 - Anaerobic,54:00,54.0,3240,46,0.72,Si Bradeley,False,False,"Training the neuromuscular system is one of the most effective ways to improve your efficiency. This system includes all the muscles in the body and the nerves that serve them. In this workout, we aim to recruit the maximal amount of muscle fibres. We do this by completing a series of short, high powered efforts with slight recovery. As the muscles tire, more are recruited to produce the power. With two sets of 15 surges, you will be calling upon every fibre you have to produce the power by the last interval!","warmup 03:00 @ 50% FTP - 50% FTP | 2x [01:00 @ 93%, 01:00 @ 60%] | 01:00 @ 55% | 04:00 @ 81% | 02:00 @ 50% | 15x [00:15 @ 121%, 00:45 @ 55%] | 05:00 @ 55% | 15x [00:15 @ 121%, 00:45 @ 55%] | cooldown 05:00 @ 65% FTP - 50% FTP",neuromuscular-power-surges-3,https://mywhooshinfo.com/workouts/workout/neuromuscular-power-surges-3
367,Neuromuscular with AC #1,Sprint,All training plan workouts; Sprint,Z6 - Anaerobic,Z1 - Recovery; Z2 - Endurance; Z3 - Tempo; Z4 - Threshold; Z6 - Anaerobic,01:00:00,60.0,3600,77,0.88,,True,False,"An effective way to build aerobic endurance is to perform repeated, short, high power efforts throughout a steady-state effort. After building some fatigue with the opening endurance interval, the session finishes with 3 Anaerobic Capacity intervals. The more efficient you are in the endurance effort, the stronger you will be for the Anaerobic Capacity efforts.","warmup 05:00 @ 45% FTP - 75% FTP | 2x [01:00 @ 80%, 01:00 @ 50%] | 2x [01:00 @ 98%, 01:00 @ 50%] | 02:00 @ 50% | 8x [00:15 @ 150%, 03:00 @ 88%] | 02:00 @ 50% | 3x [02:00 @ 120%, 02:00 @ 50%] | cooldown 05:00 @ 65% FTP - 45% FTP",neuromuscular-with-ac-1,https://mywhooshinfo.com/workouts/workout/neuromuscular-with-ac-1
368,Neuromuscular with AC #2,Sprint,All training plan workouts; Sprint,Z6 - Anaerobic,Z1 - Recovery; Z2 - Endurance; Z3 - Tempo; Z4 - Threshold; Z6 - Anaerobic,01:00:00,60.0,3600,80,0.9,,True,False,"An effective way to build aerobic endurance is to perform repeated, short, high power efforts throughout a steady-state effort. After building some fatigue with the opening Anaerobic Capacity intervals, the session requires a steady Sweetspot effort, punctuated with 15sec surges.","warmup 05:00 @ 45% FTP - 75% FTP | 2x [01:00 @ 80%, 01:00 @ 50%] | 2x [01:00 @ 98%, 01:00 @ 50%] | 02:00 @ 50% | 02:00 @ 50% | 3x [02:00 @ 120%, 02:00 @ 50%] | 00:15 @ 150% | ramp 03:00 @ 88% FTP - 94% FTP | 00:15 @ 150% | ramp 03:00 @ 88% FTP - 94% FTP | 00:15 @ 150% | ramp 03:00 @ 88% FTP - 94% FTP | 00:15 @ 150% | ramp 03:00 @ 88% FTP - 94% FTP | 00:15 @ 150% | ramp 03:00 @ 88% FTP - 94% FTP | 00:15 @ 150% | ramp 03:00 @ 88% FTP - 94% FTP | 00:15 @ 150% | ramp 03:00 @ 88% FTP - 94% FTP | 00:15 @ 150% | ramp 03:00 @ 88% FTP - 94% FTP | cooldown 05:00 @ 75% FTP - 45% FTP",neuromuscular-with-ac-2,https://mywhooshinfo.com/workouts/workout/neuromuscular-with-ac-2
369,Neuromuscular with AC #3,Sprint,All training plan workouts; Sprint,Z6 - Anaerobic,Z1 - Recovery; Z2 - Endurance; Z3 - Tempo; Z4 - Threshold; Z6 - Anaerobic,01:02:15,62.2,3735,81,0.88,,True,False,"A challenging session that requires completing race-like intervals, involving efforts of Anaerobic Capacity, Sweetspot and neuromuscular power. 5 x 5-minute 15-second intervals will see you put through a range of top-end power.","warmup 05:00 @ 45% FTP - 75% FTP | 2x [01:00 @ 80%, 01:00 @ 50%] | 2x [01:00 @ 98%, 01:00 @ 50%] | 02:00 @ 50% | 02:00 @ 50% | 02:00 @ 120% | ramp 03:00 @ 88% FTP - 94% FTP | 00:15 @ 150% | 03:00 @ 50% | 02:00 @ 120% | ramp 03:00 @ 88% FTP - 94% FTP | 00:15 @ 150% | 03:00 @ 50% | 02:00 @ 120% | ramp 03:00 @ 88% FTP - 94% FTP | 00:15 @ 150% | 03:00 @ 50% | 02:00 @ 120% | ramp 03:00 @ 88% FTP - 94% FTP | 00:15 @ 150% | 03:00 @ 50% | 02:00 @ 120% | ramp 03:00 @ 88% FTP - 94% FTP | 00:15 @ 150% | 02:00 @ 50% | cooldown 05:00 @ 75% FTP - 45% FTP",neuromuscular-with-ac-3,https://mywhooshinfo.com/workouts/workout/neuromuscular-with-ac-3
157,New morning,Fast Fitness,Fast Fitness,Z3 - Tempo,Z1 - Recovery; Z2 - Endurance; Z3 - Tempo,49:00,49.0,2940,41,0.71,,False,False,It's a new day! Enjoy a gentle endurance roll.,warmup 08:00 @ 45% FTP - 70% FTP | 01:00 @ 63% | 05:00 @ 73% | 01:00 @ 63% | 06:00 @ 77% | 01:00 @ 63% | 07:00 @ 80% | 01:00 @ 63% | 06:00 @ 77% | 01:00 @ 63% | 07:00 @ 73% | cooldown 05:00 @ 70% FTP - 45% FTP,new-morning,https://mywhooshinfo.com/workouts/workout/new-morning
158,Now were getting somewhere,Fast Fitness,Fast Fitness,Z2 - Endurance,Z1 - Recovery; Z2 - Endurance; Z3 - Tempo; Z4 - Threshold; Z5 - VO2Max; Z6 - Anaerobic,37:40,37.7,2260,42,0.82,,False,False,A long steady effort before the hard work.,03:00 @ 50% | 01:00 @ 60% | 01:00 @ 65% | 01:00 @ 81% | 01:00 @ 109% | 15:00 @ 65% | 00:30 @ 130% | 02:00 @ 100% | 00:30 @ 170% | 03:00 @ 65% | 00:20 @ 140% | 02:00 @ 100% | 00:20 @ 180% | 03:00 @ 50% | 01:00 @ 75% | 01:00 @ 66% | 01:00 @ 59% | 01:00 @ 50%,now-were-getting-somewhere,https://mywhooshinfo.com/workouts/workout/now-were-getting-somewhere
159,Only the strong,Fast Fitness,Fast Fitness,Z2 - Endurance,Z1 - Recovery; Z2 - Endurance; Z3 - Tempo; Z5 - VO2Max; Z6 - Anaerobic,43:00,43.0,2580,39,0.74,,False,False,Out of the saddle surges with a short recovery period. This is getting you ready to finish the session with a solid steady-state effort.,"03:00 @ 50% | 2x [00:10 @ 160%, 00:50 @ 50%] | 02:00 @ 65% | 01:00 @ 109% | 02:00 @ 65% | 05:00 @ 90% | 03:00 @ 50% | 6x [00:10 @ 150%, 01:50 @ 62%] | 03:00 @ 50% | 06:00 @ 83% | 04:00 @ 50%",only-the-strong,https://mywhooshinfo.com/workouts/workout/only-the-strong
160,Over and out,Fast Fitness,Fast Fitness,Z4 - Threshold,Z1 - Recovery; Z2 - Endurance; Z3 - Tempo; Z4 - Threshold; Z5 - VO2Max; Z6 - Anaerobic,51:40,51.7,3100,72,0.92,,False,False,Working at the top end of your threshold today. Maybe a little anaerobic along the way!,"03:00 @ 50% | 02:00 @ 70% | 03:00 @ 75% | 3x [00:10 @ 170%, 00:50 @ 100%] | 01:00 @ 100% | 02:00 @ 112% | 03:00 @ 50% | 04:00 @ 98% | 00:40 @ 130% | 05:00 @ 84% | 04:00 @ 98% | 00:40 @ 130% | 04:00 @ 98% | 04:00 @ 50% | 00:40 @ 140% | 03:00 @ 80% | 04:00 @ 92% | 00:40 @ 140% | 04:00 @ 55%",over-and-out,https://mywhooshinfo.com/workouts/workout/over-and-out
690,Over Ones,VO2max,VO2max,Z5 - VO2Max,Z1 - Recovery; Z2 - Endurance; Z4 - Threshold; Z5 - VO2Max; Z6 - Anaerobic,01:10:00,70.0,4200,93,0.89,,True,False,"With various efforts, this high-intensity session looks at your ability to produce quality race efforts over 1 minute in duration. With ample recovery between the intervals, you will be able to produce your best efforts for the target duration.","warmup 06:00 @ 45% FTP - 70% FTP | 01:00 @ 50% | 01:00 @ 109% | 03:00 @ 65% | 01:00 @ 125% | 05:00 @ 65% | 04:00 @ 100% | 05:00 @ 66% | 10:00 @ 95% | 05:00 @ 65% | 04:00 @ 117% | 03:00 @ 65% | 04:00 @ 118% | 05:00 @ 65% | 4x [01:00 @ 120%, 01:00 @ 65%] | 05:00 @ 50%",over-ones,https://mywhooshinfo.com/workouts/workout/over-ones
11115,Over Under Efforts #1,All training plan workouts,All training plan workouts,Z3 - Tempo,Z1 - Recovery; Z2 - Endurance; Z3 - Tempo; Z4 - Threshold,49:30,49.5,2970,53,0.81,,True,False,"A classic 'over/under' session, working above and below your FTP. This is a great session to bring up your FTP. Developing from the first weeks of the Beginner FTP Plan. In this session, you will experience both the pushing and pulling type efforts from previous weeks, But without the recovery, you are used to.","04:00 @ 55% | 03:00 @ 65% | 02:00 @ 80% | 02:00 @ 90% | 03:00 @ 55% | 3x [02:00 @ 89%, 00:30 @ 104%] | 04:00 @ 55% | 3x [02:00 @ 89%, 00:30 @ 105%] | 04:00 @ 55% | 3x [02:00 @ 89%, 00:30 @ 105%] | 05:00 @ 55%",over-under-efforts-1,https://mywhooshinfo.com/workouts/workout/over-under-efforts-1
11122,Over Under Efforts #2,All training plan workouts,All training plan workouts,Z3 - Tempo,Z1 - Recovery; Z2 - Endurance; Z3 - Tempo; Z4 - Threshold,54:00,54.0,3240,62,0.84,,True,False,"A classic 'over/under' session, working above and below your FTP. This is a great session to bring up your FTP. Developing from the first weeks of the Beginner FTP Plan. In this session, you will experience the pushing and pulling type of effort from previous weeks. This week the pulling part will be 1 minute long!","04:00 @ 55% | 03:00 @ 65% | 02:00 @ 80% | 02:00 @ 90% | 03:00 @ 55% | 3x [02:00 @ 89%, 01:00 @ 104%] | 04:00 @ 55% | 3x [02:00 @ 89%, 01:00 @ 105%] | 04:00 @ 55% | 3x [02:00 @ 89%, 01:00 @ 105%] | 05:00 @ 55%",over-under-efforts-2,https://mywhooshinfo.com/workouts/workout/over-under-efforts-2
161,Pace is the trick,Fast Fitness,Fast Fitness,Z6 - Anaerobic,Z1 - Recovery; Z2 - Endurance; Z3 - Tempo; Z4 - Threshold; Z6 - Anaerobic,46:20,46.3,2780,70,0.96,,False,False,We improve your muscular endurance power by completing extended high power intervals?2 different sets of work today.,01:00 @ 45% | 01:00 @ 56% | 01:00 @ 64% | 01:00 @ 75% | 01:00 @ 80% | 01:00 @ 50% | 01:00 @ 85% | 01:00 @ 50% | 01:00 @ 98% | 01:00 @ 50% | 01:00 @ 102% | 02:00 @ 50% | 01:00 @ 121% | 00:20 @ 130% | 02:00 @ 50% | 01:30 @ 121% | 00:20 @ 130% | 02:00 @ 50% | 02:00 @ 121% | 00:20 @ 130% | 02:00 @ 50% | 02:30 @ 121% | 00:20 @ 130% | 05:00 @ 50% | 02:00 @ 141% | 02:00 @ 50% | 02:00 @ 132% | 02:00 @ 50% | 02:00 @ 124% | 04:00 @ 50%,pace-is-the-trick,https://mywhooshinfo.com/workouts/workout/pace-is-the-trick
92,Pacing #1,Under 35 min,Under 35 min,Z3 - Tempo,Z1 - Recovery; Z2 - Endurance; Z3 - Tempo,32:00,32.0,1920,33,0.8,Jonathan Brownlee,False,False,"A low-intensity endurance session that focuses on your ability to judge your pacing. By completing some steady-state intervals under threshold power, you will develop the ability to gauge your effort based on 'feel' without looking at the data for feedback.","warmup 04:00 @ 50% FTP - 75% FTP | 01:00 @ 50% | 2x [01:00 @ 90%, 01:00 @ 70%] | 01:00 @ 50% | 2x [05:00 @ 88%, 02:00 @ 75%] | 05:00 @ 88% | 03:00 @ 50%",pacing-1-xjmi,https://mywhooshinfo.com/workouts/workout/pacing-1-xjmi
24,Pacing #1,Beginner,All training plan workouts; Beginner; Endurance; Tempo,Z3 - Tempo,Z1 - Recovery; Z2 - Endurance; Z3 - Tempo,58:00,58.0,3480,58,0.78,,True,False,"A low-intensity endurance session that focuses on your ability to judge your pacing. By completing some steady-state intervals under threshold power, you will develop the ability to gauge your effort based on 'feel' without looking at the data for feedback. This session also serves the purpose of effectively building endurance.","warmup 07:00 @ 50% FTP - 75% FTP | 01:00 @ 50% | 5x [01:00 @ 90%, 01:00 @ 70%] | 01:00 @ 50% | 03:00 @ 88% | 01:00 @ 50% | 05:00 @ 75% | 05:00 @ 75% | 05:00 @ 75% | 05:00 @ 50%",pacing-1,https://mywhooshinfo.com/workouts/workout/pacing-1
25,Pacing #2,Beginner,All training plan workouts; Beginner; Endurance; Tempo,Z3 - Tempo,Z1 - Recovery; Z2 - Endurance; Z3 - Tempo; Z5 - VO2Max,01:08:00,68.0,4080,64,0.75,,True,False,"A low-intensity endurance session that focuses on your ability to judge your pacing. By completing some steady-state intervals under threshold power, you will develop the ability to gauge your effort based on 'feel' without looking at the data for feedback. This session also serves the purpose of effectively building endurance.",03:00 @ 50% | 01:00 @ 60% | 01:00 @ 65% | 01:00 @ 81% | 01:00 @ 109% | 02:00 @ 50% | 04:00 @ 90% | 03:00 @ 50% | 03:00 @ 65% | 03:00 @ 68% | 03:00 @ 71% | 03:00 @ 74% | 03:00 @ 77% | 01:00 @ 55% | 03:00 @ 71% | 03:00 @ 74% | 03:00 @ 77% | 03:00 @ 80% | 03:00 @ 83% | 01:00 @ 55% | 03:00 @ 77% | 03:00 @ 80% | 03:00 @ 83% | 03:00 @ 86% | 03:00 @ 89% | 05:00 @ 50%,pacing-2,https://mywhooshinfo.com/workouts/workout/pacing-2
319,Pacing #3,Endurance,All training plan workouts; Endurance; Tempo,Z2 - Endurance,Z1 - Recovery; Z2 - Endurance; Z3 - Tempo,01:02:00,62.0,3720,63,0.78,,True,False,"A low-intensity endurance session that focuses on your ability to judge your pacing. By completing some steady-state intervals under threshold power, you will develop the ability to gauge your effort based on 'feel' without looking at the data for feedback. This session also serves the purpose of effectively building endurance.","warmup 07:00 @ 50% FTP - 75% FTP | 01:00 @ 50% | 4x [01:00 @ 90%, 01:00 @ 70%] | 01:00 @ 50% | 03:00 @ 88% | 01:00 @ 50% | 06:00 @ 75% | 06:00 @ 75% | 06:00 @ 75% | 05:00 @ 50%",pacing-3,https://mywhooshinfo.com/workouts/workout/pacing-3
188,Peak 1 Minute Power,Anaerobic,All training plan workouts; Anaerobic; Testing,Z2 - Endurance,Free Ride; Z1 - Recovery; Z2 - Endurance; Z3 - Tempo; Z4 - Threshold; Z5 - VO2Max,01:00:00,60.0,3600,46,0.68,,True,False,"Sometimes the best workout has no power ceiling! You have trained hard to improve your anaerobic abilities, and today is the day to record the fruits of your labour. Then, the sky is the limit! This session is all about producing your best 1min power. Before completing this maximal effort, the session includes a range of intervals that will allow you to get a feel for your target 1min maximal power.",warmup 06:00 @ 45% FTP - 75% FTP | 01:00 @ 50% | 01:00 @ 109% | 02:00 @ 50% | ramp 03:00 @ 50% FTP - 84% FTP | 04:00 @ 85% | 03:00 @ 50% | ramp 00:45 @ 95% FTP - 115% FTP | 00:30 @ 50% | 02:00 @ 63% | 00:30 @ 50% | ramp 00:45 @ 95% FTP - 115% FTP | 00:30 @ 50% | 02:00 @ 63% | 05:30 @ 50% | ramp 01:30 @ 85% FTP - 110% FTP | 00:30 @ 50% | 03:00 @ 64% | 00:30 @ 50% | ramp 01:30 @ 85% FTP - 110% FTP | 00:30 @ 50% | 03:00 @ 63% | 03:00 @ 50% | 01:00 @ Free ride | 01:00 @ 50% | 04:00 @ 63% | 01:00 @ 50% | 01:00 @ Free ride | 01:00 @ 50% | cooldown 05:00 @ 55% FTP - 45% FTP,peak-1-minute-power,https://mywhooshinfo.com/workouts/workout/peak-1-minute-power
26,Peak Power!,Beginner,All training plan workouts; Beginner; Sprint; Testing,Z2 - Endurance,Free Ride; Z1 - Recovery; Z2 - Endurance; Z6 - Anaerobic,01:06:00,66.0,3960,43,0.63,,True,False,"After completing a structured warm-up, the session is conducted as a 'Free Ride'. However, you will be prompted to perform 6 x 3-5sec max sprints throughout the session. The aim is to hit your Pmax values. Sprints are very short @ 3-5sec, generally needing only 6-10 pedal strokes. Use any gear necessary to produce high power. Aim to choose a course with a minimal elevation gain for this session.","warmup 05:00 @ 42% FTP - 70% FTP | 02:00 @ 50% | 03:00 @ 70% | 4x [00:10 @ 175%, 00:50 @ 50%] | 02:00 @ 50% | 45:00 @ Free ride | 05:00 @ 50%",peak-power,https://mywhooshinfo.com/workouts/workout/peak-power
371,Phosphate 20,Sprint,All training plan workouts; Sprint,Z6 - Anaerobic,Z1 - Recovery; Z2 - Endurance; Z4 - Threshold; Z5 - VO2Max; Z6 - Anaerobic,55:00,55.0,3300,57,0.79,Si Bradeley,False,False,"This session will have you replicating crossing a short gap in a race. These are NOT max efforts. They are big gear, lower cadence bursts. With ample recovery between efforts, hit each one out of the saddle in a big gear. Wind it up and cross the gap just as you would in a race!","05:00 @ 50% | 2x [00:10 @ 170%, 00:50 @ 60%] | 02:00 @ 50% | 01:00 @ 109% | 02:00 @ 50% | 05:00 @ 90% | 03:00 @ 50% | 6x [00:20 @ 150%, 04:40 @ 75%] | 05:00 @ 50%",phosphate-20,https://mywhooshinfo.com/workouts/workout/phosphate-20
10439,Phosphate 6,All training plan workouts,All training plan workouts,Z2 - Endurance,Z1 - Recovery; Z2 - Endurance; Z3 - Tempo; Z4 - Threshold; Z5 - VO2Max; Z6 - Anaerobic,57:52,57.9,3472,49,0.72,,False,False,"Using short, high cadence 'surges', with little recovery, we are challenging your aerobic system today. Because these are high cadence efforts, there is no need for many gear changes, if any. Just stay seated and increase cadence and power. After each 'surge' take note of your heart rate throughout the intervals. Is it returning to resting levels each time, or climbing throughout the intervals?","05:00 @ 50% | 2x [00:06 @ 200%, 00:50 @ 50%] | 02:00 @ 50% | 01:00 @ 109% | 02:00 @ 50% | 05:00 @ 90% | 03:00 @ 50% | 10x [00:06 @ 150%, 01:54 @ 62%] | 03:00 @ 50% | 10:00 @ 83% | 05:00 @ 50%",phosphate-6-xa3x,https://mywhooshinfo.com/workouts/workout/phosphate-6-xa3x
372,Phosphate 6,Sprint,All training plan workouts; Sprint,Z6 - Anaerobic,Z1 - Recovery; Z2 - Endurance; Z3 - Tempo; Z4 - Threshold; Z5 - VO2Max; Z6 - Anaerobic,58:00,58.0,3480,50,0.72,,False,False,"We are challenging your aerobic system today using short, high cadence 'surges' with slight recovery. Because these are high cadence efforts, there is no need for many gear changes. Just stay seated and increase cadence and power. After each 'surge', take note of your heart rate throughout the intervals. Is it returning to resting levels each time or climbing throughout the intervals?","05:00 @ 50% | 2x [00:10 @ 170%, 00:50 @ 50%] | 02:00 @ 50% | 01:00 @ 109% | 02:00 @ 50% | 05:00 @ 90% | 03:00 @ 50% | 10x [00:06 @ 150%, 01:54 @ 62%] | 03:00 @ 50% | 10:00 @ 83% | 05:00 @ 50%",phosphate-6,https://mywhooshinfo.com/workouts/workout/phosphate-6
610,"Position, Position!",Threshold,Threshold,Z4 - Threshold,Z1 - Recovery; Z2 - Endurance; Z3 - Tempo; Z4 - Threshold; Z6 - Anaerobic,01:00:30,60.5,3630,69,0.83,,True,False,"Sometimes you need to go deep to get a better position! Often, racing requires fast starts and high power afterwards to stay at the front. This workout will have you replicating the demands of going well outside your comfort zone and then having to keep going!","warmup 05:00 @ 42% FTP - 70% FTP | 02:00 @ 50% | 03:00 @ 70% | 4x [00:10 @ 175%, 00:50 @ 50%] | 02:00 @ 50% | 04:00 @ 80% | 03:00 @ 50% | 01:30 @ 120% | 05:00 @ 50% | 01:30 @ 120% | 05:00 @ 50% | 01:30 @ 120% | 05:00 @ 50%",position-position,https://mywhooshinfo.com/workouts/workout/position-position
93,Power Intervals #1,Under 35 min,Under 35 min,Z6 - Anaerobic,Z1 - Recovery; Z2 - Endurance; Z3 - Tempo; Z4 - Threshold; Z6 - Anaerobic,31:30,31.5,1890,48,0.96,,False,True,Today's session focuses on improving your ability to produce power. To be able to turn a big gear faster.,"warmup 05:00 @ 45% FTP - 75% FTP | 2x [01:00 @ 80%, 01:00 @ 50%] | 2x [01:00 @ 98%, 01:00 @ 50%] | 02:00 @ 50% | 00:30 @ 130% @ 85RPM | ramp 02:00 @ 121% FTP - 150% FTP | 03:00 @ 50% | 00:30 @ 130% @ 85RPM | ramp 02:00 @ 121% FTP - 150% FTP | 03:00 @ 50% | 00:30 @ 130% @ 85RPM | ramp 02:00 @ 121% FTP - 150% FTP | 03:00 @ 50%",power-intervals-1,https://mywhooshinfo.com/workouts/workout/power-intervals-1
245,Power Intervals #1,Anaerobic,Anaerobic,Z6 - Anaerobic,Z1 - Recovery; Z2 - Endurance; Z3 - Tempo; Z4 - Threshold; Z6 - Anaerobic,56:00,56.0,3360,88,0.98,,True,True,"Today's session focuses on improving your ability to produce power. To be able to turn a big gear faster. Completing high power intervals with slightly less cadence increases the torque applied to the crank, boosting muscular endurance power. Two sets of (3 x 2.5min) with 3min recovery. However, the initial high power 30sec effort has a target cadence of 85rpm before completing the remaining 2min at a self-selected cadence.","warmup 05:00 @ 45% FTP - 75% FTP | 2x [01:00 @ 80%, 01:00 @ 50%] | 2x [01:00 @ 98%, 01:00 @ 50%] | 02:00 @ 50% | 00:30 @ 130% @ 85RPM | ramp 02:00 @ 121% FTP - 150% FTP | 03:00 @ 50% | 00:30 @ 130% @ 85RPM | ramp 02:00 @ 121% FTP - 150% FTP | 03:00 @ 50% | 00:30 @ 130% @ 85RPM | ramp 02:00 @ 121% FTP - 150% FTP | 03:00 @ 50% | 02:00 @ 50% | 00:30 @ 130% @ 85RPM | ramp 02:00 @ 121% FTP - 150% FTP | 03:00 @ 50% | 00:30 @ 130% @ 85RPM | ramp 02:00 @ 121% FTP - 150% FTP | 03:00 @ 50% | 00:30 @ 130% @ 85RPM | ramp 02:00 @ 121% FTP - 150% FTP | 03:00 @ 50% | cooldown 06:00 @ 55% FTP - 45% FTP",power-intervals-1-gd3z,https://mywhooshinfo.com/workouts/workout/power-intervals-1-gd3z
246,Power Intervals #2,Anaerobic,Anaerobic,Z6 - Anaerobic,Z1 - Recovery; Z2 - Endurance; Z3 - Tempo; Z4 - Threshold; Z5 - VO2Max; Z6 - Anaerobic,59:00,59.0,3540,82,0.92,,True,True,"Today's session focuses on improving your ability to produce power. To be able to turn a big gear faster. Completing high power intervals with slightly less cadence increases the torque applied to the crank, boosting muscular endurance power. Two different sets of work today. The 1st set involves longer 5min steady efforts, while the 2nd set includes high power 2min efforts. However, both sets open up with a 30sec, 85rpm interval.","warmup 05:00 @ 45% FTP - 75% FTP | 2x [01:00 @ 80%, 01:00 @ 50%] | 2x [01:00 @ 98%, 01:00 @ 50%] | 01:00 @ 50% | 00:30 @ 110% | ramp 05:00 @ 60% FTP - 75% FTP | 01:00 @ 50% | 00:30 @ 110% | ramp 05:00 @ 60% FTP - 75% FTP | 02:00 @ 50% | 00:30 @ 130% @ 85RPM | ramp 02:00 @ 121% FTP - 150% FTP | 02:00 @ 50% | 00:30 @ 130% @ 85RPM | ramp 02:00 @ 121% FTP - 150% FTP | 02:00 @ 50% | 00:30 @ 130% @ 85RPM | ramp 02:00 @ 121% FTP - 150% FTP | 02:00 @ 50% | 00:30 @ 130% @ 85RPM | ramp 02:00 @ 121% FTP - 150% FTP | 02:00 @ 50% | 08:00 @ 80% | cooldown 05:00 @ 75% FTP - 45% FTP",power-intervals-2,https://mywhooshinfo.com/workouts/workout/power-intervals-2
247,Power Intervals #3,Anaerobic,Anaerobic,Z6 - Anaerobic,Z1 - Recovery; Z2 - Endurance; Z3 - Tempo; Z4 - Threshold; Z6 - Anaerobic,58:00,58.0,3480,99,1.02,,True,True,"Today's session focuses on improving your ability to produce power. To be able to turn a big gear faster. Completing high power intervals with slightly less cadence increases the torque applied to the crank, boosting muscular endurance power. Two different sets of work today, with the 1st set involving shorter 2min intervals that begin with 30sec of high power / low rpm effort. The 2nd set includes 4 x 2min intervals decreasing power across the intervals.","warmup 05:00 @ 45% FTP - 75% FTP | 2x [01:00 @ 80%, 01:00 @ 50%] | 2x [01:00 @ 98%, 01:00 @ 50%] | 01:00 @ 50% | 00:30 @ 130% @ 85RPM | ramp 02:00 @ 121% FTP - 150% FTP | 02:00 @ 50% | 00:30 @ 130% @ 85RPM | ramp 02:00 @ 121% FTP - 150% FTP | 02:00 @ 50% | 00:30 @ 130% @ 85RPM | ramp 02:00 @ 121% FTP - 150% FTP | 02:00 @ 50% | 00:30 @ 130% @ 85RPM | ramp 02:00 @ 121% FTP - 150% FTP | 02:00 @ 50% | 05:00 @ 50% | 02:00 @ 150% | 02:00 @ 50% | 02:00 @ 141% | 02:00 @ 50% | 02:00 @ 132% | 02:00 @ 50% | 02:00 @ 124% | 02:00 @ 50% | cooldown 05:00 @ 55% FTP - 45% FTP",power-intervals-3,https://mywhooshinfo.com/workouts/workout/power-intervals-3
94,Power into Tempo #1,Under 35 min,Under 35 min,Z2 - Endurance,Z1 - Recovery; Z2 - Endurance; Z3 - Tempo; Z4 - Threshold; Z5 - VO2Max; Z6 - Anaerobic,33:15,33.2,1995,40,0.85,Tim Don,False,False,"Not all Tempo work is equal. The intensity immediately before the Tempo work influences the fuel used to produce this effort. In this session, we focus on your ability to ride at a tempo effort after first producing a short, high powered acceleration.",01:00 @ 50% | 01:00 @ 63% | 01:00 @ 75% | 01:00 @ 88% | 01:00 @ 95% | 01:00 @ 106% | 02:00 @ 55% | 10:00 @ 75% | 00:15 @ 180% | 01:00 @ 80% | 03:00 @ 83% | 03:00 @ 65% | 01:00 @ 160% | 01:00 @ 80% | 03:00 @ 83% | 03:00 @ 55%,power-into-tempo-1,https://mywhooshinfo.com/workouts/workout/power-into-tempo-1
95,Power into Tempo #2,Under 35 min,Under 35 min,Z2 - Endurance,Z1 - Recovery; Z2 - Endurance; Z3 - Tempo; Z4 - Threshold; Z5 - VO2Max; Z6 - Anaerobic,34:30,34.5,2070,47,0.91,,False,False,"After warming up, the session focuses on producing big power, leading to short tempo efforts. First, complete 8 minutes at Zone 2 Endurance.",01:00 @ 50% | 01:00 @ 63% | 01:00 @ 75% | 01:00 @ 88% | 01:00 @ 95% | 01:00 @ 106% | 08:00 @ 75% | 00:15 @ 180% | 01:00 @ 110% | 03:00 @ 83% | 02:00 @ 65% | 01:00 @ 160% | 01:00 @ 110% | 03:00 @ 83% | 02:00 @ 65% | 00:15 @ 180% | 01:00 @ 110% | 03:00 @ 83% | 03:00 @ 55%,power-into-tempo-2,https://mywhooshinfo.com/workouts/workout/power-into-tempo-2
96,Power into Tempo #3,Under 35 min,Under 35 min,Z3 - Tempo,Z1 - Recovery; Z2 - Endurance; Z3 - Tempo; Z4 - Threshold; Z5 - VO2Max; Z6 - Anaerobic,34:45,34.8,2085,41,0.84,,False,False,"In this session, we focus on your ability to ride at a tempo effort after first producing a short, high powered acceleration. Not all Tempo work is equal. The intensity immediately before the Tempo work influences the fuel used to produce this effort.",01:00 @ 50% | 01:00 @ 63% | 01:00 @ 75% | 01:00 @ 88% | 01:00 @ 95% | 01:00 @ 55% | 04:00 @ 81% | 01:00 @ 55% | 04:00 @ 75% | 00:15 @ 175% | ramp 01:00 @ 115% FTP - 100% FTP | ramp 03:00 @ 76% FTP - 90% FTP | 02:00 @ 55% | 00:15 @ 175% | ramp 01:00 @ 115% FTP - 100% FTP | ramp 03:00 @ 76% FTP - 90% FTP | 02:00 @ 55% | 00:15 @ 175% | ramp 01:00 @ 115% FTP - 100% FTP | ramp 03:00 @ 76% FTP - 90% FTP | 03:00 @ 55%,power-into-tempo-3,https://mywhooshinfo.com/workouts/workout/power-into-tempo-3
731,Power Passport,Testing,Testing,Z2 - Endurance,Free Ride; Z1 - Recovery; Z2 - Endurance; Z3 - Tempo,01:00:06,60.1,3606,31,0.56,,True,False,"Hello and welcome to the MyWhoosh Power Passport test. We understand that keeping track of your fitness and training progress can be challenging, but it is vital to maintaining your Power Profile. We also know that monitoring threshold power alone isn't enough; that's why we measure other aspects of your performance too. The MyWhoosh Power Passport test is designed to simulate competition demands by measuring maximum efforts for fixed periods and providing your current FTP data. We want to help you achieve your fitness goals and improve your performance; this test is a crucial step towards that. After a warm-up, the test will include intervals of Free-Riding, where you'll need to produce maximal efforts, followed by fixed recovery periods. We understand that this may be challenging, but we're here to support you every step of the way. Please remember that ERG mode is necessary and will automatically turn off during free-ride intervals, so you can focus on giving your best effort. We want you to succeed and reach your full potential. Thank you for choosing MyWhoosh, and we wish you the best of luck with your Power Passport test.","warmup 05:00 @ 50% FTP - 75% FTP | 4x [00:30 @ 65%, 00:30 @ 85%] | 03:00 @ 50% | 00:06 @ Free ride | 00:54 @ 50% | 00:06 @ Free ride | 07:00 @ 50% | 03:00 @ Free ride | 20:00 @ 50% | 12:00 @ Free ride | 05:00 @ 50%",power-passport,https://mywhooshinfo.com/workouts/workout/power-passport
11081,Power Reps #1,All training plan workouts,All training plan workouts,Z3 - Tempo,Z1 - Recovery; Z2 - Endurance; Z3 - Tempo; Z4 - Threshold,51:00,51.0,3060,48,0.76,,True,False,"Remain seated whilst completing the power efforts. We don't want to stress the heart rate too much during the effort. Rather, letting the legs do the majority of the work. When climbing in the real world, it is good practice to start steady and ramp up the effort as you come to crest the climb. In reality, it is easy to hit the climb too hard! This is a good session to condition you to ride climbs smartly and effectively.",04:00 @ 55% | 03:00 @ 65% | 03:00 @ 80% | 02:00 @ 90% | 03:00 @ 55% | 05:00 @ 85% | 00:30 @ 100% | 03:00 @ 55% | 05:00 @ 85% | 00:30 @ 100% | 03:00 @ 55% | 05:00 @ 85% | 00:30 @ 100% | 03:00 @ 55% | 05:00 @ 85% | 05:30 @ 55%,power-reps-1,https://mywhooshinfo.com/workouts/workout/power-reps-1
11087,Power Reps #2,All training plan workouts,All training plan workouts,Z3 - Tempo,Z1 - Recovery; Z2 - Endurance; Z3 - Tempo; Z4 - Threshold; Z6 - Anaerobic,01:00:00,60.0,3600,61,0.78,,True,False,"Progressing from the last week, with an extra power effort today. When climbing in the real world, it is good practice to start steady and ramp up the effort as you come to crest the climb. In reality, it is easy to hit the climb too hard! This is a good session to condition you to ride climbs smartly and effectively.",04:00 @ 55% | 03:00 @ 65% | 03:00 @ 80% | 02:00 @ 90% | 03:00 @ 55% | 05:00 @ 85% | 00:30 @ 100% | 03:00 @ 55% | 05:00 @ 85% | 00:30 @ 100% | 03:00 @ 55% | 05:00 @ 85% | 00:30 @ 100% | 03:00 @ 55% | 05:00 @ 85% | 00:30 @ 140% | 03:00 @ 55% | 05:00 @ 85% | 00:30 @ 140% | 05:30 @ 55%,power-reps-2,https://mywhooshinfo.com/workouts/workout/power-reps-2
11171,Power Starts,All training plan workouts,All training plan workouts,Z3 - Tempo,Free Ride; Z1 - Recovery; Z2 - Endurance; Z3 - Tempo; Z4 - Threshold; Z6 - Anaerobic,49:40,49.7,2980,42,0.71,,True,False,The start in gravel racing is imperative to success. It can get you out of danger in the initial rush. It can solidify your placement to take the best line and settle into the race. High torque and power starts are crucial. Today we will work on these efforts to build your torque production and that initial punch required in gravel racing.,03:00 @ 50% | 02:00 @ 65% | 02:00 @ 84% | 01:30 @ 100% | 03:00 @ 50% | 00:10 @ 200% | 00:50 @ 50% | 00:10 @ 200% | 00:50 @ 50% | 01:30 @ 50% | 05:00 @ 83% | 02:00 @ 50% | 02:30 @ 81% | 00:10 @ Free ride | 03:00 @ 50% | 03:00 @ 81% | 00:10 @ Free ride | 02:30 @ 60% | 00:30 @ 50% | 02:30 @ 81% | 00:10 @ Free ride | 03:00 @ 50% | 03:00 @ 81% | 00:30 @ Free ride | 06:40 @ 50%,power-starts-5lwj,https://mywhooshinfo.com/workouts/workout/power-starts-5lwj
373,Power Starts,Sprint,All training plan workouts; Sprint,Z6 - Anaerobic,Free Ride; Z1 - Recovery; Z2 - Endurance; Z3 - Tempo; Z4 - Threshold; Z6 - Anaerobic,50:40,50.7,3040,43,0.72,,True,True,"Building on the Sprint Start Workouts from the Early Base Phase. We will simulate a series of efforts, working on your initial explosive power, high-torque starts, and how to get up to speed quickly! A low cadence power effort will precede each effort. You can complete this workout in ERG. Mode, as the sprints will be completed during a 'free ride' section. So it is up to you to adjust your gears.",03:00 @ 50% | 02:00 @ 65% | 02:00 @ 84% @ 75RPM | 01:30 @ 100% | 03:00 @ 50% | 00:10 @ 200% | 00:50 @ 50% | 00:10 @ 200% | 00:50 @ 50% | 01:30 @ 50% | 05:00 @ 83% | 02:00 @ 50% | 03:00 @ 81% @ 50RPM | 00:10 @ Free ride | 03:00 @ 50% | 03:00 @ 81% @ 50RPM | 00:10 @ Free ride | 02:30 @ 60% | 00:30 @ 50% | 03:00 @ 81% @ 50RPM | 00:10 @ Free ride | 03:00 @ 50% | 03:00 @ 81% @ 50RPM | 00:30 @ Free ride | 06:40 @ 50%,power-starts,https://mywhooshinfo.com/workouts/workout/power-starts
11196,Power Starts and Tempo,All training plan workouts,All training plan workouts,Z3 - Tempo,Free Ride; Z1 - Recovery; Z2 - Endurance; Z3 - Tempo; Z4 - Threshold; Z6 - Anaerobic,44:00,44.0,2640,43,0.77,,True,False,The start in gravel racing is imperative to success. It can get you out of danger in the initial rush. It can solidify your placement to take the best line and settle into the race. High torque and power starts are crucial. Today we include a threshold effort AFTER the sprints.,03:00 @ 50% | 02:00 @ 65% | 02:00 @ 84% | 01:30 @ 100% | 03:00 @ 50% | 00:10 @ 200% | 00:50 @ 50% | 00:10 @ 200% | 00:50 @ 50% | 02:00 @ 50% | 02:30 @ 81% | 00:10 @ Free ride | 03:00 @ 50% | 03:00 @ 81% | 00:10 @ Free ride | 02:30 @ 60% | 00:30 @ 50% | 02:30 @ 81% | 00:10 @ Free ride | 03:00 @ 50% | 08:00 @ 95% | 03:00 @ 50%,power-starts-and-tempo,https://mywhooshinfo.com/workouts/workout/power-starts-and-tempo
11178,Power Starts and Torque End..,All training plan workouts,All training plan workouts,Z3 - Tempo,Free Ride; Z1 - Recovery; Z2 - Endurance; Z3 - Tempo; Z4 - Threshold; Z6 - Anaerobic,45:00,45.0,2700,37,0.71,,True,False,The start in gravel racing is imperative to success. It can get you out of danger in the initial rush. It can solidify your placement to take the best line and settle into the race. High torque and power starts are crucial. Today we include a torque endurance effort AFTER the sprints.,"03:00 @ 50% | 02:00 @ 65% | 02:00 @ 84% | 01:30 @ 100% | 03:00 @ 50% | 00:10 @ 200% | 00:50 @ 50% | 00:10 @ 200% | 00:50 @ 50% | 02:00 @ 50% | 02:30 @ 81% | 00:10 @ Free ride | 03:00 @ 50% | 03:00 @ 81% | 00:10 @ Free ride | 02:30 @ 60% | 00:30 @ 50% | 02:30 @ 81% | 00:10 @ Free ride | 03:00 @ 50% | 6x [01:00 @ 70%, 00:30 @ 77%] | 03:00 @ 50%",power-starts-and-torque-end,https://mywhooshinfo.com/workouts/workout/power-starts-and-torque-end
374,Power Technique #1,Sprint,Sprint,Z6 - Anaerobic,Z1 - Recovery; Z2 - Endurance; Z3 - Tempo; Z6 - Anaerobic,54:05,54.1,3245,84,0.97,,True,False,"Power Sprint drills are designed to build strength in your sprint. This workout progresses from the Sprint Technique Session of the Early Base phase, and the Power Starts completed earlier in this Late Base Phase. It is vital to complete this session after completing those two types of workouts. **This session is best completed with ERG mode turned off**","warmup 07:00 @ 25% FTP - 75% FTP | 2x [00:55 @ 75%, 01:00 @ 50%] | 05:00 @ 75% | 5x [00:10 @ 350%, 03:00 @ 81%] | 03:00 @ 75% | 5x [00:13 @ 280%, 03:00 @ 70%] | 03:20 @ 65%",power-technique-1,https://mywhooshinfo.com/workouts/workout/power-technique-1
375,Power Technique #2,Sprint,Sprint,Z6 - Anaerobic,Z1 - Recovery; Z2 - Endurance; Z3 - Tempo; Z6 - Anaerobic,54:05,54.1,3245,87,0.98,,True,False,"Power Sprint drills, designed to build strength to your sprint. This workout is a progression from the Sprint Technique Session of the Early Base phase and the Power Starts completed earlier in this Late Base Phase. It is important to complete this session after completing those two types of workout. **This session is best completed with ERG mode turned off**","warmup 07:00 @ 25% FTP - 75% FTP | 2x [00:55 @ 75%, 01:00 @ 50%] | 05:00 @ 50% | 5x [00:10 @ 350%, 03:00 @ 85%] | 03:00 @ 53% | 5x [00:13 @ 280%, 03:00 @ 79%] | 03:20 @ 50%",power-technique-2,https://mywhooshinfo.com/workouts/workout/power-technique-2
10874,Power Technique 1,All training plan workouts,All training plan workouts,Z2 - Endurance,Z1 - Recovery; Z2 - Endurance; Z3 - Tempo; Z6 - Anaerobic,54:05,54.1,3245,84,0.97,,True,False,"Power Sprint drills, designed to build strength to your sprint. This workout is a progression from the Sprint Technique Session of the Early Base phase and the Power Starts completed earlier in this Late Base Phase. It is important to complete this session after completing those two types of workout. **This session is best completed with ERG mode turned off**","warmup 07:00 @ 25% FTP - 75% FTP | 2x [00:55 @ 75%, 01:00 @ 50%] | 05:00 @ 75% | 5x [00:10 @ 350%, 03:00 @ 81%] | 03:00 @ 75% | 5x [00:13 @ 280%, 03:00 @ 70%] | 03:20 @ 65%",power-technique-1-52r6,https://mywhooshinfo.com/workouts/workout/power-technique-1-52r6
10895,Power Technique 2,All training plan workouts,All training plan workouts,Z3 - Tempo,Z1 - Recovery; Z2 - Endurance; Z3 - Tempo; Z6 - Anaerobic,54:05,54.1,3245,87,0.98,,True,False,"Power Sprint drills, designed to build strength to your sprint. This workout is a progression from the Sprint Technique Session of the Early Base phase and the Power Starts completed earlier in this Late Base Phase. It is important to complete this session after completing those two types of workout. **This session is best completed with ERG mode turned off**","warmup 07:00 @ 25% FTP - 75% FTP | 2x [00:55 @ 75%, 01:00 @ 50%] | 05:00 @ 50% | 5x [00:10 @ 350%, 03:00 @ 85%] | 03:00 @ 53% | 5x [00:13 @ 280%, 03:00 @ 79%] | 03:20 @ 50%",power-technique-2-7xya,https://mywhooshinfo.com/workouts/workout/power-technique-2-7xya
11105,Pre Test Ride,All training plan workouts,All training plan workouts,Z2 - Endurance,Z1 - Recovery; Z2 - Endurance; Z3 - Tempo; Z4 - Threshold; Z6 - Anaerobic,45:00,45.0,2700,42,0.75,,True,False,This is a perfect session before a test day or race. It is tough enough to keep the muscles activated and to give you the subjective feeling of a good workload. Whilst being relatively easy to leave you energized ahead of a particular goal.,"07:00 @ 55% | 06:00 @ 70% | 05:00 @ 84% | 05:00 @ 98% | 03:00 @ 50% | 3x [00:30 @ 140%, 02:30 @ 50%] | 3x [00:05 @ 150%, 00:55 @ 50%] | cooldown 07:00 @ 60% FTP - 40% FTP",pre-test-ride,https://mywhooshinfo.com/workouts/workout/pre-test-ride
453,Pre-FTP Session,Taper,All training plan workouts; Taper,Z2 - Endurance,Z1 - Recovery; Z2 - Endurance; Z3 - Tempo; Z4 - Threshold; Z5 - VO2Max; Z6 - Anaerobic,46:20,46.3,2780,40,0.73,Si Bradeley,False,False,"This workout aims to activate the fast-twitch muscles and prepare the body and mind for peak performance the following day. The intervals are short enough to allow for activation without producing any residual fatigue. After this workout, you will be primed for a significant effort tomorrow! This workout is also available as Video workout by a MyWhoosh coach Si Bradeley","warmup 05:00 @ 50% FTP - 70% FTP | 01:00 @ 50% | 2x [01:00 @ 90%, 01:00 @ 70%] | 02:00 @ 50% | 02:00 @ 80% | 02:00 @ 50% | 01:00 @ 110% | 04:00 @ 60% | ramp 04:00 @ 80% FTP - 95% FTP | 10:00 @ 60% | 02:00 @ 95% | 00:10 @ 120% | 01:00 @ 50% | 02:00 @ 95% | 00:10 @ 120% | 01:00 @ 50% | cooldown 05:00 @ 55% FTP - 35% FTP",pre-ftp-session,https://mywhooshinfo.com/workouts/workout/pre-ftp-session
10559,Pre-Race Session #1,All training plan workouts,All training plan workouts,Z2 - Endurance,Z1 - Recovery; Z2 - Endurance; Z3 - Tempo; Z4 - Threshold; Z5 - VO2Max; Z6 - Anaerobic,56:20,56.3,3380,49,0.73,,True,False,"This workout aims to activate the fast-twitch muscles and prepare body and mind for race-pace efforts. Commonly referred to as -opening up the legs- to avoid feeling stale on race day. This session is generally performed the day before race-day, and after having an easy day or two.","warmup 07:00 @ 50% FTP - 75% FTP | 01:00 @ 50% | 3x [01:00 @ 90%, 01:00 @ 70%] | 02:00 @ 50% | 03:00 @ 80% | 02:00 @ 50% | 01:00 @ 110% | 04:00 @ 60% | 01:00 @ 80% | 01:00 @ 85% | 01:00 @ 90% | 01:00 @ 95% | 10:00 @ 60% | 02:00 @ 95% | 01:00 @ 50% | 02:00 @ 95% | 01:00 @ 50% | 10:00 @ 60%",pre-race-session-1,https://mywhooshinfo.com/workouts/workout/pre-race-session-1
454,Pre-Race Session #2,Taper,All training plan workouts; Taper,Z2 - Endurance,Free Ride; Z1 - Recovery; Z2 - Endurance; Z3 - Tempo; Z4 - Threshold; Z6 - Anaerobic,46:00,46.0,2760,42,0.74,,True,False,"The 'Pre-Race' session is an essential aspect of your taper. Generally, your taper will involve a period of reduced volume and low-intensity training. But it's necessary to have that final workout of high intensity before your event. The 'Pre-Race' session serves to activate the muscles and prepare you for the high intensity of racing. Ideally, you have had two days of light training before completing this session.",20:00 @ Free ride | ramp 04:00 @ 40% FTP - 60% FTP | 03:00 @ 55% | 03:00 @ 65% | 02:00 @ 80% | 00:30 @ 90% | 00:30 @ 100% | 03:00 @ 50% | 02:00 @ 125% | cooldown 08:00 @ 60% FTP - 40% FTP,pre-race-session-2,https://mywhooshinfo.com/workouts/workout/pre-race-session-2
418,Progressive 11min Climb,Sweetspot,All training plan workouts; Sweetspot,Z3 - Tempo,Z1 - Recovery; Z2 - Endurance; Z3 - Tempo; Z4 - Threshold,59:00,59.0,3540,62,0.8,,True,True,"There are three climbs of 11 minutes in duration today, but each one is climbed using a different cadence. Like a climb outdoors, the required power will increase throughout the 11min.",warmup 10:00 @ 50% FTP - 75% FTP | 01:00 @ 55% | 06:00 @ 80% @ 85RPM | 04:00 @ 95% @ 85RPM | 01:00 @ 105% @ 85RPM | 05:00 @ 55% | 06:00 @ 80% @ 80RPM | 04:00 @ 95% @ 80RPM | 01:00 @ 105% @ 80RPM | 05:00 @ 55% | 06:00 @ 80% @ 70RPM | 04:00 @ 95% @ 70RPM | 01:00 @ 105% @ 70RPM | cooldown 05:00 @ 75% FTP - 50% FTP,progressive-11min-climb,https://mywhooshinfo.com/workouts/workout/progressive-11min-climb
565,Progressive 13min Climb,Threshold,All training plan workouts; Threshold,Z4 - Threshold,Z1 - Recovery; Z2 - Endurance; Z3 - Tempo; Z4 - Threshold; Z6 - Anaerobic,01:03:00,63.0,3780,71,0.82,Si Bradeley,True,True,"Today, there are three climbs of 13 minutes, but each climb uses a different cadence. But as the power ramps up between steps, you self select your cadence before returning to the set cadence. Position yourself on the bike as you would on a long climb. Like a climb outdoors, the required power will increase throughout the 13 minutes. We culminate with a 1 min above threshold at the top of the climb.",warmup 03:00 @ 45% FTP - 55% FTP | 00:20 @ 125% | ramp 03:00 @ 56% FTP - 65% FTP | 00:20 @ 125% | ramp 03:00 @ 66% FTP - 75% FTP | 00:20 @ 125% | 01:00 @ 55% | ramp 01:00 @ 61% FTP - 79% FTP | 05:00 @ 80% @ 85RPM | ramp 01:00 @ 81% FTP - 94% FTP | 04:00 @ 95% @ 85RPM | ramp 01:00 @ 96% FTP - 104% FTP | 01:00 @ 105% @ 85RPM | 04:00 @ 55% | ramp 01:00 @ 61% FTP - 79% FTP | 05:00 @ 80% @ 80RPM | ramp 01:00 @ 81% FTP - 94% FTP | 04:00 @ 95% @ 80RPM | ramp 01:00 @ 96% FTP - 104% FTP | 01:00 @ 105% @ 80RPM | 04:00 @ 55% | ramp 01:00 @ 61% FTP - 79% FTP | 05:00 @ 80% @ 75RPM | ramp 01:00 @ 81% FTP - 94% FTP | 04:00 @ 95% @ 75RPM | ramp 01:00 @ 96% FTP - 104% FTP | 01:00 @ 105% @ 75RPM | cooldown 05:00 @ 65% FTP - 45% FTP,progressive-13min-climb,https://mywhooshinfo.com/workouts/workout/progressive-13min-climb
97,Progressive 25min Climb,Under 35 min,Under 35 min,Z3 - Tempo,Z1 - Recovery; Z2 - Endurance; Z3 - Tempo; Z4 - Threshold,34:00,34.0,2040,39,0.84,Si Bradeley,False,True,"Big day in the mountains today! 1 climb of 25 minutes in duration. Like a climb outdoors, the required power will increase throughout the 25min.",warmup 04:00 @ 51% FTP - 75% FTP | 15:00 @ 82% @ 85RPM | 08:00 @ 94% @ 85RPM | 02:00 @ 105% @ 85RPM | 05:00 @ 55%,progressive-25min-climb,https://mywhooshinfo.com/workouts/workout/progressive-25min-climb
10249,Progressive 25min Climb,Sweetspot,All training plan workouts; Sweetspot,Z3 - Tempo,Z1 - Recovery; Z2 - Endurance; Z3 - Tempo; Z4 - Threshold; Z5 - VO2Max,01:10:00,70.0,4200,75,0.8,,False,False,"Big day in the mountains today! 2 climbs of 25 minutes in duration, but each one is climbed using a different cadence. Just like a climb outdoors, the required power will increase throughout the 25min.",warmup 10:00 @ 51% FTP - 75% FTP | 15:00 @ 76% | 08:00 @ 91% | 02:00 @ 105% | 05:00 @ 55% | 15:00 @ 76% | 08:00 @ 91% | 02:00 @ 105% | cooldown 05:00 @ 75% FTP - 50% FTP,progressive-25min-climb-91gm,https://mywhooshinfo.com/workouts/workout/progressive-25min-climb-91gm
567,Progressive 26min Climb,Threshold,All training plan workouts; Threshold,Z4 - Threshold,Z1 - Recovery; Z2 - Endurance; Z3 - Tempo; Z4 - Threshold; Z6 - Anaerobic,01:07:00,67.0,4020,82,0.86,,True,True,"Today, two climbs of 26 minutes in duration, but each one is climbed using a different cadence. But as the power ramps up between steps, you self select your cadence before returning to the set cadence. Position yourself on the bike as you would on a long climb. Like a climb outdoors, the required power will increase throughout the 26 minutes. We culminate with a 1 min above threshold at the top of the climb.",warmup 02:00 @ 45% FTP - 55% FTP | 00:20 @ 125% | ramp 02:00 @ 56% FTP - 65% FTP | 00:20 @ 125% | ramp 02:00 @ 66% FTP - 75% FTP | 00:20 @ 125% | 01:00 @ 55% | ramp 01:00 @ 61% FTP - 79% FTP | 05:00 @ 80% @ 85RPM | ramp 01:00 @ 81% FTP - 94% FTP | 04:00 @ 95% @ 85RPM | ramp 01:00 @ 96% FTP - 104% FTP | 01:00 @ 105% @ 85RPM | ramp 01:00 @ 100% FTP - 79% FTP | 05:00 @ 80% @ 80RPM | ramp 01:00 @ 81% FTP - 94% FTP | 04:00 @ 95% @ 80RPM | ramp 01:00 @ 96% FTP - 104% FTP | 01:00 @ 105% @ 80RPM | 03:00 @ 55% | ramp 01:00 @ 61% FTP - 79% FTP | 05:00 @ 80% @ 85RPM | ramp 01:00 @ 81% FTP - 94% FTP | 04:00 @ 95% @ 85RPM | ramp 01:00 @ 96% FTP - 104% FTP | 01:00 @ 105% @ 85RPM | ramp 01:00 @ 100% FTP - 79% FTP | 05:00 @ 80% @ 80RPM | ramp 01:00 @ 81% FTP - 94% FTP | 04:00 @ 95% @ 80RPM | 01:00 @ 105% @ 80RPM | cooldown 05:00 @ 65% FTP - 45% FTP,progressive-26min-climb,https://mywhooshinfo.com/workouts/workout/progressive-26min-climb
98,Progressive Climb #1,Under 35 min,Under 35 min,Z3 - Tempo,Z1 - Recovery; Z2 - Endurance; Z3 - Tempo; Z4 - Threshold,34:00,34.0,2040,37,0.81,Si Bradeley,False,True,"Today's two climbs of 10 minutes in duration; however, each one is performed using a different cadence. Like a climb outdoors, the required power will increase throughout the 10 minutes. We culminate with a 1 min above threshold at the top of the climb.",warmup 05:00 @ 50% FTP - 75% FTP | 01:00 @ 55% | 05:00 @ 80% @ 85RPM | 04:00 @ 95% @ 85RPM | 01:00 @ 105% @ 85RPM | 04:00 @ 55% | 05:00 @ 80% @ 80RPM | 04:00 @ 95% @ 80RPM | 01:00 @ 105% @ 80RPM | 04:00 @ 55%,progressive-climb-1,https://mywhooshinfo.com/workouts/workout/progressive-climb-1
414,Progressive Climb #1,Sweetspot,Sweetspot,Z3 - Tempo,Z1 - Recovery; Z2 - Endurance; Z3 - Tempo; Z4 - Threshold; Z5 - VO2Max,56:00,56.0,3360,59,0.8,Zelmaré Viljoen,True,True,"There are three climbs of 10 minutes in duration today; however, each one is performed using a different cadence. Like a climb outdoors, the required power will increase throughout the 10 minutes. We culminate with a 1 min above threshold at the top of the climb.",warmup 10:00 @ 50% FTP - 75% FTP | 01:00 @ 55% | 05:00 @ 80% @ 85RPM | 04:00 @ 95% @ 85RPM | 01:00 @ 105% @ 85RPM | 04:00 @ 55% | 05:00 @ 80% @ 80RPM | 04:00 @ 95% @ 80RPM | 01:00 @ 105% @ 80RPM | 04:00 @ 55% | 05:00 @ 80% @ 75RPM | 04:00 @ 95% @ 75RPM | 01:00 @ 105% @ 75RPM | 02:00 @ 50% | cooldown 05:00 @ 75% FTP - 50% FTP,progressive-climb-1-lzn1,https://mywhooshinfo.com/workouts/workout/progressive-climb-1-lzn1
415,Progressive Climb #2,Sweetspot,Sweetspot,Z3 - Tempo,Z1 - Recovery; Z3 - Tempo; Z4 - Threshold; Z5 - VO2Max,01:00:50,60.8,3650,68,0.82,,True,False,"After warming up, you will be completing 2 x 11-minute 'progressive' intervals. Starting with a comfortable sub-threshold effort, you will finish with a 1min above threshold effort. Finally, the session is completed with a 10-minute steady threshold effort. After completing two progressive intervals, the final effort should feel relatively comfortable.","03:00 @ 50% | 2x [01:00 @ 75%, 01:00 @ 50%] | 2x [00:55 @ 90%, 01:00 @ 50%] | 03:00 @ 50% | 06:00 @ 83% | 04:00 @ 98% | 01:00 @ 109% | 05:00 @ 50% | 06:00 @ 83% | 04:00 @ 98% | 01:00 @ 109% | 05:00 @ 50% | 10:00 @ 95% | 05:00 @ 50%",progressive-climb-2,https://mywhooshinfo.com/workouts/workout/progressive-climb-2
417,Progressive zones climb #1,Sweetspot,All training plan workouts; Sweetspot,Z3 - Tempo,Z1 - Recovery; Z2 - Endurance; Z3 - Tempo; Z4 - Threshold; Z6 - Anaerobic,01:07:00,67.0,4020,83,0.87,,False,False,"Like a climb that gets steeper towards the top, the target power will increase through the 10min interval in this session, while the target cadence will decrease. Stand on the pedals for the final minute of the 10min interval and race to the top!",warmup 06:00 @ 50% FTP - 70% FTP | 15:00 @ 86% | 05:00 @ 55% | 06:00 @ 89% | 03:00 @ 104% | 01:00 @ 120% | 03:00 @ 55% | 06:00 @ 88% | 03:00 @ 104% | 01:00 @ 120% | 03:00 @ 55% | 06:00 @ 88% | 03:00 @ 104% | 01:00 @ 120% | 05:00 @ 50%,progressive-zones-climb-1,https://mywhooshinfo.com/workouts/workout/progressive-zones-climb-1
691,Prologue,VO2max,All training plan workouts; VO2max,Z5 - VO2Max,Free Ride; Z1 - Recovery; Z2 - Endurance; Z3 - Tempo; Z4 - Threshold; Z6 - Anaerobic,33:40,33.7,2020,44,0.89,,True,True,"This workout takes you through a prologue. These are short, time trial stages, usually at the start of a stage race. They present another opportunity for the sprinters to take victory as the short and hard nature of the race suits the capacities of the sprinters. By simulating a prologue effort, we will work on your high-end powers and get you to put your training of previous weeks to the test!","05:00 @ 50% | 02:00 @ 65% | 01:30 @ 84% @ 60RPM | 01:00 @ 100% | 03:00 @ 50% | 2x [00:10 @ 200%, 00:50 @ 50%] | 04:00 @ 50% | 01:30 @ 105% | 00:30 @ 120% | 01:00 @ 50% | 2x [00:30 @ 150%, 00:15 @ 50%] | 00:20 @ 175% | 03:00 @ Free ride | 00:20 @ 250% | 07:00 @ 50%",prologue,https://mywhooshinfo.com/workouts/workout/prologue
162,Prove yourself,Fast Fitness,Fast Fitness,Z6 - Anaerobic,Z1 - Recovery; Z2 - Endurance; Z3 - Tempo; Z4 - Threshold; Z6 - Anaerobic,45:30,45.5,2730,61,0.9,,False,False,This is a very high level of intensity that requires mental and physical perseverance.,"03:00 @ 50% | 3x [00:10 @ 180%, 00:50 @ 50%] | 01:30 @ 60% | 01:30 @ 75% | 02:00 @ 50% | 02:30 @ 90% | 02:30 @ 104% | 03:00 @ 50% | 02:00 @ 121% | 01:00 @ 50% | 01:00 @ 131% | 01:00 @ 50% | 00:30 @ 140% | 03:00 @ 50% | 02:00 @ 121% | 01:00 @ 50% | 01:00 @ 131% | 01:00 @ 50% | 00:30 @ 140% | 03:00 @ 50% | 02:00 @ 121% | 01:00 @ 50% | 01:00 @ 131% | 01:00 @ 50% | 00:30 @ 140% | 04:00 @ 50%",prove-yourself,https://mywhooshinfo.com/workouts/workout/prove-yourself
27,Pure Strength #1,Anaerobic,All training plan workouts; Anaerobic; Beginner,Z3 - Tempo,Z1 - Recovery; Z2 - Endurance; Z3 - Tempo; Z6 - Anaerobic,01:02:00,62.0,3720,55,0.73,,True,True,"Today is all about producing extremely high crank torque. The higher the crank torque, the more fast-twitch fibres are being recruited. These muscle fibres rarely get trained, meaning there is room for improved performance when these fibres are targeted. But to achieve this high crank torque requires high power with very low rpm. After each set of Pure Strength efforts, you will complete 10 minutes at a tempo pace. However, you will be prompted to complete three high rpm maximal sprints along the way.",warmup 10:00 @ 50% FTP - 75% FTP @ 85RPM | 01:00 @ 50% | 00:30 @ 120% @ 50RPM | 03:00 @ 55% | 00:30 @ 120% @ 50RPM | 03:00 @ 55% | 00:30 @ 120% @ 50RPM | 03:00 @ 55% | 10:00 @ 81% | 05:00 @ 55% | 00:30 @ 120% @ 50RPM | 03:00 @ 55% | 00:30 @ 120% @ 50RPM | 03:00 @ 55% | 00:30 @ 120% @ 50RPM | 03:00 @ 55% | 10:00 @ 81% | cooldown 05:00 @ 75% FTP - 50% FTP,pure-strength-1,https://mywhooshinfo.com/workouts/workout/pure-strength-1
249,Pure Strength #2,Anaerobic,All training plan workouts; Anaerobic,Z6 - Anaerobic,Z1 - Recovery; Z2 - Endurance; Z3 - Tempo; Z4 - Threshold,01:03:30,63.5,3810,54,0.72,,True,True,"Today is all about producing extremely high crank torque. The higher the crank torque, the more fast-twitch fibres are being recruited. These muscle fibres rarely get trained, meaning there is room for improved performance when these fibres are targeted. But to achieve this high crank torque requires high power with very low rpm. After each set of Pure Strength efforts, you will complete 10 minutes at a tempo pace. However, you will be prompted to complete three high rpm maximal sprints along the way.",warmup 10:00 @ 50% FTP - 75% FTP | 01:00 @ 50% | 00:45 @ 98% @ 50RPM | 03:00 @ 55% | 00:45 @ 98% @ 50RPM | 03:00 @ 55% | 00:45 @ 98% @ 50RPM | 03:00 @ 55% | 10:00 @ 81% | 05:00 @ 55% | 00:45 @ 98% @ 50RPM | 03:00 @ 55% | 00:45 @ 98% @ 50RPM | 03:00 @ 55% | 00:45 @ 98% @ 50RPM | 03:00 @ 55% | 10:00 @ 81% | cooldown 05:00 @ 75% FTP - 50% FTP,pure-strength-2,https://mywhooshinfo.com/workouts/workout/pure-strength-2
11112,Push and Pull #1,All training plan workouts,All training plan workouts,Z4 - Threshold,Z1 - Recovery; Z2 - Endurance; Z3 - Tempo; Z4 - Threshold; Z5 - VO2Max,01:06:00,66.0,3960,74,0.82,,True,False,"Progressing from the threshold efforts of the past weeks, but introducing some pulling intervals. These are supra-threshold efforts, just above your FTP. If the pushing intervals are designed to push your threshold up from below, these effectively pull your threshold up from above.","04:00 @ 55% | 03:00 @ 65% | 03:00 @ 80% | 02:00 @ 90% | 03:00 @ 55% | 10:00 @ 92% | 05:00 @ 55% | 10:00 @ 92% | 05:00 @ 55% | 3x [03:00 @ 105%, 03:00 @ 50%] | cooldown 03:00 @ 50% FTP - 25% FTP",push-and-pull-1,https://mywhooshinfo.com/workouts/workout/push-and-pull-1
11119,Push and Pull #2,All training plan workouts,All training plan workouts,Z4 - Threshold,Z1 - Recovery; Z2 - Endurance; Z3 - Tempo; Z4 - Threshold; Z5 - VO2Max,01:12:00,72.0,4320,82,0.83,,True,False,"Progressing from the threshold efforts of the past weeks, but introducing some pulling intervals. These are supra-threshold efforts, just above your FTP. If the pushing intervals are designed to push your threshold up from below, these effectively pull your threshold up from above. This week we added one extra pulling interval.","04:00 @ 55% | 03:00 @ 65% | 03:00 @ 80% | 02:00 @ 90% | 03:00 @ 55% | 10:00 @ 92% | 05:00 @ 55% | 10:00 @ 92% | 05:00 @ 55% | 4x [03:00 @ 105%, 03:00 @ 50%] | cooldown 03:00 @ 50% FTP - 25% FTP",push-and-pull-2,https://mywhooshinfo.com/workouts/workout/push-and-pull-2
11126,Push and Pull #3,All training plan workouts,All training plan workouts,Z4 - Threshold,Z1 - Recovery; Z2 - Endurance; Z3 - Tempo; Z4 - Threshold; Z5 - VO2Max,01:16:00,76.0,4560,88,0.83,,True,False,"Progressing from the threshold efforts of the past weeks, but introducing some pulling intervals. These are supra-threshold efforts, just above your FTP. If the pushing intervals are designed to push your threshold up from below, these effectively pull your threshold up from above. This week we increased the threshold blocks by 2 minutes, with the four pulling reps to finish.","04:00 @ 55% | 03:00 @ 65% | 03:00 @ 80% | 02:00 @ 90% | 03:00 @ 55% | 12:00 @ 92% | 05:00 @ 55% | 12:00 @ 92% | 05:00 @ 55% | 4x [03:00 @ 105%, 03:00 @ 50%] | cooldown 03:00 @ 50% FTP - 25% FTP",push-and-pull-3,https://mywhooshinfo.com/workouts/workout/push-and-pull-3
163,Push the sky away,Fast Fitness,Fast Fitness,Z5 - VO2Max,Free Ride; Z1 - Recovery; Z2 - Endurance; Z3 - Tempo; Z5 - VO2Max,48:00,48.0,2880,41,0.72,,False,True,On the pedals and off the pedals... the perfect way to place some stress on the body.,"03:00 @ 50% @ 85RPM | 01:00 @ 60% @ 85RPM | 01:00 @ 65% @ 90RPM | 01:00 @ 81% @ 90RPM | 01:00 @ 109% @ 95RPM | 02:00 @ 50% @ 85RPM | 04:00 @ 90% @ 95RPM | 03:00 @ 50% @ 85RPM | 10x [00:30 @ 113%, 02:30 @ 50%] | 02:00 @ Free ride",push-the-sky-away,https://mywhooshinfo.com/workouts/workout/push-the-sky-away
376,"Push, Pull, Sprint!",Sprint,All training plan workouts; Sprint,Z6 - Anaerobic,Z1 - Recovery; Z2 - Endurance; Z3 - Tempo; Z4 - Threshold; Z5 - VO2Max; Z6 - Anaerobic,01:13:30,73.5,4410,82,0.82,,True,True,"Three critical efforts to help you to become a better cyclist. You are familiar with all aspects of today's workout, but here we bring the pushing, pulling, and sprint efforts together into one challenging workout! Give today a good go; it will be hard to sprint after its efforts, but try your best!","04:00 @ 55% | 03:00 @ 65% | 03:00 @ 80% @ 75RPM | 02:00 @ 90% | 03:00 @ 55% | 10:00 @ 92% | 05:00 @ 55% | 10:00 @ 92% | 05:00 @ 55% | 3x [03:00 @ 105%, 03:00 @ 50%] | 01:00 @ 55% | 3x [00:10 @ 250%, 02:00 @ 50%] | cooldown 03:00 @ 50% FTP - 25% FTP",push-pull-sprint,https://mywhooshinfo.com/workouts/workout/push-pull-sprint
10622,Pushing and Pulling,All training plan workouts,All training plan workouts,Z4 - Threshold,Z1 - Recovery; Z2 - Endurance; Z3 - Tempo; Z4 - Threshold; Z5 - VO2Max,01:06:00,66.0,3960,74,0.82,,True,False,"Progressing from the threshold pushing efforts you are familiar with, but introducing some pulling intervals. These are completed at a power above your FTP. If the pushing intervals are designed to push your threshold up from below, these effectively pull your threshold up from above.","04:00 @ 55% | 03:00 @ 65% | 03:00 @ 80% | 02:00 @ 90% | 03:00 @ 55% | 10:00 @ 92% | 05:00 @ 55% | 10:00 @ 92% | 05:00 @ 55% | 3x [03:00 @ 105%, 03:00 @ 50%] | cooldown 03:00 @ 50% FTP - 25% FTP",pushing-and-pulling,https://mywhooshinfo.com/workouts/workout/pushing-and-pulling
611,Pushing and Pulling #1,Threshold,Threshold; VO2max,Z4 - Threshold,Z1 - Recovery; Z2 - Endurance; Z3 - Tempo; Z4 - Threshold; Z5 - VO2Max,01:06:00,66.0,3960,74,0.82,,True,True,"You are progressing from the threshold pushing efforts you are familiar with but introducing some pulling intervals. These are completed at a power above your FTP. If the pushing intervals are designed to push your threshold up from below, these effectively pull your threshold up from above.","04:00 @ 55% | 03:00 @ 65% | 03:00 @ 80% @ 75RPM | 02:00 @ 90% | 03:00 @ 55% | 10:00 @ 92% | 05:00 @ 55% | 10:00 @ 92% | 05:00 @ 55% | 3x [03:00 @ 105%, 03:00 @ 50%] | cooldown 03:00 @ 50% FTP - 25% FTP",pushing-and-pulling-1,https://mywhooshinfo.com/workouts/workout/pushing-and-pulling-1
612,Pushing and Pulling #2,Threshold,Threshold; VO2max,Z4 - Threshold,Z1 - Recovery; Z2 - Endurance; Z3 - Tempo; Z4 - Threshold; Z5 - VO2Max,01:12:00,72.0,4320,82,0.83,,True,True,"You are progressing from the threshold pushing efforts you are familiar with but introducing some pulling intervals. These are completed at a power above your FTP. If the pushing intervals are designed to push your threshold up from below, these effectively pull your threshold up from above.","04:00 @ 55% | 03:00 @ 65% | 03:00 @ 80% @ 75RPM | 02:00 @ 90% | 03:00 @ 55% | 10:00 @ 92% | 05:00 @ 55% | 10:00 @ 92% | 05:00 @ 55% | 4x [03:00 @ 105%, 03:00 @ 50%] | cooldown 03:00 @ 50% FTP - 25% FTP",pushing-and-pulling-2,https://mywhooshinfo.com/workouts/workout/pushing-and-pulling-2
694,Pushing and Pulling #3,VO2max,VO2max,Z5 - VO2Max,Z1 - Recovery; Z2 - Endurance; Z3 - Tempo; Z4 - Threshold; Z5 - VO2Max,01:12:00,72.0,4320,89,0.86,,True,True,"Revisiting the Pushing and Pulling session from the Early Build Phase, but with higher powers as we go into the Preparation Phase. With the same intention as before, but even closer to your threshold on the pushing element and closer to your maximal aerobic power on the pulling element.","04:00 @ 55% | 03:00 @ 65% | 03:00 @ 80% @ 75RPM | 02:00 @ 90% | 03:00 @ 55% | 10:00 @ 94% | 05:00 @ 55% | 10:00 @ 94% | 05:00 @ 55% | 4x [03:00 @ 113%, 03:00 @ 50%] | cooldown 03:00 @ 50% FTP - 25% FTP",pushing-and-pulling-3,https://mywhooshinfo.com/workouts/workout/pushing-and-pulling-3
10629,Pushing and Pulling 2,All training plan workouts,All training plan workouts,Z4 - Threshold,Z1 - Recovery; Z2 - Endurance; Z3 - Tempo; Z4 - Threshold; Z5 - VO2Max,01:12:00,72.0,4320,82,0.83,,True,False,"Progressing from the threshold pushing efforts you are familiar with, but introducing some pulling intervals. These are completed at a power above your FTP. If the pushing intervals are designed to push your threshold up from below, these effectively pull your threshold up from above.","04:00 @ 55% | 03:00 @ 65% | 03:00 @ 80% | 02:00 @ 90% | 03:00 @ 55% | 10:00 @ 92% | 05:00 @ 55% | 10:00 @ 92% | 05:00 @ 55% | 4x [03:00 @ 105%, 03:00 @ 50%] | cooldown 03:00 @ 50% FTP - 25% FTP",pushing-and-pulling-2-0h5m,https://mywhooshinfo.com/workouts/workout/pushing-and-pulling-2-0h5m
10683,Pushing and Pulling 3,All training plan workouts,All training plan workouts,Z4 - Threshold,Z1 - Recovery; Z2 - Endurance; Z3 - Tempo; Z4 - Threshold; Z5 - VO2Max,01:12:00,72.0,4320,89,0.86,,True,False,"Revisiting the Pushing and Pulling session from the Early Build Phase, but with higher powers as we go into the Preparation Phase. With the same intention as before, but even closer to your threshold on the pushing element, and closer to your maximal aerobic power on the pulling element.","04:00 @ 55% | 03:00 @ 65% | 03:00 @ 80% | 02:00 @ 90% | 03:00 @ 55% | 10:00 @ 94% | 05:00 @ 55% | 10:00 @ 94% | 05:00 @ 55% | 4x [03:00 @ 113%, 03:00 @ 50%] | cooldown 03:00 @ 50% FTP - 25% FTP",pushing-and-pulling-3-c02g,https://mywhooshinfo.com/workouts/workout/pushing-and-pulling-3-c02g
419,Pyramid cadence efforts #1,Sweetspot,All training plan workouts; Sweetspot,Z3 - Tempo,Z1 - Recovery; Z2 - Endurance; Z3 - Tempo; Z4 - Threshold,56:00,56.0,3360,51,0.74,Zelmaré Viljoen,True,False,"Riding at near-threshold power, the challenge today is to reach the target power with the highest cadence possible. You will then increase the length of the interval in the next step, where you should aim to maintain the same cadence as the previous interval.",warmup 10:00 @ 45% FTP - 75% FTP | 01:00 @ 95% | 01:00 @ 55% | 02:00 @ 95% | 02:00 @ 55% | 03:00 @ 95% | 03:00 @ 55% | 10:00 @ 75% | 02:00 @ 55% | 01:00 @ 95% | 01:00 @ 55% | 02:00 @ 95% | 02:00 @ 55% | 03:00 @ 95% | 03:00 @ 55% | cooldown 10:00 @ 75% FTP - 50% FTP,pyramid-cadence-efforts-1,https://mywhooshinfo.com/workouts/workout/pyramid-cadence-efforts-1
420,Pyramid cadence efforts #2,Sweetspot,All training plan workouts; Sweetspot,Z3 - Tempo,Z1 - Recovery; Z2 - Endurance; Z4 - Threshold,01:07:00,67.0,4020,65,0.76,Lisa Hermansson,True,False,"Riding at near-threshold power, the challenge today is to reach the target power with the highest cadence possible. You will then increase the length of the interval in the next step, where you should aim to maintain the same cadence as the previous interval. This workout is also available as Video workout by a MyWhoosh coach Lisa Hermansson",warmup 10:00 @ 45% FTP - 75% FTP | 01:00 @ 95% | 01:00 @ 55% | 02:00 @ 95% | 02:00 @ 55% | 03:00 @ 95% | 03:00 @ 55% | 04:00 @ 95% | 04:00 @ 55% | 10:00 @ 75% | 02:00 @ 55% | 01:00 @ 95% | 01:00 @ 55% | 02:00 @ 95% | 02:00 @ 55% | 03:00 @ 95% | 03:00 @ 55% | 04:00 @ 95% | 04:00 @ 55% | cooldown 05:00 @ 65% FTP - 50% FTP,pyramid-cadence-efforts-2,https://mywhooshinfo.com/workouts/workout/pyramid-cadence-efforts-2
164,Quicksilver,Fast Fitness,Fast Fitness,Z4 - Threshold,Z1 - Recovery; Z2 - Endurance; Z3 - Tempo; Z4 - Threshold; Z6 - Anaerobic,41:45,41.8,2505,54,0.88,,False,False,A challenging session that requires completing race-like efforts.,"01:00 @ 45% | 01:00 @ 56% | 01:00 @ 64% | 01:00 @ 75% | 2x [01:00 @ 85%, 01:00 @ 50%] | 2x [01:00 @ 98%, 01:00 @ 50%] | 02:00 @ 50% | 02:00 @ 120% | 03:00 @ 94% | 00:15 @ 150% | 03:00 @ 50% | 02:00 @ 120% | 03:00 @ 94% | 00:15 @ 150% | 03:00 @ 50% | 02:00 @ 120% | 03:00 @ 94% | 00:15 @ 150% | 02:00 @ 50% | 01:00 @ 75% | 01:00 @ 64% | 01:00 @ 56% | 01:00 @ 45%",quicksilver,https://mywhooshinfo.com/workouts/workout/quicksilver
165,Quiet,Fast Fitness,Fast Fitness,Z3 - Tempo,Z1 - Recovery; Z2 - Endurance; Z3 - Tempo,35:00,35.0,2100,31,0.74,,False,False,"Low intensity, steady efforts. Making for a nice day on the bike.",03:00 @ 50% | 02:00 @ 70% | 01:00 @ 50% | 03:00 @ 90% | 01:00 @ 50% | 06:00 @ 77% | 02:00 @ 50% | 06:00 @ 80% | 02:00 @ 50% | 06:00 @ 83% | 03:00 @ 50%,quiet,https://mywhooshinfo.com/workouts/workout/quiet
99,Race Attacks #1,Under 35 min,Under 35 min,Z2 - Endurance,Z1 - Recovery; Z2 - Endurance; Z3 - Tempo; Z4 - Threshold; Z5 - VO2Max; Z6 - Anaerobic,34:30,34.5,2070,51,0.95,Si Bradeley,False,False,"This is your day to finish the race strongly! Strenuous efforts consisting of 30sec @ 170% 2min @ FTP 20sec @ 180%. While performing these efforts, visualise yourself attacking the winning break of the day!",warmup 03:00 @ 45% FTP - 65% FTP | 01:00 @ 65% | 01:00 @ 79% | 01:00 @ 94% | 01:00 @ 108% | 02:00 @ 45% | 03:00 @ 90% | 01:00 @ 45% | 00:30 @ 170% | 02:00 @ 100% | 00:20 @ 180% | 05:00 @ 65% | 00:30 @ 170% | 02:00 @ 100% | 00:20 @ 181% | 05:00 @ 65% | 00:30 @ 171% | 02:00 @ 100% | 00:20 @ 180% | 03:00 @ 50%,race-attacks-1,https://mywhooshinfo.com/workouts/workout/race-attacks-1
11256,Race Attacks #1,Anaerobic,All training plan workouts; Anaerobic,Z2 - Endurance,Z1 - Recovery; Z2 - Endurance; Z3 - Tempo; Z4 - Threshold; Z5 - VO2Max; Z6 - Anaerobic,56:20,56.3,3380,87,0.97,Si Bradeley,True,False,"This is your day to finish the race strongly! Coming into the backend of a race is where the fireworks begin. To be competitive, you will need to back up your first attack with several others. Today, you are going dominate the finale and gradually whittle the group down with repeated attacks. While performing these efforts, visualise yourself attacking the winning break of the day!",03:00 @ 50% | 01:00 @ 60% | 01:00 @ 65% | 01:00 @ 81% | 01:00 @ 109% | 02:00 @ 50% | 04:00 @ 90% | 03:00 @ 50% | 00:30 @ 200% | 02:00 @ 100% | 00:20 @ 200% | 07:00 @ 65% | 00:30 @ 200% | 02:00 @ 100% | 00:20 @ 200% | 07:00 @ 65% | 00:30 @ 200% | 02:00 @ 100% | 00:20 @ 200% | 07:00 @ 65% | 00:30 @ 200% | 02:00 @ 100% | 00:20 @ 200% | 03:00 @ 50% | cooldown 05:00 @ 55% FTP - 50% FTP,race-attacks-1-g0wh,https://mywhooshinfo.com/workouts/workout/race-attacks-1-g0wh
619,Race Attacks #1,Threshold,Threshold,Z4 - Threshold,Z1 - Recovery; Z2 - Endurance; Z3 - Tempo; Z4 - Threshold; Z5 - VO2Max; Z6 - Anaerobic,56:20,56.3,3380,88,0.97,Si Bradeley,True,False,"This is your day to finish the race strongly! Coming into the backend of a race is where the fireworks begin. To be competitive, you will need to back up your first attack with several others. Today, you will dominate the finale and gradually whittle the group down with repeated attacks. While performing these efforts, visualise yourself attacking the winning break of the day!",03:00 @ 50% | 01:00 @ 60% | 01:00 @ 65% | 01:00 @ 81% | 01:00 @ 109% | 02:00 @ 50% | 04:00 @ 90% | 03:00 @ 50% | 00:30 @ 200% | 02:00 @ 100% | 00:20 @ 200% | 07:00 @ 65% | 00:30 @ 200% | 02:00 @ 100% | 00:20 @ 200% | 07:00 @ 65% | 00:30 @ 200% | 02:00 @ 100% | 00:20 @ 200% | 07:00 @ 65% | 00:30 @ 200% | 02:00 @ 100% | 00:20 @ 200% | 03:00 @ 50% | cooldown 05:00 @ 75% FTP - 50% FTP,race-attacks-1-let6,https://mywhooshinfo.com/workouts/workout/race-attacks-1-let6
100,Race Attacks #2,Under 35 min,Under 35 min,Z2 - Endurance,Z1 - Recovery; Z2 - Endurance; Z3 - Tempo; Z4 - Threshold; Z5 - VO2Max,34:00,34.0,2040,36,0.81,Si Bradeley,False,False,"We are replicating the demands of race attacks in this session. This workout focuses on those more extended, high-intensity efforts that are sometimes required to either establish or cross to the break.",warmup 06:00 @ 50% FTP - 75% FTP | 01:00 @ 55% | 01:00 @ 111% | 01:00 @ 55% | 10:00 @ 75% | ramp 04:00 @ 88% FTP - 94% FTP | 02:00 @ 109% | ramp 04:00 @ 88% FTP - 94% FTP | 05:00 @ 55%,race-attacks-2,https://mywhooshinfo.com/workouts/workout/race-attacks-2
101,Race Attacks #3,Under 35 min,Under 35 min,Z2 - Endurance,Z1 - Recovery; Z2 - Endurance; Z4 - Threshold; Z5 - VO2Max; Z6 - Anaerobic,34:00,34.0,2040,43,0.88,,False,False,"We are replicating the demands of race attacks in this session. This workout focuses on those more extended, high-intensity efforts where big power is required to begin the effort but then gently tapers off. This workout is also available as Video workout by a MyWhoosh coach Si Bradeley",warmup 05:00 @ 50% FTP - 75% FTP | 01:00 @ 55% | 01:00 @ 111% | 01:00 @ 55% | 10:00 @ 75% | ramp 01:00 @ 145% FTP - 135% FTP | ramp 04:00 @ 104% FTP - 90% FTP | 03:00 @ 55% | ramp 01:00 @ 145% FTP - 135% FTP | ramp 04:00 @ 104% FTP - 90% FTP | 03:00 @ 55%,race-attacks-3,https://mywhooshinfo.com/workouts/workout/race-attacks-3
10609,Race Day Warm Up,All training plan workouts,All training plan workouts,Z2 - Endurance,Z1 - Recovery; Z2 - Endurance; Z3 - Tempo; Z4 - Threshold; Z5 - VO2Max; Z6 - Anaerobic,25:00,25.0,1500,23,0.75,,True,False,Today is a great day to race on MyWhoosh. Follow this warm up 30 minutes before the race start. Ensure you drink and take on a gel during the warm up.,"warmup 05:00 @ 40% FTP - 60% FTP | 03:00 @ 70% | 03:00 @ 82% | 01:00 @ 100% | 02:00 @ 55% | 2x [01:00 @ 115%, 02:00 @ 55%] | 3x [00:06 @ 200%, 00:54 @ 55%] | 02:00 @ 55%",race-day-warm-up,https://mywhooshinfo.com/workouts/workout/race-day-warm-up
11194,Race Pace #1,All training plan workouts,All training plan workouts,Z4 - Threshold,Z1 - Recovery; Z2 - Endurance; Z3 - Tempo; Z4 - Threshold,54:00,54.0,3240,65,0.86,Si Bradeley,True,False,"This session is designed to build your sustainable threshold power. Working at your threshold is a key determinant of success. In Gravel racing, there are often key moments that decide the outcome. Being able to produce high power for a duration of 5 to 20 minutes is crucial in race-winning moves. Today we focus on this domain. 3x8 minute intervals at your FTP. You should have dialled in your FTP after the test from a few weeks ago. If not, I recommend completing another FTP test before completing this session.",04:00 @ 55% | 03:00 @ 65% | 03:00 @ 80% | 02:00 @ 90% | 03:00 @ 55% | 08:00 @ 100% | 05:00 @ 55% | 08:00 @ 100% | 05:00 @ 55% | 08:00 @ 100% | 05:00 @ 55%,race-pace-1-ej2x,https://mywhooshinfo.com/workouts/workout/race-pace-1-ej2x
28,Race Pace #1,Beginner,All training plan workouts; Beginner; Threshold,Z4 - Threshold,Z1 - Recovery; Z2 - Endurance; Z3 - Tempo; Z4 - Threshold,01:01:00,61.0,3660,76,0.87,,False,False,"Today's session consists of 5 x 5-minute race pace intervals. However, the target power will ramp up throughout the interval under race conditions. Focus on controlled breathing and pedalling at a cadence similar to your race cadence during the intervals.","warmup 05:00 @ 45% FTP - 70% FTP | 5x [00:30 @ 65%, 00:30 @ 89%] | 03:00 @ 50% | 4x [01:00 @ 92%, 01:00 @ 97%] | 05:00 @ 50% | ramp 05:00 @ 95% FTP - 105% FTP | 01:15 @ 50% | ramp 05:00 @ 95% FTP - 105% FTP | 01:15 @ 50% | ramp 05:00 @ 95% FTP - 105% FTP | 01:15 @ 50% | ramp 05:00 @ 95% FTP - 105% FTP | 01:15 @ 50% | ramp 05:00 @ 95% FTP - 105% FTP | 05:00 @ 50%",race-pace-1,https://mywhooshinfo.com/workouts/workout/race-pace-1
614,Race Pace #2,Threshold,All training plan workouts; Threshold,Z4 - Threshold,Z1 - Recovery; Z2 - Endurance; Z3 - Tempo; Z4 - Threshold,01:06:45,66.8,4005,87,0.89,,False,False,"Today's session consists of 4 x 8-minute race pace intervals. However, the target power will ramp up throughout the interval just as under race conditions. Focus on controlled breathing and pedalling at a cadence similar to your race cadence during the intervals.","warmup 05:00 @ 45% FTP - 70% FTP | 5x [00:30 @ 65%, 00:30 @ 89%] | 03:00 @ 50% | 4x [01:00 @ 92%, 01:00 @ 97%] | 05:00 @ 50% | ramp 08:00 @ 95% FTP - 105% FTP | 01:15 @ 50% | ramp 08:00 @ 95% FTP - 105% FTP | 01:15 @ 50% | ramp 08:00 @ 95% FTP - 105% FTP | 01:15 @ 50% | ramp 08:00 @ 95% FTP - 105% FTP | 05:00 @ 50%",race-pace-2,https://mywhooshinfo.com/workouts/workout/race-pace-2
11201,Race Pace #2,All training plan workouts,All training plan workouts,Z4 - Threshold,Z1 - Recovery; Z2 - Endurance; Z3 - Tempo; Z4 - Threshold,01:07:00,67.0,4020,83,0.86,,True,False,"This session is designed to build your sustainable threshold power. Working at your threshold is a key determinant of success. In Gravel racing, there are often key moments that decide the outcome. Being able to produce high power for a duration of 5 to 20 minutes is crucial in race-winning moves. Today we focus on this domain. This week we aim to complete four intervals. If you struggled last week, or are short on time, repeat that session instead. So only completing three intervals instead of 4.",04:00 @ 55% | 03:00 @ 65% | 03:00 @ 80% | 02:00 @ 90% | 03:00 @ 55% | 08:00 @ 100% | 05:00 @ 55% | 08:00 @ 100% | 05:00 @ 55% | 08:00 @ 100% | 05:00 @ 55% | 08:00 @ 100% | 05:00 @ 55%,race-pace-2-ajyq,https://mywhooshinfo.com/workouts/workout/race-pace-2-ajyq
615,Race Pace #3,Threshold,All training plan workouts; Threshold,Z4 - Threshold,Z1 - Recovery; Z2 - Endurance; Z3 - Tempo; Z4 - Threshold,01:11:00,71.0,4260,93,0.89,,False,False,"Today's session consists of 5 x 7-minute race pace intervals. However, the target power will ramp up throughout the interval just as under race conditions. Focus on controlled breathing and pedalling at a cadence similar to your race cadence during the intervals.","warmup 05:00 @ 45% FTP - 70% FTP | 5x [00:30 @ 65%, 00:30 @ 89%] | 03:00 @ 50% | 4x [01:00 @ 92%, 01:00 @ 97%] | 05:00 @ 50% | ramp 07:00 @ 95% FTP - 105% FTP | 01:15 @ 50% | ramp 07:00 @ 95% FTP - 105% FTP | 01:15 @ 50% | ramp 07:00 @ 95% FTP - 105% FTP | 01:15 @ 50% | ramp 07:00 @ 95% FTP - 105% FTP | 01:15 @ 50% | ramp 07:00 @ 95% FTP - 105% FTP | 05:00 @ 50%",race-pace-3,https://mywhooshinfo.com/workouts/workout/race-pace-3
616,Race Pace #4,Threshold,All training plan workouts; Threshold,Z4 - Threshold,Z1 - Recovery; Z2 - Endurance; Z3 - Tempo; Z4 - Threshold,01:14:45,74.8,4485,101,0.9,,False,False,"Today's session consists of 4 x 10-minute race pace intervals. However, the target power will ramp up throughout the interval just as under race conditions. Focus on controlled breathing and pedalling at a cadence similar to your race cadence during the intervals.","warmup 05:00 @ 45% FTP - 70% FTP | 5x [00:30 @ 65%, 00:30 @ 89%] | 03:00 @ 50% | 4x [01:00 @ 92%, 01:00 @ 97%] | 05:00 @ 50% | ramp 10:00 @ 95% FTP - 105% FTP | 01:15 @ 50% | ramp 10:00 @ 95% FTP - 105% FTP | 01:15 @ 50% | ramp 10:00 @ 95% FTP - 105% FTP | 01:15 @ 50% | ramp 10:00 @ 95% FTP - 105% FTP | 05:00 @ 50%",race-pace-4,https://mywhooshinfo.com/workouts/workout/race-pace-4
617,Race Pace #5,Threshold,All training plan workouts; Threshold,Z4 - Threshold,Z1 - Recovery; Z2 - Endurance; Z3 - Tempo; Z4 - Threshold,01:21:00,81.0,4860,110,0.91,,False,False,"Today's session consists of 5 x 9-minute race pace intervals. However, the target power will ramp up throughout the interval just as under race conditions. Focus on controlled breathing and pedalling at a cadence similar to your race cadence during the intervals.","warmup 05:00 @ 45% FTP - 70% FTP | 5x [00:30 @ 65%, 00:30 @ 89%] | 03:00 @ 50% | 4x [01:00 @ 92%, 01:00 @ 97%] | 05:00 @ 50% | ramp 09:00 @ 95% FTP - 105% FTP | 01:15 @ 50% | ramp 09:00 @ 95% FTP - 105% FTP | 01:15 @ 50% | ramp 09:00 @ 95% FTP - 105% FTP | 01:15 @ 50% | ramp 09:00 @ 95% FTP - 105% FTP | 01:15 @ 50% | ramp 09:00 @ 95% FTP - 105% FTP | 05:00 @ 50%",race-pace-5,https://mywhooshinfo.com/workouts/workout/race-pace-5
618,Race Pace #6,Threshold,All training plan workouts; Threshold,Z4 - Threshold,Z1 - Recovery; Z2 - Endurance; Z3 - Tempo; Z4 - Threshold,01:22:45,82.8,4965,114,0.91,,False,False,"Today's session consists of 4 x 12-minute race pace intervals. However, the target power will ramp up throughout the interval just as under race conditions. Focus on controlled breathing and pedalling at a cadence similar to your race cadence during the intervals.","warmup 05:00 @ 45% FTP - 70% FTP | 5x [00:30 @ 65%, 00:30 @ 89%] | 03:00 @ 50% | 4x [01:00 @ 92%, 01:00 @ 97%] | 05:00 @ 50% | ramp 12:00 @ 95% FTP - 105% FTP | 01:15 @ 50% | ramp 12:00 @ 95% FTP - 105% FTP | 01:15 @ 50% | ramp 12:00 @ 95% FTP - 105% FTP | 01:15 @ 50% | ramp 12:00 @ 95% FTP - 105% FTP | 05:00 @ 50%",race-pace-6,https://mywhooshinfo.com/workouts/workout/race-pace-6
456,Race Preparation - Road Race,Taper,Taper,Z3 - Tempo,Z1 - Recovery; Z2 - Endurance; Z3 - Tempo; Z4 - Threshold; Z5 - VO2Max; Z6 - Anaerobic,57:10,57.2,3430,40,0.65,,True,False,"Leading into your key event or race period, the final steps in your preparation involve a balance of rest and recovery. Generally, this consists of beginning to taper 7-10 days from your event and balancing training with a mix of recovery and intensity. Along with a reduced training volume, a workout featuring a calculated combination of intensity will have you in peak form for race day. Ideally, this workout would be completed 3-4 days before your race, with adequate recovery before and after the session.","warmup 06:00 @ 45% FTP - 70% FTP | 01:00 @ 50% | 01:00 @ 81% | 00:30 @ 50% | 01:00 @ 95% | 00:30 @ 50% | 00:30 @ 109% | 03:00 @ 50% | 04:00 @ 81% | 01:00 @ 50% | 2x [00:10 @ 135%, 05:00 @ 50%] | ramp 06:00 @ 65% FTP - 84% FTP | 05:00 @ 50% | 02:00 @ 95% | 05:00 @ 50% | 2x [00:10 @ 135%, 05:00 @ 50%]",race-preparation-road-race,https://mywhooshinfo.com/workouts/workout/race-preparation-road-race
457,Race Preparation - Time Trial,Taper,All training plan workouts; Taper,Z3 - Tempo,Z1 - Recovery; Z2 - Endurance; Z3 - Tempo; Z4 - Threshold; Z5 - VO2Max,53:00,53.0,3180,38,0.66,Si Bradeley,True,False,"Leading into your key event or race period, the final steps in your preparation involve a balance of rest and recovery. Generally, this consists of beginning to taper 7-10 days from your event and balancing training with a mix of recovery and intensity. Along with a reduced training volume, a workout featuring a calculated combination of intensity will have you in peak form for race day. Ideally, this workout would be completed 3-4 days before your race, with adequate recovery before and after the session.","04:00 @ 50% | ramp 05:00 @ 50% FTP - 75% FTP | 02:00 @ 50% | 01:00 @ 109% | 03:00 @ 50% | 5x [01:00 @ 80%, 04:00 @ 50%] | 04:00 @ 90% | 03:00 @ 50% | 01:00 @ 110% | 05:00 @ 50%",race-preparation-time-trial,https://mywhooshinfo.com/workouts/workout/race-preparation-time-trial
451,Race Ready,Taper,Taper,Z4 - Threshold,Z1 - Recovery; Z2 - Endurance; Z3 - Tempo; Z4 - Threshold; Z6 - Anaerobic,25:00,25.0,1500,23,0.75,,True,False,"If you're a fan of indoor racing, you know firsthand the excitement and speed involved. Experienced indoor racers also know that the opening minutes of an event are intense!To perform at your best, it's crucial to prepare your body beforehand. A proper warmup gradually increases your heart rate, blood flow, and body temperature, enhancing your muscle efficiency. Additionally, it provides oxygen and nutrients to your working muscles, improving your performance.But the benefits of a warmup aren't only physical. It also mentally prepares you for the challenge ahead. By enhancing your focus, concentration, and confidence, you'll be able to perform at your best and achieve your goals.Be sure to time your warmup to finish 10 minutes before your race starts. This way, you'll have time to grab another water bottle and enter the start pen. Best of luck to you! This workout is also available as Video workout by a MyWhoosh coach Si Bradeley","05:00 @ 50% | ramp 08:00 @ 60% FTP - 103% FTP | 02:00 @ 63% | 03:00 @ 95% | 3x [00:54 @ 50%, 00:06 @ 200%] | 04:00 @ 50%",race-ready,https://mywhooshinfo.com/workouts/workout/race-ready
11225,Race Ready + SRC,All training plan workouts,All training plan workouts,Z4 - Threshold,Z1 - Recovery; Z2 - Endurance; Z3 - Tempo; Z4 - Threshold; Z6 - Anaerobic,25:00,25.0,1500,23,0.75,,True,False,"SRC is here! Make sure you have everything you need a couple of hours before the race. That includes laying out your race kit, water bottles, nutrition, towels, headphones, and anything else you need for SRC. 45-60min before the race, it's time to get ready. Once you are kitted up, you can begin your warmup. Aim to finish your warmup 10-20min before the start of the race so that you have plenty of time to refuel, rehydrate, and grab anything else you might need. If you've done your homework during the week, you will know the key points to look out for. SRC offers hard racing from start to finish, so you will need to be ready for anything. Dig deep and give it your best effort today!","05:00 @ 50% | ramp 08:00 @ 60% FTP - 103% FTP | 02:00 @ 63% | 03:00 @ 95% | 3x [00:54 @ 50%, 00:06 @ 200%] | 04:00 @ 50%",race-ready-src,https://mywhooshinfo.com/workouts/workout/race-ready-src
450,Race Ready Pronto,Taper,Taper,Z3 - Tempo,Z1 - Recovery; Z2 - Endurance; Z3 - Tempo; Z4 - Threshold,15:00,15.0,900,13,0.73,,True,False,"For riders who prefer a shorter warmup, our Race Ready Pronto warmup offers the same benefits as the extended version. It is crucial to warmup properly before any event to prepare your body for the work ahead. Gradually increasing your heart rate, blood flow, and body temperature will make your muscles more efficient.The benefits of warming up, however, extend beyond physical preparation. Mentally, a warmup boosts your focus, concentration, and confidence, allowing you to perform at your best and achieve your goals.Remember to complete your warmup 10 minutes before your race starts to ensure optimal performance. This will provide enough time for hydration, entering the start pen, and getting ready to crush your race!","warmup 04:00 @ 45% FTP - 75% FTP | 3x [00:30 @ 85%, 00:30 @ 65%] | 01:00 @ 50% | 03:00 @ 85% | 01:00 @ 50% | 01:00 @ 102% | 02:00 @ 50%",race-ready-pronto,https://mywhooshinfo.com/workouts/workout/race-ready-pronto
102,Race simulation #1,Under 35 min,Under 35 min,Z4 - Threshold,Z1 - Recovery; Z2 - Endurance; Z3 - Tempo; Z4 - Threshold; Z5 - VO2Max; Z6 - Anaerobic,34:30,34.5,2070,43,0.87,,False,True,Racing places the rider under some extreme circumstances. High power with low cadence and long threshold efforts are just some examples of what you will experience racing.,"warmup 04:00 @ 45% FTP - 70% FTP | 01:00 @ 50% | 02:00 @ 70% | 4x [00:10 @ 175%, 00:50 @ 50%] | 03:00 @ 80% | 01:00 @ 50% | 00:45 @ 125% @ 80RPM | ramp 04:15 @ 106% FTP - 88% FTP @ 90RPM | 01:00 @ 110% | ramp 04:00 @ 88% FTP - 106% FTP | 01:00 @ 65% | ramp 02:00 @ 80% FTP - 98% FTP | 00:30 @ 125% @ 60RPM | 02:00 @ 95% | 01:00 @ 110% @ 70RPM | 03:00 @ 50%",race-simulation-1,https://mywhooshinfo.com/workouts/workout/race-simulation-1
251,Race simulation #1,Anaerobic,Anaerobic,Z6 - Anaerobic,Z1 - Recovery; Z2 - Endurance; Z3 - Tempo; Z4 - Threshold; Z5 - VO2Max; Z6 - Anaerobic,59:15,59.2,3555,72,0.86,Si Bradeley,True,True,"Racing places the rider under some extreme circumstances. High power with low cadence and long threshold efforts are just some examples of what you will experience racing. This is a race-simulation session, with intervals representing a race that works on your threshold power. You will get a taste of racing, but you will also get a good training benefit.","warmup 05:00 @ 42% FTP - 70% FTP | 02:00 @ 50% | 03:00 @ 70% | 4x [00:10 @ 175%, 00:50 @ 50%] | 02:00 @ 50% | 04:00 @ 80% | 03:00 @ 50% | 00:45 @ 125% @ 80RPM | ramp 04:15 @ 106% FTP - 88% FTP @ 90RPM | 00:45 @ 125% @ 70RPM | 05:00 @ 80% | 01:00 @ 110% | ramp 07:00 @ 88% FTP - 106% FTP | 02:00 @ 65% | ramp 03:00 @ 80% FTP - 98% FTP | 00:30 @ 125% @ 60RPM | 03:00 @ 95% | ramp 03:00 @ 95% FTP - 107% FTP | 01:00 @ 110% @ 70RPM | 05:00 @ 50%",race-simulation-1-ntoo,https://mywhooshinfo.com/workouts/workout/race-simulation-1-ntoo
252,Race simulation #2,Anaerobic,Anaerobic,Z6 - Anaerobic,Z1 - Recovery; Z2 - Endurance; Z3 - Tempo; Z4 - Threshold; Z5 - VO2Max; Z6 - Anaerobic,55:00,55.0,3300,65,0.84,Si Bradeley,True,False,"Being able to produce short, high power efforts during a race improves your chances of winning. These efforts allow you to establish a break or cross a gap to the breakaway. The riders that win races are the ones who can repeatedly produce these high power efforts. Today we simulate attacking in racing and going to the line!",warmup 06:00 @ 45% FTP - 65% FTP | 01:00 @ 55% | 01:00 @ 80% | 01:00 @ 55% | 01:00 @ 95% | 03:00 @ 55% | 00:30 @ 125% | 05:00 @ 80% | 00:30 @ 140% | 05:00 @ 95% | 05:00 @ 50% | 00:30 @ 125% | 03:00 @ 80% | 00:30 @ 140% | 03:00 @ 109% | 05:00 @ 50% | 00:30 @ 125% | 03:00 @ 91% | 00:30 @ 140% | 02:00 @ 112% | 03:00 @ 50% | cooldown 05:00 @ 55% FTP - 45% FTP,race-simulation-2,https://mywhooshinfo.com/workouts/workout/race-simulation-2
187,Ramp Test - MyWhoosh,Testing,Testing,Z6 - Anaerobic,Z1 - Recovery; Z2 - Endurance; Z3 - Tempo; Z4 - Threshold; Z5 - VO2Max; Z6 - Anaerobic,37:00,37.0,2220,81,1.15,,True,False,"Welcome to the MyWhoosh Ramp test! Today we measure your Maximal Aerobic Power by ramping up the power every minute until exhaustion. We use your peak 1min power to calculate your FTP from this effort. This testing method takes less time to complete than the traditional 20min FTP test, and it also removes the component of pacing from the effort. After completing a low-intensity 5min warmup, the power will increase each minute until you reach failure. It's not necessary to complete each step. Your FTP will be calculated from your peak 1min power produced. It is important to remain seated for this test to provide accurate results. Be prepared; the test starts comfortably but quickly changes! NOTE: ERG mode MUST be on.",05:00 @ 46% | 01:00 @ 52% | 01:00 @ 58% | 01:00 @ 64% | 01:00 @ 70% | 01:00 @ 76% | 01:00 @ 82% | 01:00 @ 88% | 01:00 @ 94% | 01:00 @ 100% | 01:00 @ 106% | 01:00 @ 112% | 01:00 @ 118% | 01:00 @ 124% | 01:00 @ 130% | 01:00 @ 136% | 01:00 @ 142% | 01:00 @ 148% | 01:00 @ 154% | 01:00 @ 160% | 01:00 @ 166% | 01:00 @ 172% | 01:00 @ 178% | 10:00 @ 46%,ramp-test-mywhoosh,https://mywhooshinfo.com/workouts/workout/ramp-test-mywhoosh
11086,Recovery Day,All training plan workouts,All training plan workouts,Rest Day,,00:00,0.0,0,0,0,,False,False,"Today is a rest day. As you improve as a cyclist, you will better understand the importance of rest. More training does not always equal more fitness! Sometimes, the best remedy is to put your feet up, relax and unwind. Enjoy the day off.",,recovery-day,https://mywhooshinfo.com/workouts/workout/recovery-day
10004,Rest Day OR Free-ride volume,All training plan workouts,All training plan workouts,Free Ride,Free Ride,01:00:00,60.0,3600,0,0,,False,False,"Use today in a way that best suits your needs. Take a well-deserved rest day, or if looking to increase your weekly volume, today is the perfect day to achieve this. Your focus each week should first be on completing the set interval workouts. However, if you have the time available to increase your weekly volume, then Zone 2 endurance riding will complement your training plan. Long periods within Zone 2 will benefit any athlete. In this training Zone, we predominately stimulate Type 1 muscle fibres, leading to increased mitochondrial growth and function. You improve your ability to utilise fat as the preferred fuel source and preserve your precious glycogen stores with endurance training. To achieve this riding time within Zone 2, options include joining a low-intensity group ride, or performing a free-ride over a predominately flat course.",01:00:00 @ Free ride,rest-day-or-free-ride-volume,https://mywhooshinfo.com/workouts/workout/rest-day-or-free-ride-volume
166,Retaliate,Fast Fitness,Fast Fitness,Z2 - Endurance,Z1 - Recovery; Z2 - Endurance; Z3 - Tempo; Z4 - Threshold; Z5 - VO2Max; Z6 - Anaerobic,38:20,38.3,2300,35,0.75,,False,False,The intervals are short enough to allow you to repeat the efforts. But hard enough to improve fitness.,"01:00 @ 50% | 01:00 @ 58% | 01:00 @ 63% | 01:00 @ 68% | 01:00 @ 75% | 01:00 @ 50% | 2x [01:00 @ 90%, 01:00 @ 70%] | 02:00 @ 50% | 02:00 @ 80% | 02:00 @ 50% | 01:00 @ 110% | 02:00 @ 60% | 01:00 @ 80% | 01:00 @ 85% | 01:00 @ 90% | 01:00 @ 95% | 04:00 @ 60% | 02:00 @ 95% | 00:10 @ 120% | 01:00 @ 50% | 02:00 @ 95% | 00:10 @ 120% | 01:00 @ 50% | 01:15 @ 55% | 01:15 @ 48% | 01:15 @ 43% | 01:15 @ 35%",retaliate,https://mywhooshinfo.com/workouts/workout/retaliate
167,Right on time,Fast Fitness,Fast Fitness,Z4 - Threshold,Z1 - Recovery; Z2 - Endurance; Z3 - Tempo; Z4 - Threshold; Z5 - VO2Max,47:30,47.5,2850,53,0.82,,False,False,There is no getting away from the benefit of longer steady efforts.,"01:00 @ 45% | 01:30 @ 60% | 01:00 @ 65% | 01:00 @ 70% | 01:00 @ 80% | 01:00 @ 109% | 02:00 @ 50% | 03:00 @ 95% | 02:00 @ 50% | 10:00 @ 88% | 10:00 @ 94% | 03:00 @ 50% | 3x [01:00 @ 98%, 02:00 @ 50%] | 02:00 @ 50%",right-on-time,https://mywhooshinfo.com/workouts/workout/right-on-time
29,Rolling Hills #1,Beginner,Beginner; Endurance,Z2 - Endurance,Z1 - Recovery; Z2 - Endurance; Z3 - Tempo,56:00,56.0,3360,48,0.72,Zelmaré Viljoen,True,False,"This endurance session focuses on replicating the demands of outdoor rolling hills. Like in real life, we have a targeted lower cadence for the hills, but the power is well under threshold. The body of this workout involves repeated medium intensity efforts ranging in length from 2 to 3min.","warmup 05:00 @ 45% FTP - 75% FTP | 01:00 @ 60% | 05:00 @ 80% | 01:00 @ 65% | 5x [00:30 @ 75%, 00:30 @ 90%] | 02:00 @ 65% | 4x [02:00 @ 80%, 03:00 @ 60%] | 2x [03:00 @ 85%, 03:00 @ 60%] | cooldown 05:00 @ 65% FTP - 50% FTP",rolling-hills-1,https://mywhooshinfo.com/workouts/workout/rolling-hills-1
620,Rolling Hills #2,Threshold,Threshold,Z4 - Threshold,Z1 - Recovery; Z2 - Endurance; Z3 - Tempo; Z4 - Threshold; Z5 - VO2Max; Z6 - Anaerobic,01:04:20,64.3,3860,91,0.92,,True,False,"This endurance session focuses on replicating the demands of In Real Life rolling hills. Like IRL, we have a targeted lower cadence for the hills, with the power between hills just under threshold. The body of this workout involves repeated high-intensity efforts ranging in length from 30 to 40sec.","warmup 05:00 @ 45% FTP - 75% FTP | 01:00 @ 60% | 01:00 @ 110% | 01:00 @ 60% | 05:00 @ 80% | 01:00 @ 65% | 5x [00:30 @ 75%, 00:30 @ 90%] | 02:00 @ 65% | 5x [01:30 @ 92%, 00:30 @ 130%] | 02:00 @ 65% | 5x [02:00 @ 92%, 00:40 @ 130%] | 02:00 @ 65% | ramp 10:00 @ 92% FTP - 102% FTP | 01:00 @ 125% | 05:00 @ 50%",rolling-hills-2,https://mywhooshinfo.com/workouts/workout/rolling-hills-2
321,Rolling Hills #3,Endurance,Endurance,Z2 - Endurance,Z1 - Recovery; Z2 - Endurance; Z3 - Tempo,58:30,58.5,3510,50,0.72,,True,False,"This endurance session focuses on replicating the demands of rolling hills. Just as we experience outdoors, we have a targeted lower cadence for the hills, but the power is well under threshold. The body of this workout involves repeated medium intensity efforts ranging in length from 90sec to 3min.","warmup 05:00 @ 45% FTP - 75% FTP | 01:00 @ 60% | 05:00 @ 80% | 01:00 @ 65% | 5x [00:30 @ 75%, 00:30 @ 90%] | 02:00 @ 65% | 7x [01:30 @ 80%, 02:00 @ 60%] | 2x [03:00 @ 85%, 02:00 @ 60%] | cooldown 05:00 @ 65% FTP - 50% FTP",rolling-hills-3,https://mywhooshinfo.com/workouts/workout/rolling-hills-3
621,Rolling Stage,Threshold,All training plan workouts; Threshold,Z4 - Threshold,Z1 - Recovery; Z2 - Endurance; Z3 - Tempo; Z4 - Threshold; Z6 - Anaerobic,01:00:00,60.0,3600,73,0.86,,True,True,"The first 'race-day' simulation of this Climbing Focussed Plan. As we progress through the phases, the training focus becomes more intense and direct towards the end goal. Today we take you through a rolling route of different climbs to push your threshold up and improve your climbing powers. We are taking you through a typical race-day situation!",04:00 @ 55% | 03:00 @ 65% | 03:00 @ 80% @ 78RPM | 02:00 @ 90% | 03:00 @ 55% | 00:10 @ 250% | 00:50 @ 55% | 00:10 @ 250% | 00:50 @ 55% | 04:00 @ 55% | 00:30 @ 150% | 03:00 @ 100% | 02:00 @ 40% | 01:00 @ 95% | 01:00 @ 105% | 01:00 @ 95% | 01:00 @ 105% | 01:00 @ 95% | 01:00 @ 105% | 01:00 @ 95% | 01:00 @ 105% | 05:00 @ 50% | 00:30 @ 150% | 03:00 @ 100% | 02:00 @ 40% | 10:00 @ 95% | 05:00 @ 55%,rolling-stage,https://mywhooshinfo.com/workouts/workout/rolling-stage
30,Rolling Tempo #1,Beginner,All training plan workouts; Beginner; Tempo,Z3 - Tempo,Z1 - Recovery; Z2 - Endurance; Z3 - Tempo,58:00,58.0,3480,50,0.73,,True,True,"Tempo work is the basis of many training programs and is an area of great necessity. The key benefit to completing Tempo work indoors is the lack of interruptions to the effort, and ERG mode makes things much more straightforward. Tempo intervals build a foundation of endurance and fatigue resistance.","03:00 @ 50% | 2x [01:00 @ 75%, 01:00 @ 50%] | 2x [01:00 @ 90%, 01:00 @ 50%] | 03:00 @ 50% | 03:00 @ 80% | 01:00 @ 50% | ramp 06:00 @ 75% FTP - 88% FTP @ 80RPM | 02:00 @ 50% | ramp 06:00 @ 75% FTP - 88% FTP @ 90RPM | 02:00 @ 50% | ramp 06:00 @ 75% FTP - 88% FTP @ 80RPM | 02:00 @ 50% | ramp 06:00 @ 75% FTP - 88% FTP @ 90RPM | 02:00 @ 50% | 03:00 @ 80% | 05:00 @ 50%",rolling-tempo-1,https://mywhooshinfo.com/workouts/workout/rolling-tempo-1
10750,Rolling Tempo #1,All training plan workouts,All training plan workouts,Z3 - Tempo,Z1 - Recovery; Z2 - Endurance; Z3 - Tempo,59:00,59.0,3540,49,0.71,,False,False,"The cadence selected for your intervals will determine the specific muscle fibres that are recruited. Today we are performing lower cadence intervals but with power closer to threshold. After warming up, the session consists of 4 Tempo intervals with cadence varying from 70rpm to 65rpm. The effort should feel like a weights session, not cardiovascular. Avoid gripping the bars tightly; relaxed hands.","05:00 @ 50% | 00:30 @ 65% | 4x [00:30 @ 80%, 00:30 @ 65%] | 00:30 @ 80% | 03:00 @ 50% | 10:00 @ 70% | 02:00 @ 55% | 05:00 @ 83% | 03:00 @ 50% | 05:00 @ 83% | 03:00 @ 50% | 05:00 @ 83% | 03:00 @ 50% | 05:00 @ 83% | 05:00 @ 50%",rolling-tempo-1-irxs,https://mywhooshinfo.com/workouts/workout/rolling-tempo-1-irxs
31,Rolling Tempo #2,Beginner,All training plan workouts; Beginner; Tempo,Z3 - Tempo,Z1 - Recovery; Z2 - Endurance; Z3 - Tempo,01:00:00,60.0,3600,54,0.74,,True,True,"Tempo work is the basis of many training programs and is an area of great necessity. The key benefit to completing Tempo work indoors is the lack of interruptions to the effort, and ERG mode makes things much more straightforward. Tempo intervals build a foundation of endurance and fatigue resistance.","03:00 @ 50% | 2x [01:00 @ 75%, 01:00 @ 50%] | 2x [01:00 @ 90%, 01:00 @ 50%] | 04:00 @ 70% | 03:00 @ 50% | 04:00 @ 80% | 01:00 @ 50% | ramp 06:00 @ 75% FTP - 88% FTP @ 80RPM | ramp 06:00 @ 88% FTP - 75% FTP @ 90RPM | 02:00 @ 50% | ramp 06:00 @ 75% FTP - 88% FTP @ 80RPM | ramp 06:00 @ 88% FTP - 75% FTP @ 90RPM | 02:00 @ 50% | 04:00 @ 80% | 05:00 @ 50%",rolling-tempo-2,https://mywhooshinfo.com/workouts/workout/rolling-tempo-2
10760,Rolling Tempo #2,All training plan workouts,All training plan workouts,Z3 - Tempo,Z1 - Recovery; Z2 - Endurance; Z3 - Tempo,01:07:00,67.0,4020,56,0.71,Lisa Hermansson,False,False,"The cadence selected for your intervals will determine the specific muscle fibres that are recruited. Today we are performing lower cadence intervals but with power closer to threshold. After warming up, the session consists of 5 Tempo intervals with cadence varying from 70rpm to 65rpm. The effort should feel like a weights session, not cardiovascular. Avoid gripping the bars tightly; relaxed hands.","05:00 @ 50% | 00:30 @ 65% | 4x [00:30 @ 80%, 00:30 @ 65%] | 00:30 @ 80% | 03:00 @ 50% | 10:00 @ 70% | 02:00 @ 55% | 05:00 @ 83% | 03:00 @ 50% | 05:00 @ 83% | 03:00 @ 50% | 05:00 @ 83% | 03:00 @ 50% | 05:00 @ 83% | 03:00 @ 50% | 05:00 @ 83% | 05:00 @ 50%",rolling-tempo-2-ockb,https://mywhooshinfo.com/workouts/workout/rolling-tempo-2-ockb
497,Rolling Tempo #3,Tempo,All training plan workouts; Tempo,Z3 - Tempo,Z1 - Recovery; Z2 - Endurance; Z3 - Tempo; Z4 - Threshold,01:02:00,62.0,3720,64,0.79,,True,False,"Tempo work is the basis of many training programs and is an area of great necessity. The key benefit to completing Tempo work indoors is the lack of interruptions to the effort, and ERG mode makes things much more straightforward. Tempo intervals build a foundation of endurance and fatigue resistance.","03:00 @ 50% | 2x [01:00 @ 75%, 01:00 @ 50%] | 2x [01:00 @ 90%, 01:00 @ 50%] | ramp 06:00 @ 76% FTP - 91% FTP | 02:00 @ 91% | ramp 06:00 @ 91% FTP - 76% FTP | 05:00 @ 76% | ramp 06:00 @ 76% FTP - 91% FTP | 02:00 @ 91% | ramp 06:00 @ 91% FTP - 76% FTP | 05:00 @ 76% | ramp 04:00 @ 76% FTP - 80% FTP | 04:00 @ 80% | cooldown 05:00 @ 80% FTP - 55% FTP",rolling-tempo-3,https://mywhooshinfo.com/workouts/workout/rolling-tempo-3
10767,Rolling Tempo #3,All training plan workouts,All training plan workouts,Z3 - Tempo,Z1 - Recovery; Z2 - Endurance; Z3 - Tempo,01:11:00,71.0,4260,63,0.73,,False,False,"The cadence selected for your intervals will determine the specific muscle fibres that are recruited. Today we are performing lower cadence intervals but with power closer to threshold. After warming up, the session consists of 4 Tempo intervals with cadence varying from 70rpm to 65rpm. The effort should feel like a weights session, not cardiovascular. Avoid gripping the bars tightly; relaxed hands.","05:00 @ 50% | 00:30 @ 65% | 4x [00:30 @ 80%, 00:30 @ 65%] | 00:30 @ 80% | 03:00 @ 50% | 10:00 @ 70% | 02:00 @ 55% | 08:00 @ 83% | 03:00 @ 50% | 08:00 @ 83% | 03:00 @ 50% | 08:00 @ 83% | 03:00 @ 50% | 08:00 @ 83% | 05:00 @ 50%",rolling-tempo-3-4g0j,https://mywhooshinfo.com/workouts/workout/rolling-tempo-3-4g0j
498,Rolling Tempo #4,Tempo,All training plan workouts; Tempo,Z3 - Tempo,Z1 - Recovery; Z2 - Endurance; Z3 - Tempo,01:06:00,66.0,3960,59,0.74,,False,True,"The cadence selected for your intervals will determine the specific muscle fibres that are recruited. Today we are performing lower cadence intervals but with power closer to threshold. After warming up, the session consists of 3 Tempo intervals with cadence varying from 70rpm to 65rpm. The effort should feel like a weights session, not cardiovascular. Avoid gripping the bars tightly; relax your hands.","05:00 @ 50% | 00:30 @ 65% | 4x [00:30 @ 80%, 00:30 @ 65%] | 00:30 @ 80% | 03:00 @ 50% | 10:00 @ 70% | 02:00 @ 55% | 10:00 @ 83% @ 70RPM | 03:00 @ 50% | 10:00 @ 83% @ 65RPM | 03:00 @ 50% | 10:00 @ 83% @ 70RPM | 03:00 @ 50% | 02:00 @ 45%",rolling-tempo-4,https://mywhooshinfo.com/workouts/workout/rolling-tempo-4
499,Rolling Tempo #5,Tempo,All training plan workouts; Tempo,Z3 - Tempo,Z1 - Recovery; Z2 - Endurance; Z3 - Tempo,01:19:00,79.0,4740,72,0.74,,False,True,"The cadence selected for your intervals will determine the specific muscle fibres that are recruited. Today we are performing lower cadence intervals but with power closer to threshold. After warming up, the session consists of 3 Tempo intervals with cadence varying from 70rpm to 65rpm. The effort should feel like a weights session, not cardiovascular. Avoid gripping the bars tightly; relax your hands.","05:00 @ 50% | 00:30 @ 65% | 4x [00:30 @ 80%, 00:30 @ 65%] | 00:30 @ 80% | 03:00 @ 50% | 10:00 @ 70% | 02:00 @ 55% | 10:00 @ 83% @ 70RPM | 03:00 @ 50% | 10:00 @ 83% @ 65RPM | 03:00 @ 50% | 10:00 @ 83% @ 70RPM | 03:00 @ 50% | 10:00 @ 83% @ 65RPM | 03:00 @ 50% | 02:00 @ 45%",rolling-tempo-5,https://mywhooshinfo.com/workouts/workout/rolling-tempo-5
322,Season Base #1,Endurance,All training plan workouts; Endurance,Z2 - Endurance,Z1 - Recovery; Z2 - Endurance; Z3 - Tempo; Z4 - Threshold; Z5 - VO2Max,01:00:00,60.0,3600,69,0.83,,False,False,"There are periods of training where we can maintain the gains made in training by implementing carefully structured intensity on occasion. In these workouts, we aren't looking to extend your abilities; instead, we are maintaining the great work you have completed. This session will allow you to maintain your base fitness by touching on some longer, steady-state intervals.","02:00 @ 50% | 2x [01:00 @ 91%, 01:00 @ 50%] | 2x [01:00 @ 107%, 01:00 @ 50%] | 3x [06:00 @ 98%, 02:00 @ 50%] | 20:00 @ 78% | cooldown 06:00 @ 75% FTP - 45% FTP",season-base-1,https://mywhooshinfo.com/workouts/workout/season-base-1
11287,Season Base #1 + Swim,All training plan workouts,All training plan workouts,Z3 - Tempo,Z1 - Recovery; Z2 - Endurance; Z3 - Tempo; Z4 - Threshold; Z5 - VO2Max,01:00:00,60.0,3600,69,0.83,,False,False,"There are periods of training where we can maintain the gains made in training by implementing carefully structured intensity on occasion. In these workouts, we aren't looking to extend your abilities; rather, we are maintaining the great work you have completed. This session will allow you to maintain your base fitness by touching on some longer, steady-state intervals. For your swim session, complete 800 meters total, incorporating one set of 400 meters at a steady effort.","02:00 @ 50% | 2x [01:00 @ 91%, 01:00 @ 50%] | 2x [01:00 @ 107%, 01:00 @ 50%] | 3x [06:00 @ 98%, 02:00 @ 50%] | 20:00 @ 78% | cooldown 06:00 @ 75% FTP - 45% FTP",season-base-1-swim,https://mywhooshinfo.com/workouts/workout/season-base-1-swim
323,Season Base #2,Endurance,All training plan workouts; Endurance,Z2 - Endurance,Z1 - Recovery; Z2 - Endurance; Z3 - Tempo; Z4 - Threshold,01:07:00,67.0,4020,77,0.84,Lisa Hermansson,False,False,"There are periods of training where we can maintain the gains made in training by implementing carefully structured intensity on occasion. In these workouts, we aren't looking to extend your abilities; instead, we are maintaining the great work you have completed. This session will allow you to maintain your base fitness by touching on some longer, steady-state intervals.","03:00 @ 50% | 2x [01:00 @ 81%, 01:00 @ 50%] | 02:00 @ 75% | 01:00 @ 50% | 4x [06:00 @ 98%, 02:00 @ 50%] | 20:00 @ 78% | cooldown 05:00 @ 75% FTP - 45% FTP",season-base-2,https://mywhooshinfo.com/workouts/workout/season-base-2
11294,Season Base #2 + Swim,All training plan workouts,All training plan workouts,Z3 - Tempo,Z1 - Recovery; Z2 - Endurance; Z3 - Tempo; Z4 - Threshold,01:07:00,67.0,4020,77,0.84,,False,False,"There are periods of training where we can maintain the gains made in training by implementing carefully structured intensity on occasion. In these workouts, we aren't looking to extend your abilities; rather, we are maintaining the great work you have completed. This session will allow you to maintain your base fitness by touching on some longer, steady-state intervals. For your swim session, complete 800 meters total, incorporating one set of 400 meters at a steady effort.","03:00 @ 50% | 2x [01:00 @ 81%, 01:00 @ 50%] | 02:00 @ 75% | 01:00 @ 50% | 4x [06:00 @ 98%, 02:00 @ 50%] | 20:00 @ 78% | cooldown 05:00 @ 75% FTP - 45% FTP",season-base-2-swim,https://mywhooshinfo.com/workouts/workout/season-base-2-swim
324,Season Base #3,Endurance,All training plan workouts; Endurance,Z2 - Endurance,Z1 - Recovery; Z2 - Endurance; Z3 - Tempo; Z4 - Threshold,01:14:00,74.0,4440,87,0.84,,False,False,"There are periods of training where we can maintain the gains made in training by implementing carefully structured intensity on occasion. In these workouts, we aren't looking to extend your abilities; instead, we are maintaining the great work you have completed. This session will allow you to maintain your base fitness by touching on some longer, steady-state intervals.","warmup 03:00 @ 50% FTP - 50% FTP | 2x [01:00 @ 95%, 01:00 @ 65%] | 01:00 @ 50% | 03:00 @ 78% | 02:00 @ 50% | 5x [06:00 @ 95%, 02:00 @ 55%] | 15:00 @ 85% | 01:00 @ 55% | cooldown 05:00 @ 75% FTP - 50% FTP",season-base-3,https://mywhooshinfo.com/workouts/workout/season-base-3
11140,Seated Accelerations,All training plan workouts,All training plan workouts,Z3 - Tempo,Z1 - Recovery; Z2 - Endurance; Z3 - Tempo; Z6 - Anaerobic,53:35,53.6,3215,54,0.78,,True,False,Changes in pace often occur in gravel racing. Today's workout replicates those pace changes and gives you some management tips. Follow along with the instructions and enjoy the session!,"warmup 07:00 @ 25% FTP - 75% FTP | 2x [00:55 @ 75%, 01:00 @ 50%] | 05:00 @ 81% | 5x [00:07 @ 300%, 03:00 @ 75%] | 03:00 @ 50% | 5x [00:10 @ 250%, 03:00 @ 50%] | 03:20 @ 65%",seated-accelerations,https://mywhooshinfo.com/workouts/workout/seated-accelerations
168,Second hander,Fast Fitness,Fast Fitness,Z4 - Threshold,Z1 - Recovery; Z2 - Endurance; Z3 - Tempo; Z4 - Threshold,37:30,37.5,2250,46,0.87,,False,False,Just give me 15 minutes today!,"01:40 @ 45% | 01:40 @ 55% | 01:40 @ 65% | 00:30 @ 70% | 4x [00:30 @ 103%, 00:30 @ 70%] | 01:00 @ 45% | 04:00 @ 90% | 01:00 @ 45% | 01:00 @ 102% | 02:00 @ 55% | 15:00 @ 98% | 04:00 @ 55%",second-hander,https://mywhooshinfo.com/workouts/workout/second-hander
10592,SFR Split Cadence,All training plan workouts,All training plan workouts,Z3 - Tempo,Z1 - Recovery; Z2 - Endurance; Z3 - Tempo,01:00:00,60.0,3600,59,0.77,,True,False,"This SFR (Slow-Frequency-Revolution) workout is a split focus session, getting you working at two different cadences ranges. In the Base Phases, there are a lot of long, slow distance miles: Not the best sessions to simulate on the trainer! But there is a focus on 'foundation' training too. So follow along with this SFR workout as we go through the Bread-and-Butter of the early base phase training!","03:00 @ 55% | 03:00 @ 65% | 02:00 @ 80% | 02:00 @ 90% | 03:00 @ 55% | 3x [02:30 @ 86%, 00:30 @ 86%] | 03:00 @ 55% | 3x [02:30 @ 86%, 00:30 @ 86%] | 03:00 @ 55% | 3x [02:30 @ 86%, 00:30 @ 86%] | 03:00 @ 55% | 3x [02:00 @ 75%, 00:30 @ 75%] | 03:30 @ 55%",sfr-split-cadence,https://mywhooshinfo.com/workouts/workout/sfr-split-cadence
421,SFR Split Cadence #1,Sweetspot,Sweetspot,Z3 - Tempo,Z1 - Recovery; Z2 - Endurance; Z3 - Tempo,01:00:00,60.0,3600,59,0.77,,True,True,"This SFR (Slow-Frequency-Revolution) workout is a split focus session, getting you working at two different cadence ranges. In the Base Phases, there are a lot of long, slow distance miles: Not the best sessions to simulate on the trainer! But there is a focus on 'foundation' training too. So follow along with this SFR workout as we go through the Bread-and-Butter of the early base phase training!","03:00 @ 55% | 03:00 @ 65% | 02:00 @ 80% @ 75RPM | 02:00 @ 90% | 03:00 @ 55% | 3x [02:30 @ 86%, 00:30 @ 86%] | 03:00 @ 55% | 3x [02:30 @ 86%, 00:30 @ 86%] | 03:00 @ 55% | 3x [02:30 @ 86%, 00:30 @ 86%] | 03:00 @ 55% | 3x [02:00 @ 75%, 00:30 @ 75%] | 03:30 @ 55%",sfr-split-cadence-1,https://mywhooshinfo.com/workouts/workout/sfr-split-cadence-1
422,SFR Split Cadence #2,Sweetspot,Sweetspot,Z3 - Tempo,Z1 - Recovery; Z2 - Endurance; Z3 - Tempo,01:00:00,60.0,3600,63,0.8,,True,True,"This SFR (Slow-Frequency-Revolution) workout is a split focus session, getting you working at two different cadence ranges and developing on last week's progress. This week we increase the power on the final interval to squeeze you.","03:00 @ 55% | 03:00 @ 65% | 02:00 @ 80% @ 75RPM | 02:00 @ 90% | 03:00 @ 55% | 3x [02:30 @ 86%, 00:30 @ 86%] | 03:00 @ 55% | 3x [02:30 @ 86%, 00:30 @ 86%] | 03:00 @ 55% | 3x [02:30 @ 86%, 00:30 @ 86%] | 03:00 @ 55% | 3x [02:00 @ 90%, 00:30 @ 90%] | 03:30 @ 55%",sfr-split-cadence-2,https://mywhooshinfo.com/workouts/workout/sfr-split-cadence-2
10599,SFR Split Cadence 2,All training plan workouts,All training plan workouts,Z3 - Tempo,Z1 - Recovery; Z2 - Endurance; Z3 - Tempo,01:00:00,60.0,3600,63,0.8,,True,False,"This SFR (Slow-Frequency-Revolution) workout is a split focus session, getting you working at two different cadences ranges. Devloping on last weeks progress. This week we increase the power on the final interval to squeeze you.","03:00 @ 55% | 03:00 @ 65% | 02:00 @ 80% | 02:00 @ 90% | 03:00 @ 55% | 3x [02:30 @ 86%, 00:30 @ 86%] | 03:00 @ 55% | 3x [02:30 @ 86%, 00:30 @ 86%] | 03:00 @ 55% | 3x [02:30 @ 86%, 00:30 @ 86%] | 03:00 @ 55% | 3x [02:00 @ 90%, 00:30 @ 90%] | 03:30 @ 55%",sfr-split-cadence-2-k96p,https://mywhooshinfo.com/workouts/workout/sfr-split-cadence-2-k96p
169,Shiver and shake,Fast Fitness,Fast Fitness,Z3 - Tempo,Z1 - Recovery; Z2 - Endurance; Z3 - Tempo; Z5 - VO2Max; Z6 - Anaerobic,53:30,53.5,3210,56,0.79,,False,False,"Building endurance doesn't just involve long, low power efforts. In this session, we challenge your aerobic fitness with various efforts.","01:15 @ 45% | 01:15 @ 56% | 01:15 @ 64% | 01:15 @ 75% | 00:30 @ 65% | 4x [00:30 @ 106%, 00:30 @ 65%] | 03:00 @ 50% | 00:30 @ 125% | 02:00 @ 65% | 02:00 @ 70% | 02:00 @ 75% | 02:00 @ 80% | 02:00 @ 85% | 4x [00:15 @ 150%, 03:00 @ 76%] | 01:00 @ 75% | 01:00 @ 63% | 01:00 @ 50% | 00:30 @ 125% | 03:00 @ 90% | 03:00 @ 83% | 03:00 @ 76% | 01:15 @ 75% | 01:15 @ 64% | 01:15 @ 56% | 01:15 @ 45%",shiver-and-shake,https://mywhooshinfo.com/workouts/workout/shiver-and-shake
695,Short Climb Race Simulation,VO2max,All training plan workouts; VO2max,Z5 - VO2Max,Z1 - Recovery; Z2 - Endurance; Z4 - Threshold; Z5 - VO2Max; Z6 - Anaerobic,01:00:00,60.0,3600,81,0.91,,True,False,"Climbing encompasses a range of durations and intensities, especially when it comes to racing up those climbs! You are drawing on all of your hard work in the preceding weeks. Today is the day to push yourself and show us what you have got! Today we simulate a race situation with multiple short climbs.",05:00 @ 50% | 04:00 @ 70% | 00:30 @ 150% | 03:00 @ 55% | 03:00 @ 112% | 03:00 @ 55% | 03:00 @ 112% | 03:00 @ 55% | 03:00 @ 112% | 03:00 @ 55% | 03:00 @ 112% | 05:00 @ 55% | 01:00 @ 130% | 05:00 @ 100% | 05:00 @ 55% | 01:00 @ 130% | 04:00 @ 100% | 00:30 @ 170% | 05:00 @ 50%,short-climb-race-simulation,https://mywhooshinfo.com/workouts/workout/short-climb-race-simulation
32,Speed Sprints,Beginner,All training plan workouts; Beginner; Sprint,Z2 - Endurance,Free Ride; Z1 - Recovery; Z2 - Endurance; Z3 - Tempo; Z4 - Threshold; Z5 - VO2Max; Z6 - Anaerobic,59:00,59.0,3540,46,0.69,,True,False,"Today we are looking for leg speed! With no target power in the sprints, you can focus on fast legs for the effort. Power is not the focus, so with this in mind, the 'speed' intervals are performed as a 'free-ride' section. The goal is long sprints with high cadence!","05:00 @ 50% | 2x [00:10 @ 175%, 00:50 @ 50%] | 02:00 @ 50% | 01:00 @ 109% | 02:00 @ 50% | 05:00 @ 80% | 02:00 @ 50% | 03:00 @ 100% | 03:00 @ 50% | 00:30 @ Free ride | 04:30 @ 65% | 00:30 @ Free ride | 04:30 @ 65% | 00:30 @ Free ride | 04:30 @ 65% | 00:30 @ Free ride | 04:30 @ 65% | 00:30 @ Free ride | 04:30 @ 65% | 00:30 @ Free ride | 04:30 @ 65% | 04:00 @ 50%",speed-sprints,https://mywhooshinfo.com/workouts/workout/speed-sprints
11009,Spiked Aerobic,All training plan workouts,All training plan workouts,Z2 - Endurance,Z1 - Recovery; Z2 - Endurance; Z3 - Tempo; Z5 - VO2Max,45:00,45.0,2700,41,0.75,,True,False,"Interval training doesn't always need to have periods of low-intensity recovery. In today's session, we are completing short Zone 3 efforts with a more extended rest period which has some intensity to it. The intensity is low enough that the interval can be completed comfortably, yet still creating enough of a stress to improve aerobic capabilities.","warmup 05:00 @ 40% FTP - 70% FTP | 01:00 @ 50% | 01:00 @ 109% | 03:00 @ 50% | 3x [03:00 @ 88%, 07:00 @ 73%] | 05:00 @ 50%",spiked-aerobic,https://mywhooshinfo.com/workouts/workout/spiked-aerobic
33,Spiked Aerobic #1,Beginner,Beginner; Endurance,Z2 - Endurance,Z1 - Recovery; Z2 - Endurance; Z3 - Tempo; Z5 - VO2Max,45:00,45.0,2700,41,0.75,,True,False,"Interval training doesn't always need to have periods of low-intensity recovery. In today's session, we are completing short Zone 3 efforts with a more extended rest period which has some intensity to it. The intensity is low enough that the interval can be completed comfortably yet creates enough stress to improve aerobic capabilities.","warmup 05:00 @ 40% FTP - 70% FTP | 01:00 @ 50% | 01:00 @ 109% | 03:00 @ 50% | 3x [03:00 @ 88%, 07:00 @ 73%] | 05:00 @ 50%",spiked-aerobic-1,https://mywhooshinfo.com/workouts/workout/spiked-aerobic-1
326,Spiked Aerobic #2,Endurance,Endurance,Z2 - Endurance,Z1 - Recovery; Z2 - Endurance; Z3 - Tempo; Z5 - VO2Max,01:00:00,60.0,3600,54,0.74,,True,False,"Interval training doesn't always need to have periods of low-intensity recovery. In today's session, we are completing short Zone 3 efforts with a more extended rest period which has some intensity to it. The intensity is low enough that the interval can be completed comfortably yet creates enough stress to improve aerobic capabilities.","warmup 05:00 @ 40% FTP - 70% FTP | 01:00 @ 50% | 01:00 @ 109% | 03:00 @ 50% | 2x [03:00 @ 88%, 07:00 @ 73%] | 05:00 @ 50% | 2x [03:00 @ 88%, 07:00 @ 73%] | 05:00 @ 50%",spiked-aerobic-2,https://mywhooshinfo.com/workouts/workout/spiked-aerobic-2
253,Spin up #1,Anaerobic,Anaerobic,Z6 - Anaerobic,Z1 - Recovery; Z2 - Endurance; Z3 - Tempo; Z4 - Threshold; Z5 - VO2Max; Z6 - Anaerobic,56:00,56.0,3360,57,0.79,,True,True,"Today is all about leg speed! You will come across racing and training situations that require you to produce high cadence and high power. For 1min, we will build cadence from fast to faster! This workout is also available as Video workout by a MyWhoosh coach Zelmaré Viljoen","05:00 @ 50% | ramp 04:00 @ 50% FTP - 75% FTP | 02:00 @ 80% | 01:00 @ 55% | 3x [01:00 @ 85%, 01:00 @ 60%] | 01:00 @ 55% | 03:00 @ 95% | 01:00 @ 55% | 04:00 @ 80% | ramp 00:30 @ 80% FTP - 110% FTP @ 100RPM | 00:30 @ 125% @ 110RPM | 01:00 @ 55% | 04:00 @ 80% | ramp 00:30 @ 80% FTP - 110% FTP @ 100RPM | 00:30 @ 125% @ 110RPM | 01:00 @ 55% | 04:00 @ 80% | ramp 00:30 @ 80% FTP - 110% FTP @ 100RPM | 00:30 @ 125% @ 110RPM | 01:00 @ 55% | 04:00 @ 80% | ramp 00:30 @ 80% FTP - 110% FTP @ 100RPM | 00:30 @ 125% @ 110RPM | 01:00 @ 55% | ramp 03:00 @ 65% FTP - 95% FTP | 01:00 @ 105% @ 110RPM | 05:00 @ 50%",spin-up-1,https://mywhooshinfo.com/workouts/workout/spin-up-1
254,Spin up #2,Anaerobic,Anaerobic,Z6 - Anaerobic,Z1 - Recovery; Z2 - Endurance; Z3 - Tempo; Z4 - Threshold; Z5 - VO2Max,59:00,59.0,3540,62,0.8,Zelmaré Viljoen,True,True,"Today is all about leg speed! You will come across racing and training situations that require you to produce high cadence and high power. For 90sec, we will build cadence from fast to faster! This session builds upon the work completed in the Spin up #1 workout.","05:00 @ 50% | ramp 04:00 @ 50% FTP - 75% FTP | 02:00 @ 80% | 01:00 @ 55% | 3x [01:00 @ 85%, 01:00 @ 60%] | 01:00 @ 55% | 03:00 @ 95% | 01:00 @ 55% | 04:00 @ 80% | ramp 00:45 @ 80% FTP - 110% FTP @ 100RPM | 00:45 @ 115% @ 110RPM | 01:00 @ 55% | 04:00 @ 80% | ramp 00:45 @ 80% FTP - 110% FTP @ 100RPM | 00:45 @ 115% @ 110RPM | 01:00 @ 55% | 04:00 @ 80% | ramp 00:45 @ 80% FTP - 110% FTP @ 100RPM | 00:45 @ 115% @ 110RPM | 01:00 @ 55% | 04:00 @ 80% | ramp 00:45 @ 80% FTP - 110% FTP @ 100RPM | 00:45 @ 115% @ 110RPM | 01:00 @ 55% | ramp 03:00 @ 65% FTP - 95% FTP | 02:00 @ 105% @ 110RPM | 05:00 @ 50%",spin-up-2,https://mywhooshinfo.com/workouts/workout/spin-up-2
255,Spin up #3,Anaerobic,Anaerobic,Z6 - Anaerobic,Z1 - Recovery; Z2 - Endurance; Z3 - Tempo; Z4 - Threshold; Z5 - VO2Max,01:00:00,60.0,3600,64,0.8,Zelmaré Viljoen,True,True,"Today is all about leg speed! You will come across racing and training situations that require you to produce high cadence and high power. For 105sec, we will build cadence from fast to faster! This session builds upon the work completed in the Spin up #2 workout.","05:00 @ 50% | ramp 04:00 @ 50% FTP - 75% FTP | 02:00 @ 80% | 01:00 @ 55% | 3x [01:00 @ 85%, 01:00 @ 60%] | 01:00 @ 55% | 03:00 @ 95% | 01:00 @ 55% | 04:00 @ 80% | ramp 01:00 @ 80% FTP - 110% FTP @ 100RPM | 00:45 @ 115% @ 110RPM | 01:00 @ 55% | 04:00 @ 80% | ramp 01:00 @ 80% FTP - 110% FTP @ 100RPM | 00:45 @ 115% @ 110RPM | 01:00 @ 55% | 04:00 @ 80% | ramp 01:00 @ 80% FTP - 110% FTP @ 100RPM | 00:45 @ 115% @ 110RPM | 01:00 @ 55% | 04:00 @ 80% | ramp 01:00 @ 80% FTP - 110% FTP @ 100RPM | 00:45 @ 115% @ 110RPM | 01:00 @ 55% | ramp 03:00 @ 65% FTP - 95% FTP | 02:00 @ 105% @ 110RPM | 05:00 @ 50%",spin-up-3,https://mywhooshinfo.com/workouts/workout/spin-up-3
327,Split Cadence,Endurance,All training plan workouts; Endurance,Z2 - Endurance,Z1 - Recovery; Z2 - Endurance,01:09:40,69.7,4180,51,0.67,,True,True,"This session will help improve your pedalling efficiency and increase your cardiovascular capacity. We are building on the last phase with more extended time in the zone! Most of the workout should be carried out at Zone 2 - roughly the power you would maintain on a steady road ride. Not too hard, not too easy.",warmup 07:00 @ 40% FTP - 60% FTP | 03:00 @ 70% @ 90RPM | 00:10 @ 70% @ 120RPM | 03:00 @ 70% @ 90RPM | 00:10 @ 70% @ 120RPM | 03:00 @ 70% @ 90RPM | 00:10 @ 70% @ 120RPM | 03:00 @ 70% @ 90RPM | 00:10 @ 70% @ 120RPM | 03:00 @ 70% @ 90RPM | 00:10 @ 70% @ 120RPM | 03:00 @ 50% | 03:00 @ 70% @ 90RPM | 00:10 @ 70% @ 120RPM | 03:00 @ 70% @ 90RPM | 00:10 @ 70% @ 120RPM | 03:00 @ 70% @ 90RPM | 00:10 @ 70% @ 120RPM | 03:00 @ 70% @ 90RPM | 00:10 @ 70% @ 120RPM | 03:00 @ 70% @ 90RPM | 00:10 @ 70% @ 120RPM | 03:00 @ 50% | 03:00 @ 70% @ 90RPM | 01:00 @ 70% @ 120RPM | 03:00 @ 70% @ 90RPM | 01:00 @ 70% @ 120RPM | 03:00 @ 70% @ 90RPM | 01:00 @ 70% @ 120RPM | 03:00 @ 70% @ 90RPM | 01:00 @ 70% @ 120RPM | 03:00 @ 70% @ 90RPM | 01:00 @ 70% @ 120RPM | 05:00 @ 55%,split-cadence,https://mywhooshinfo.com/workouts/workout/split-cadence
379,Sprint Capacity #1,Sprint,Sprint,Z6 - Anaerobic,Z1 - Recovery; Z2 - Endurance; Z3 - Tempo; Z4 - Threshold; Z6 - Anaerobic,56:17,56.3,3377,73,0.89,Zelmaré Viljoen,True,True,"Welcome to a challenging Sprint Capacity workout - testing your ability to go into the red and working both your sprint and sustainable powers and taking you deep into the red, recovering -albeit only slightly- and then coming back up with the power. Dig in today; this session can help make you a race winner!","02:00 @ 55% | 03:00 @ 65% | 03:00 @ 80% @ 75RPM | 02:00 @ 90% | 03:00 @ 55% | 2x [00:10 @ 170%, 00:50 @ 55%] | 04:00 @ 55% | 00:15 @ 300% | 00:30 @ 60% | 03:00 @ 85% | 05:00 @ 93% | 04:00 @ 50% | 00:15 @ 300% | 00:30 @ 60% | 03:00 @ 85% | 05:00 @ 93% | 04:00 @ 50% | 00:17 @ 300% | 00:30 @ 60% | 03:00 @ 85% | 05:00 @ 93% | 03:00 @ 50%",sprint-capacity-1,https://mywhooshinfo.com/workouts/workout/sprint-capacity-1
378,Sprint Capacity #2,Sprint,Sprint,Z6 - Anaerobic,Free Ride; Z1 - Recovery; Z2 - Endurance; Z3 - Tempo; Z4 - Threshold; Z6 - Anaerobic,56:17,56.3,3377,77,0.91,,True,True,"Welcome to a challenging Sprint Capacity workout - testing your ability to go into the red and working both your sprint and sustainable powers and taking you deep into the red, recovering -albeit only slightly- and then coming back up with the power. Dig in today; this session can help make you a race winner!","02:00 @ 55% | 03:00 @ 65% | 03:00 @ 80% @ 75RPM | 02:00 @ 90% | 03:00 @ 55% | 2x [00:10 @ 170%, 00:50 @ 55%] | 04:00 @ 55% | 00:15 @ 300% | 00:30 @ Free ride | 03:00 @ 85% | 05:00 @ 93% | 04:00 @ 50% | 00:15 @ 300% | 00:30 @ Free ride | 03:00 @ 85% | 05:00 @ 93% | 04:00 @ 50% | 00:17 @ 300% | 00:30 @ Free ride | 03:00 @ 85% | 05:00 @ 93% | 03:00 @ 50%",sprint-capacity-2,https://mywhooshinfo.com/workouts/workout/sprint-capacity-2
10926,Sprint Capacity Workout,All training plan workouts,All training plan workouts,Z4 - Threshold,Z1 - Recovery; Z2 - Endurance; Z3 - Tempo; Z4 - Threshold; Z6 - Anaerobic,56:17,56.3,3377,73,0.89,,True,False,"Welcome to a tough Sprint Capacity workout - testing your ability to go into the red. Working both your sprint and sustainable powers. Taking you deep into the red, recovering -albeit only slightly- and then coming back up with the power. Dig in today, this is a session that can help make you a race winner!","02:00 @ 55% | 03:00 @ 65% | 03:00 @ 80% | 02:00 @ 90% | 03:00 @ 55% | 2x [00:10 @ 170%, 00:50 @ 55%] | 04:00 @ 55% | 00:15 @ 300% | 00:30 @ 60% | 03:00 @ 85% | 05:00 @ 93% | 04:00 @ 50% | 00:15 @ 300% | 00:30 @ 60% | 03:00 @ 85% | 05:00 @ 93% | 04:00 @ 50% | 00:17 @ 300% | 00:30 @ 60% | 03:00 @ 85% | 05:00 @ 93% | 03:00 @ 50%",sprint-capacity-workout,https://mywhooshinfo.com/workouts/workout/sprint-capacity-workout
10940,Sprint Capacity Workout 2,All training plan workouts,All training plan workouts,Z4 - Threshold,Free Ride; Z1 - Recovery; Z2 - Endurance; Z3 - Tempo; Z4 - Threshold; Z6 - Anaerobic,56:17,56.3,3377,77,0.91,,True,False,"Welcome to a tough Sprint Capacity workout - testing your ability to go into the red. Working both your sprint and sustainable powers. Taking you deep into the red, recovering -albeit only slightly- and then coming back up with the power. Dig in today, this is a session that can help make you a race winner!","02:00 @ 55% | 03:00 @ 65% | 03:00 @ 80% | 02:00 @ 90% | 03:00 @ 55% | 2x [00:10 @ 170%, 00:50 @ 55%] | 04:00 @ 55% | 00:15 @ 300% | 00:30 @ Free ride | 03:00 @ 85% | 05:00 @ 93% | 04:00 @ 50% | 00:15 @ 300% | 00:30 @ Free ride | 03:00 @ 85% | 05:00 @ 93% | 04:00 @ 50% | 00:17 @ 300% | 00:30 @ Free ride | 03:00 @ 85% | 05:00 @ 93% | 03:00 @ 50%",sprint-capacity-workout-2,https://mywhooshinfo.com/workouts/workout/sprint-capacity-workout-2
380,Sprint Lead Outs,Sprint,All training plan workouts; Sprint,Z6 - Anaerobic,Z1 - Recovery; Z2 - Endurance; Z3 - Tempo; Z4 - Threshold; Z5 - VO2Max; Z6 - Anaerobic,59:00,59.0,3540,74,0.87,,True,True,This workout takes you through a series of sprint lead-outs. From the first person in the line to the one sprinting for the finish! You will go through the different roles of riders throughout this session.,04:00 @ 50% | 03:00 @ 65% | 03:00 @ 84% @ 75RPM | 02:00 @ 100% | 03:00 @ 50% | 00:10 @ 200% | 00:50 @ 50% | 00:10 @ 200% | 00:50 @ 50% | 02:00 @ 50% | 05:00 @ 83% | 02:00 @ 120% | 03:00 @ 50% | 04:00 @ 80% | 02:00 @ 110% | 00:30 @ 120% | 00:30 @ 130% | 00:30 @ 135% | 05:00 @ 55% | ramp 01:00 @ 100% FTP - 220% FTP | 03:00 @ 60% | 02:00 @ 85% | 00:30 @ 150% | 02:00 @ 91% | 02:00 @ 95% | 00:10 @ 105% | 00:10 @ 210% | 06:40 @ 50%,sprint-lead-outs,https://mywhooshinfo.com/workouts/workout/sprint-lead-outs
381,Sprint Starts,Sprint,All training plan workouts; Sprint,Z6 - Anaerobic,Free Ride; Z1 - Recovery; Z2 - Endurance; Z3 - Tempo; Z4 - Threshold; Z6 - Anaerobic,52:40,52.7,3160,43,0.7,,True,True,"Perfecting your explosivity and power with sprint starts. This workout builds on the previous sessions' sprint technique and torque work. We will simulate a series of efforts, working on your initial explosive power, high-torque starts, and how to get up to speed quick! You can complete this workout in ERG. Mode, as the sprints will be completed during a 'free ride' section. So it is up to you to adjust your gears.",04:00 @ 50% | 03:00 @ 65% | 03:00 @ 84% @ 75RPM | 02:00 @ 100% | 03:00 @ 50% | 00:10 @ 200% | 00:50 @ 50% | 00:10 @ 200% | 00:50 @ 50% | 02:00 @ 50% | 05:00 @ 83% | 03:20 @ 50% | 00:10 @ Free ride | 00:30 @ 50% | 03:30 @ 81% @ 50RPM | 00:10 @ Free ride | 03:00 @ 50% | 00:30 @ Free ride | 03:00 @ 60% | 00:10 @ Free ride | 00:30 @ 50% | 03:30 @ 81% @ 50RPM | 00:10 @ Free ride | 03:00 @ 50% | 00:30 @ Free ride | 06:40 @ 50%,sprint-starts,https://mywhooshinfo.com/workouts/workout/sprint-starts
10853,Sprint Starts,All training plan workouts,All training plan workouts,Z3 - Tempo,Free Ride; Z1 - Recovery; Z2 - Endurance; Z3 - Tempo; Z4 - Threshold; Z6 - Anaerobic,55:40,55.7,3340,47,0.72,,True,False,"This workout builds on the sprint technique and torque work of the previous sessions. Perfecting your explosivity and power with sprint starts. We will simulate a series of efforts, working on your initial explosive power, high-torque starts, and how to get upto speed quick! You can complete this workout in ERG. mode, as the sprints will be completed during a 'free ride' section. So it is up to you to adjust your gears.",04:00 @ 50% | 03:00 @ 65% | 03:00 @ 84% | 03:00 @ 100% | 03:00 @ 50% | 00:10 @ 200% | 00:50 @ 50% | 00:10 @ 200% | 00:50 @ 50% | 02:00 @ 50% | 07:00 @ 83% | 03:20 @ 50% | 00:10 @ Free ride | 00:30 @ 50% | 03:30 @ 81% | 00:10 @ Free ride | 03:00 @ 50% | 00:30 @ Free ride | 03:00 @ 60% | 00:10 @ Free ride | 00:30 @ 50% | 03:30 @ 81% | 00:10 @ Free ride | 03:00 @ 50% | 00:30 @ Free ride | 06:40 @ 50%,sprint-starts-jchp,https://mywhooshinfo.com/workouts/workout/sprint-starts-jchp
382,Sprint Technique #1,Sprint,Sprint,Z6 - Anaerobic,Z1 - Recovery; Z2 - Endurance; Z3 - Tempo; Z6 - Anaerobic,54:10,54.2,3250,68,0.87,,True,False,"Welcome to the first workout of this sprint focused plan. Today we will introduce you to some technique-specific drills related to sprinting. You might not hit your best power today. But hopefully, with the skills you pick up from today, you will become a faster sprinter! Follow along with the instructions throughout the workout and enjoy this tough session. **This session is best completed with ERG mode turned off**","warmup 07:00 @ 25% FTP - 75% FTP | 2x [00:55 @ 75%, 01:00 @ 50%] | 05:00 @ 81% | 5x [00:07 @ 300%, 03:00 @ 75%] | 03:00 @ 81% | 5x [00:17 @ 250%, 03:00 @ 50%] | 03:20 @ 65%",sprint-technique-1,https://mywhooshinfo.com/workouts/workout/sprint-technique-1
383,Sprint Technique #2,Sprint,Sprint,Z6 - Anaerobic,Z1 - Recovery; Z2 - Endurance; Z3 - Tempo; Z6 - Anaerobic,57:27,57.5,3447,73,0.88,,True,False,"A repeat of the previous sprint sessions, but with a progression in the duration and repetitions. Try and progress from last week with a higher power, better form and more explosivity. Follow along with the instructions throughout the workout and enjoy this tough session. **This session is best completed with ERG mode turned off**","warmup 07:00 @ 25% FTP - 75% FTP | 2x [00:55 @ 75%, 01:00 @ 50%] | 05:00 @ 81% | 5x [00:07 @ 300%, 03:00 @ 75%] | 03:00 @ 81% | 6x [00:17 @ 250%, 03:00 @ 50%] | 03:20 @ 65%",sprint-technique-2,https://mywhooshinfo.com/workouts/workout/sprint-technique-2
384,Sprint Technique #3,Sprint,Sprint,Z6 - Anaerobic,Z1 - Recovery; Z2 - Endurance; Z3 - Tempo; Z6 - Anaerobic,01:02:34,62.6,3754,80,0.88,,True,False,"A repeat of the previous sprint sessions, but with a progression in the duration and repetitions. Try and progress from last week with a higher power, better form and more explosivity. Follow along with the instructions throughout the workout and enjoy this tough session. **This session is best completed with ERG mode turned off**","warmup 07:00 @ 25% FTP - 75% FTP | 2x [00:55 @ 75%, 01:00 @ 50%] | 07:00 @ 81% | 6x [00:07 @ 300%, 03:00 @ 75%] | 03:00 @ 81% | 6x [00:17 @ 250%, 03:00 @ 50%] | 03:20 @ 65%",sprint-technique-3,https://mywhooshinfo.com/workouts/workout/sprint-technique-3
10842,Sprint Technique 1,All training plan workouts,All training plan workouts,Z3 - Tempo,Z1 - Recovery; Z2 - Endurance; Z3 - Tempo; Z6 - Anaerobic,54:10,54.2,3250,68,0.87,,True,False,"Welcome to the first workout of this sprint focussed plan. Today we will introduce you to some technique specific drills related to sprinting. You might not hit your best ever power today. But hopefully with the skills you pick up from today, you will become a faster sprinter! Follow along with the instructions throughout the workout and enjoy this tough session. **This session is best completed with ERG mode turned off**","warmup 07:00 @ 25% FTP - 75% FTP | 2x [00:55 @ 75%, 01:00 @ 50%] | 05:00 @ 81% | 5x [00:07 @ 300%, 03:00 @ 75%] | 03:00 @ 81% | 5x [00:17 @ 250%, 03:00 @ 50%] | 03:20 @ 65%",sprint-technique-1-jsg9,https://mywhooshinfo.com/workouts/workout/sprint-technique-1-jsg9
10856,Sprint Technique 2,All training plan workouts,All training plan workouts,Z3 - Tempo,Z1 - Recovery; Z2 - Endurance; Z3 - Tempo; Z6 - Anaerobic,57:27,57.5,3447,73,0.88,,True,False,"A repeat of the previous sprint sessions, but with a progression on the duration and repetitions. Try and progress from last week, with higher power, better form and more explosivity. Follow along with the instructions throughout the workout and enjoy this tough session. **This session is best completed with ERG mode turned off**","warmup 07:00 @ 25% FTP - 75% FTP | 2x [00:55 @ 75%, 01:00 @ 50%] | 05:00 @ 81% | 5x [00:07 @ 300%, 03:00 @ 75%] | 03:00 @ 81% | 6x [00:17 @ 250%, 03:00 @ 50%] | 03:20 @ 65%",sprint-technique-2-apfj,https://mywhooshinfo.com/workouts/workout/sprint-technique-2-apfj
10863,Sprint Technique 3,All training plan workouts,All training plan workouts,Z3 - Tempo,Z1 - Recovery; Z2 - Endurance; Z3 - Tempo; Z6 - Anaerobic,01:02:34,62.6,3754,80,0.88,,True,False,"A repeat of the previous sprint sessions, but with a progression on the duration and repetitions. Try and progress from last week, with higher power, better form and more explosivity. Follow along with the instructions throughout the workout and enjoy this tough session. **This session is best completed with ERG mode turned off**","warmup 07:00 @ 25% FTP - 75% FTP | 2x [00:55 @ 75%, 01:00 @ 50%] | 07:00 @ 81% | 6x [00:07 @ 300%, 03:00 @ 75%] | 03:00 @ 81% | 6x [00:17 @ 250%, 03:00 @ 50%] | 03:20 @ 65%",sprint-technique-3-hahm,https://mywhooshinfo.com/workouts/workout/sprint-technique-3-hahm
385,Sprint Workout,Sprint,All training plan workouts; Sprint,Z6 - Anaerobic,Z1 - Recovery; Z2 - Endurance; Z3 - Tempo; Z6 - Anaerobic,01:00:00,60.0,3600,61,0.79,,True,True,"Channel your inner sprinter, piecing together a lot of the work completed in previous weeks. We include all three types of sprints - High Torque, High Power and Pre-Loaded Efforts - I will explain all in the session! **IMPORTANT** Turn erg OFF for this workout.","04:00 @ 55% | 03:00 @ 65% | 02:00 @ 80% @ 75RPM | 02:00 @ 90% | 02:00 @ 55% | 2x [02:30 @ 86%, 00:10 @ 86%] | 04:00 @ 55% | 3x [00:07 @ 350%, 02:00 @ 55%] | 03:00 @ 55% | 3x [00:07 @ 350%, 02:00 @ 55%] | 03:00 @ 55% | 3x [00:07 @ 350%, 02:00 @ 55%] | 03:00 @ 55% | 00:10 @ 300% | 00:20 @ 40% | 00:07 @ 250% | 02:00 @ 55% | 00:10 @ 300% | 00:20 @ 40% | 00:07 @ 250% | 02:00 @ 55% | 04:23 @ 55%",sprint-workout,https://mywhooshinfo.com/workouts/workout/sprint-workout
696,Sprint/MAP/Sprint,VO2max,All training plan workouts; VO2max,Z5 - VO2Max,Z1 - Recovery; Z2 - Endurance; Z3 - Tempo; Z4 - Threshold; Z6 - Anaerobic,56:30,56.5,3390,78,0.91,,True,True,This is a challenging session. Get into the right mindset to hurt yourself. A 5-second sprint bookends each effort. Then 3m30s at your MAP (Maximal Aerobic Power). You are testing your fatigue resistance with the final sprint! The sprints simulate an attack in a race. They will also spike the effort.,"04:00 @ 60% | 03:00 @ 70% @ 85RPM | 02:00 @ 80% @ 75RPM | 02:00 @ 103% | 03:00 @ 55% | 3x [00:07 @ 175%, 01:23 @ 55%] | 03:00 @ 55% | 00:05 @ 400% | 03:30 @ 120% | 00:05 @ 400% | 07:00 @ 55% | 00:05 @ 400% | 03:30 @ 120% | 00:05 @ 400% | 07:00 @ 55% | 00:05 @ 400% | 03:30 @ 120% | 00:05 @ 400% | 03:00 @ 55% | 07:00 @ 50%",sprint-map-sprint,https://mywhooshinfo.com/workouts/workout/sprint-map-sprint
10963,Sprint/MAP/Sprint,All training plan workouts,All training plan workouts,Z6 - Anaerobic,Z1 - Recovery; Z2 - Endurance; Z3 - Tempo; Z4 - Threshold; Z6 - Anaerobic,01:07:10,67.2,4030,97,0.93,,True,False,This is a tough session...get into the right mindset to hurt yourself. Each effort is bookended by a 5 second sprint. Then 3m30s at your MAP (Maximal Aerobic Power). The sprints simulate an attack in a race. They will also spike the effort. Testing your fatigue resistance with the final sprint! This week we have one extra effort! Only move onto this session if you managed to complete all 3 intervals last week. If not repeat last weeks session before attempting this one.,"04:00 @ 60% | 03:00 @ 70% | 02:00 @ 80% | 02:00 @ 103% | 03:00 @ 55% | 3x [00:07 @ 175%, 01:23 @ 55%] | 03:00 @ 55% | 00:05 @ 400% | 03:30 @ 120% | 00:05 @ 400% | 07:00 @ 55% | 00:05 @ 400% | 03:30 @ 120% | 00:05 @ 400% | 07:00 @ 55% | 00:05 @ 400% | 03:30 @ 120% | 00:05 @ 400% | 07:00 @ 55% | 00:05 @ 400% | 03:30 @ 120% | 00:05 @ 400% | 03:00 @ 55% | 07:00 @ 50%",sprint-map-sprint-eui1,https://mywhooshinfo.com/workouts/workout/sprint-map-sprint-eui1
386,Sprints - High Speed Start,Sprint,Sprint,Z6 - Anaerobic,Free Ride; Z1 - Recovery; Z2 - Endurance; Z4 - Threshold; Z6 - Anaerobic,55:00,55.0,3300,50,0.74,,True,False,"After completing a structured warm-up, the session is conducted as a 'Free Ride'. However, throughout the session, you will be prompted to complete 6 x 12sec max sprints starting from HIGH speed. Begin sprint in a gear that allows you to reach ~100rpm after 12sec. No gear changes during the sprint. Aim to choose a course with a minimal elevation gain for this session.","03:00 @ 50% | 4x [00:10 @ 170%, 00:50 @ 50%] | 03:00 @ 70% | 02:00 @ 50% | 05:00 @ 90% | 03:00 @ 50% | 35:00 @ Free ride",sprints-high-speed-start,https://mywhooshinfo.com/workouts/workout/sprints-high-speed-start
387,Sprints - Low Speed Start,Sprint,Sprint,Z6 - Anaerobic,Free Ride; Z1 - Recovery; Z2 - Endurance; Z4 - Threshold; Z6 - Anaerobic,55:00,55.0,3300,50,0.74,,True,False,"After completing a structured warm-up, the session is conducted as a 'Free Ride'. However, throughout the session, you will be prompted to complete 6 x 12sec max sprints starting from LOW speed. Begin sprint in a gear that allows you to reach ~100rpm after 12sec. No gear changes during the sprint. Aim to choose a course with a minimal elevation gain for this session.","03:00 @ 50% | 4x [00:10 @ 170%, 00:50 @ 50%] | 03:00 @ 70% | 02:00 @ 50% | 05:00 @ 90% | 03:00 @ 50% | 35:00 @ Free ride",sprints-low-speed-start,https://mywhooshinfo.com/workouts/workout/sprints-low-speed-start
105,Sprints into Zone 3 #1,Under 35 min,Under 35 min,Z3 - Tempo,Free Ride; Z1 - Recovery; Z2 - Endurance; Z3 - Tempo; Z4 - Threshold; Z6 - Anaerobic,33:00,33.0,1980,35,0.8,,False,False,"High-intensity work is a little easier when fresh. In today's workout, the aim is to produce high intensity when fatigued. This workout is also available as Video workout by a MyWhoosh coach Tim Don","02:00 @ 50% | 2x [00:10 @ 170%, 00:50 @ 50%] | ramp 02:00 @ 65% FTP - 75% FTP | 02:00 @ 50% | ramp 02:00 @ 76% FTP - 95% FTP | 10:00 @ Free ride | 01:00 @ 125% | 01:00 @ 50% | 00:30 @ 150% | 00:30 @ 50% | 00:15 @ 167% | 00:45 @ 50% | 00:10 @ 185% | 00:50 @ 50% | 05:00 @ 81% | 03:00 @ 50%",sprints-into-zone-3-1-tip8,https://mywhooshinfo.com/workouts/workout/sprints-into-zone-3-1-tip8
103,Sprints into Zone 3 #1,Under 35 min,Under 35 min,Z2 - Endurance,Z1 - Recovery; Z2 - Endurance; Z3 - Tempo; Z4 - Threshold; Z6 - Anaerobic,33:50,33.8,2030,35,0.79,Si Bradeley,False,False,"We often need to perform a series of hard accelerations to position ourselves for a critical part of the race. These above threshold efforts result in lactate accumulation, which becomes the preferred fuel source. But there's no time to rest! Once you have fought for position, you will need to keep the pressure on the pedals to stay at the front of the race.","03:00 @ 55% | 2x [00:10 @ 180%, 00:45 @ 55%] | ramp 02:00 @ 75% FTP - 95% FTP | 02:00 @ 55% | 10:00 @ 75% | 02:00 @ 55% | 01:00 @ 125% | 01:00 @ 55% | 00:30 @ 150% | 00:30 @ 55% | 00:15 @ 165% | 00:45 @ 55% | 00:10 @ 185% | 00:50 @ 55% | 05:00 @ 81% | 03:00 @ 55%",sprints-into-zone-3-1,https://mywhooshinfo.com/workouts/workout/sprints-into-zone-3-1
388,Sprints into Zone 3 #1,Sprint,All training plan workouts; Sprint,Z6 - Anaerobic,Z1 - Recovery; Z2 - Endurance; Z3 - Tempo; Z4 - Threshold; Z6 - Anaerobic,01:01:00,61.0,3660,65,0.8,Tim Don,True,False,"We often need to perform a series of hard accelerations to better position ourselves for a critical part of the race. These above threshold efforts result in lactate accumulation, which becomes the preferred fuel source. But there's no time to rest. Once you have fought for position, you will need to keep the pressure on the pedals to stay at the front of the race.","03:00 @ 50% | 4x [00:10 @ 170%, 00:50 @ 50%] | ramp 02:00 @ 65% FTP - 75% FTP | 02:00 @ 50% | ramp 02:00 @ 76% FTP - 95% FTP | 03:00 @ 50% | 01:00 @ 125% | 01:00 @ 50% | 00:30 @ 150% | 00:30 @ 50% | 00:15 @ 167% | 00:45 @ 50% | 00:10 @ 185% | 00:50 @ 50% | 05:00 @ 81% | 05:00 @ 50% | 01:00 @ 125% | 01:00 @ 50% | 00:30 @ 150% | 00:30 @ 50% | 00:15 @ 167% | 00:45 @ 50% | 00:10 @ 185% | 00:50 @ 50% | 05:00 @ 81% | 05:00 @ 50% | 01:00 @ 125% | 01:00 @ 50% | 00:30 @ 150% | 00:30 @ 50% | 00:15 @ 167% | 00:45 @ 50% | 00:10 @ 185% | 00:50 @ 50% | 05:00 @ 81% | 05:00 @ 50%",sprints-into-zone-3-1-294c,https://mywhooshinfo.com/workouts/workout/sprints-into-zone-3-1-294c
104,Sprints into Zone 3 #2,Under 35 min,Under 35 min,Z2 - Endurance,Z1 - Recovery; Z2 - Endurance; Z3 - Tempo; Z6 - Anaerobic,34:50,34.8,2090,40,0.83,Tim Don,False,False,"We often need to perform a series of hard accelerations to position ourselves for a critical part of the race. These above threshold efforts result in lactate accumulation, which becomes the preferred fuel source. But there's no time to rest. Once you have fought for position, you will need to keep the pressure on the pedals to stay at the front of the race.","03:00 @ 55% | 2x [00:10 @ 180%, 00:45 @ 55%] | 08:00 @ 75% | 01:00 @ 125% | 01:00 @ 55% | 00:30 @ 150% | 00:30 @ 55% | 00:15 @ 165% | 00:45 @ 55% | 00:10 @ 185% | 00:50 @ 55% | 03:00 @ 81% | 03:00 @ 55% | 01:00 @ 125% | 01:00 @ 55% | 00:30 @ 150% | 00:30 @ 55% | 00:15 @ 165% | 00:45 @ 55% | 00:10 @ 185% | 00:50 @ 55% | 03:00 @ 81% | 03:00 @ 55%",sprints-into-zone-3-2,https://mywhooshinfo.com/workouts/workout/sprints-into-zone-3-2
389,Sprints into Zone 3 #2,Sprint,Sprint,Z6 - Anaerobic,Z1 - Recovery; Z2 - Endurance; Z3 - Tempo; Z4 - Threshold; Z6 - Anaerobic,01:07:00,67.0,4020,81,0.85,Lisa Hermansson,True,False,"We often need to perform a series of hard accelerations to better position ourselves for a critical part of the race. These above threshold efforts result in lactate accumulation, which becomes the preferred fuel source. But there's no time to rest. Once you have fought for position, you will need to keep the pressure on the pedals to stay at the front of the race.","03:00 @ 50% | 4x [00:10 @ 170%, 00:50 @ 50%] | ramp 02:00 @ 65% FTP - 75% FTP | 02:00 @ 50% | ramp 02:00 @ 76% FTP - 95% FTP | 03:00 @ 50% | 01:00 @ 125% | 01:00 @ 66% | 00:30 @ 150% | 00:30 @ 65% | 00:15 @ 167% | 00:45 @ 65% | 00:10 @ 185% | 00:50 @ 65% | 05:00 @ 81% | 02:00 @ 50% | 01:00 @ 125% | 01:00 @ 66% | 00:30 @ 150% | 00:30 @ 65% | 00:15 @ 167% | 00:45 @ 65% | 00:10 @ 185% | 00:50 @ 65% | 05:00 @ 81% | 02:00 @ 50% | 01:00 @ 125% | 01:00 @ 66% | 00:30 @ 150% | 00:30 @ 65% | 00:15 @ 167% | 00:45 @ 65% | 00:10 @ 185% | 00:50 @ 65% | 05:00 @ 81% | 02:00 @ 50% | 01:00 @ 125% | 01:00 @ 65% | 00:30 @ 150% | 00:30 @ 65% | 00:15 @ 167% | 00:45 @ 65% | 00:10 @ 185% | 00:50 @ 66% | 05:00 @ 81% | 05:00 @ 50%",sprints-into-zone-3-2-zswt,https://mywhooshinfo.com/workouts/workout/sprints-into-zone-3-2-zswt
390,Sprints into Zone 4,Sprint,Sprint,Z6 - Anaerobic,Z1 - Recovery; Z2 - Endurance; Z4 - Threshold; Z5 - VO2Max; Z6 - Anaerobic,56:00,56.0,3360,95,1.01,,True,False,"We often need to perform a series of hard accelerations to better position ourselves for a critical part of the race. These above threshold efforts result in lactate accumulation, which becomes the preferred fuel source. But there's no time to rest. Once you have fought for position, you will need to keep the pressure on the pedals to stay at the front of the race. This time we are at threshold going for the win.","05:00 @ 50% | 2x [00:10 @ 170%, 00:50 @ 50%] | 02:00 @ 50% | 01:00 @ 109% | 02:00 @ 50% | 03:00 @ 90% | 03:00 @ 50% | 00:10 @ 180% | 00:50 @ 65% | 00:20 @ 180% | 00:40 @ 65% | 00:30 @ 181% | 00:30 @ 65% | 01:00 @ 180% | 01:00 @ 65% | 04:00 @ 95% | 03:00 @ 50% | 00:10 @ 180% | 00:50 @ 65% | 00:20 @ 180% | 00:40 @ 65% | 00:30 @ 181% | 00:30 @ 65% | 01:00 @ 180% | 01:00 @ 65% | 04:00 @ 95% | 03:00 @ 50% | 00:10 @ 180% | 00:50 @ 65% | 00:20 @ 180% | 00:40 @ 65% | 00:30 @ 181% | 00:30 @ 65% | 01:00 @ 180% | 01:00 @ 65% | 04:00 @ 95% | 05:00 @ 50%",sprints-into-zone-4,https://mywhooshinfo.com/workouts/workout/sprints-into-zone-4
106,Sprints into Zone 4 #1,Under 35 min,Under 35 min,Z2 - Endurance,Z1 - Recovery; Z2 - Endurance; Z4 - Threshold; Z6 - Anaerobic,32:00,32.0,1920,43,0.9,Jonathan Brownlee,False,False,"After a good warmup, the session consists of 10 minutes at Zone 2 Endurance, followed by varying sprints leading into a 4-minute threshold effort.","03:00 @ 55% | 4x [00:10 @ 180%, 00:45 @ 55%] | ramp 02:00 @ 60% FTP - 75% FTP | 10:00 @ 75% | 00:10 @ 180% | 00:50 @ 65% | 00:20 @ 180% | 00:30 @ 65% | 00:30 @ 185% | 00:30 @ 65% | 01:00 @ 160% | 00:30 @ 65% | 04:00 @ 95% | cooldown 05:00 @ 65% FTP - 45% FTP",sprints-into-zone-4-1,https://mywhooshinfo.com/workouts/workout/sprints-into-zone-4-1
10233,Staggered Climbing #1,All training plan workouts,All training plan workouts,Z2 - Endurance,Z1 - Recovery; Z2 - Endurance; Z3 - Tempo; Z4 - Threshold; Z5 - VO2Max,50:00,50.0,3000,53,0.8,,False,False,Minhas,warmup 06:00 @ 45% FTP - 75% FTP | 01:00 @ 50% | 01:00 @ 109% | 02:00 @ 50% | ramp 03:00 @ 66% FTP - 90% FTP | 02:00 @ 98% | 03:00 @ 50% | ramp 05:00 @ 76% FTP - 90% FTP | ramp 05:00 @ 91% FTP - 105% FTP | 03:00 @ 65% | ramp 05:00 @ 76% FTP - 90% FTP | ramp 05:00 @ 91% FTP - 105% FTP | 03:00 @ 50% | cooldown 06:00 @ 71% FTP - 45% FTP,staggered-climbing-1,https://mywhooshinfo.com/workouts/workout/staggered-climbing-1
109,Steady Climbing #1,Under 35 min,Under 35 min,Z3 - Tempo,Z1 - Recovery; Z2 - Endurance; Z3 - Tempo; Z4 - Threshold; Z5 - VO2Max,27:00,27.0,1620,24,0.74,,False,False,Today's session focuses on simulating the demands of extended climbing. The climb starts at the lower end of zone 3 and finishes in zone 4. But you will be targeting a cadence similar to climbing.,"warmup 04:00 @ 50% FTP - 75% FTP | 01:00 @ 50% | 01:00 @ 110% | 01:00 @ 50% | 03:00 @ 95% | 01:00 @ 50% | 2x [05:00 @ 76%, 03:00 @ 55%]",steady-climbing-1-r9xg,https://mywhooshinfo.com/workouts/workout/steady-climbing-1-r9xg
107,Steady Climbing #1,Under 35 min,Under 35 min,Z2 - Endurance,Z1 - Recovery; Z2 - Endurance; Z3 - Tempo; Z4 - Threshold; Z5 - VO2Max,33:00,33.0,1980,35,0.8,Tim Don,False,True,"After warming up, complete a steady climb of 8min. Note: There is a target cadence of 85rpm for the climb.",warmup 04:00 @ 45% FTP - 75% FTP | 01:00 @ 55% | 01:00 @ 109% | 02:00 @ 55% | 02:00 @ 98% | 08:00 @ 75% | ramp 10:00 @ 76% FTP - 104% FTP @ 85RPM | 02:00 @ 55% | cooldown 03:00 @ 65% FTP - 45% FTP,steady-climbing-1,https://mywhooshinfo.com/workouts/workout/steady-climbing-1
423,Steady Climbing #1,Sweetspot,Sweetspot,Z3 - Tempo,Z1 - Recovery; Z2 - Endurance; Z3 - Tempo; Z4 - Threshold; Z5 - VO2Max,54:00,54.0,3240,50,0.75,Si Bradeley,True,True,"Today's session focuses on simulating the demands of extended climbing. The climb starts at the lower end of zone 3 and finishes in zone 4. But you will be targeting a cadence similar to climbing. When performing the 4 x 5min intervals, position yourself on the bike as you would climbing seated.",warmup 05:00 @ 50% FTP - 75% FTP | 01:00 @ 50% | 01:00 @ 110% | 01:00 @ 50% | 03:00 @ 95% | 01:00 @ 50% | ramp 05:00 @ 76% FTP - 92% FTP @ 80RPM | 03:00 @ 55% | ramp 05:00 @ 76% FTP - 92% FTP @ 80RPM | 03:00 @ 55% | ramp 05:00 @ 76% FTP - 92% FTP @ 80RPM | 03:00 @ 55% | ramp 05:00 @ 76% FTP - 92% FTP @ 80RPM | 03:00 @ 55% | cooldown 10:00 @ 75% FTP - 50% FTP,steady-climbing-1-4xp7,https://mywhooshinfo.com/workouts/workout/steady-climbing-1-4xp7
108,Steady Climbing #2,Under 35 min,Under 35 min,Z2 - Endurance,Z1 - Recovery; Z2 - Endurance; Z3 - Tempo; Z4 - Threshold,34:00,34.0,2040,35,0.79,Si Bradeley,False,True,"After warming up, complete a Steady Climbs of 10min. Note: There is a target cadence of 75rpm for the climb.",warmup 04:00 @ 45% FTP - 75% FTP | 01:00 @ 55% | ramp 03:00 @ 65% FTP - 90% FTP | 02:00 @ 98% | 08:00 @ 75% | ramp 10:00 @ 76% FTP - 104% FTP @ 75RPM | 02:00 @ 55% | cooldown 04:00 @ 65% FTP - 45% FTP,steady-climbing-2,https://mywhooshinfo.com/workouts/workout/steady-climbing-2
424,Steady Climbing #2,Sweetspot,Sweetspot,Z3 - Tempo,Z1 - Recovery; Z2 - Endurance; Z3 - Tempo; Z4 - Threshold; Z5 - VO2Max,58:00,58.0,3480,59,0.78,,True,True,"Today's session focuses on simulating the demands of extended climbing. The climb starts at the lower end of zone 3 and finishes in zone 4. But you will be targeting a cadence similar to climbing. When performing the 4 x 8min intervals, position yourself on the bike as you would climbing seated.",warmup 05:00 @ 50% FTP - 75% FTP | 01:00 @ 50% | 01:00 @ 110% | 01:00 @ 50% | 03:00 @ 95% | 01:00 @ 50% | ramp 08:00 @ 76% FTP - 92% FTP @ 70RPM | 03:00 @ 55% | ramp 08:00 @ 76% FTP - 92% FTP @ 75RPM | 03:00 @ 55% | ramp 08:00 @ 76% FTP - 92% FTP @ 80RPM | 03:00 @ 55% | ramp 08:00 @ 76% FTP - 92% FTP | 05:00 @ 51%,steady-climbing-2-zonf,https://mywhooshinfo.com/workouts/workout/steady-climbing-2-zonf
425,Steady Climbing #3,Sweetspot,Sweetspot,Z3 - Tempo,Z1 - Recovery; Z2 - Endurance; Z3 - Tempo; Z4 - Threshold; Z6 - Anaerobic,57:00,57.0,3420,60,0.8,,True,True,"You are focusing on strength endurance work today by completing steady, low cadence intervals. Strength Endurance increases crank torque and recruits more of your fast-twitch muscle fibres. Strength Endurance type work has been a staple session of riders for many years.","04:00 @ 50% | 4x [00:10 @ 160%, 00:50 @ 50%] | 03:00 @ 70% | 02:00 @ 50% | 05:00 @ 90% | 03:00 @ 50% | ramp 06:00 @ 75% FTP - 89% FTP @ 75RPM | 05:00 @ 89% | 03:00 @ 50% | ramp 12:00 @ 75% FTP - 105% FTP @ 75RPM | 05:00 @ 89% | 05:00 @ 50%",steady-climbing-3,https://mywhooshinfo.com/workouts/workout/steady-climbing-3
426,Steady Climbing #4,Sweetspot,Sweetspot,Z3 - Tempo,Z1 - Recovery; Z2 - Endurance; Z3 - Tempo; Z4 - Threshold; Z5 - VO2Max,01:04:00,64.0,3840,72,0.83,,True,True,"Three climbs of 11 minutes in duration today. However, each one is performed using a different cadence. Like a climb outdoors, the required power will increase throughout the 11 minutes. We culminate with a 1 min above threshold at the top of the climb.",warmup 05:00 @ 50% FTP - 75% FTP | 01:00 @ 55% | 01:00 @ 110% | 01:00 @ 55% | 03:00 @ 95% | 03:00 @ 50% | ramp 06:00 @ 76% FTP - 89% FTP @ 85RPM | ramp 04:00 @ 91% FTP - 104% FTP @ 85RPM | ramp 01:00 @ 105% FTP - 118% FTP @ 85RPM | 05:00 @ 55% | ramp 06:00 @ 76% FTP - 89% FTP @ 80RPM | ramp 04:00 @ 91% FTP - 104% FTP @ 80RPM | ramp 01:00 @ 105% FTP - 118% FTP @ 80RPM | 05:00 @ 55% | ramp 06:00 @ 76% FTP - 89% FTP @ 75RPM | ramp 04:00 @ 91% FTP - 104% FTP @ 75RPM | ramp 01:00 @ 105% FTP - 118% FTP @ 75RPM | 02:00 @ 50% | cooldown 05:00 @ 75% FTP - 45% FTP,steady-climbing-4,https://mywhooshinfo.com/workouts/workout/steady-climbing-4
391,Step Up Sprints,Sprint,All training plan workouts; Sprint,Z6 - Anaerobic,Free Ride; Z1 - Recovery; Z2 - Endurance; Z3 - Tempo; Z4 - Threshold; Z6 - Anaerobic,43:15,43.2,2595,47,0.81,Si Bradeley,True,True,"These Step up sprints are slightly different to the sprint capacity that we are also doing in this phase - the Step up sprints load the legs gradually through the effort, culminating in a maximal, peak power sprint. This mimics a sprint lead out or even a track sprint. This session aims to get you used to rolling a big gear and continually accelerating throughout the sprints: today's short but sharp session. This workout is also available as Video workout by a MyWhoosh coach Si Bradeley",03:00 @ 55% | 03:00 @ 65% | 03:00 @ 80% @ 75RPM | 02:00 @ 90% | 03:00 @ 55% | 00:15 @ 190% | 00:15 @ 210% | 00:15 @ 280% | 04:00 @ 55% @ 85RPM | 01:00 @ 69% @ 50RPM | 01:00 @ 100% @ 75RPM | 00:30 @ Free ride | 05:00 @ 55% @ 85RPM | 01:00 @ 100% @ 60RPM | 01:00 @ 120% @ 85RPM | 00:15 @ Free ride | 05:00 @ 55% @ 85RPM | 01:00 @ 100% @ 60RPM | 01:00 @ 120% @ 85RPM | 00:30 @ Free ride | 05:00 @ 50%,step-up-sprints,https://mywhooshinfo.com/workouts/workout/step-up-sprints
697,Stepped down VO2max,VO2max,All training plan workouts; VO2max,Z5 - VO2Max,Z1 - Recovery; Z2 - Endurance; Z3 - Tempo; Z5 - VO2Max; Z6 - Anaerobic,54:55,54.9,3295,69,0.87,Si Bradeley,False,False,"In racing, you will often be required to produce an initial high-intensity burst before maintaining an above threshold effort. To prepare ourselves for the demands of racing, this high-intensity VO2max session will have you producing six quality race efforts. This workout is also available as Video workout by a MyWhoosh coach Si Bradeley",05:00 @ 50% | 01:00 @ 65% | 01:00 @ 80% | 01:00 @ 110% | 01:00 @ 50% | 00:30 @ 120% | 00:30 @ 50% | 00:30 @ 130% | 03:30 @ 50% | 00:45 @ 115% | 02:15 @ 110% | 03:00 @ 40% | 00:40 @ 115% | 02:15 @ 110% | 06:00 @ 50% | 00:45 @ 120% | 02:15 @ 110% | 03:00 @ 40% | 00:45 @ 120% | 02:15 @ 110% | 06:00 @ 50% | 00:45 @ 120% | 02:15 @ 110% | 03:00 @ 40% | 00:45 @ 120% | 02:15 @ 110% | 02:00 @ 50%,stepped-down-vo2max,https://mywhooshinfo.com/workouts/workout/stepped-down-vo2max
34,Stepped Intervals,Beginner,All training plan workouts; Beginner; Sweetspot,Z2 - Endurance,Z1 - Recovery; Z2 - Endurance; Z3 - Tempo; Z4 - Threshold; Z5 - VO2Max,44:00,44.0,2640,43,0.77,,True,False,"Interval training can also include more than 1 Training Zone. Stepped intervals require you to progress your way through the various Zones. Generally, the duration of each interval is decreased as the intensity increases. Today's session will you see step through Zones 2, 3, 4 and 5.",warmup 05:00 @ 40% FTP - 70% FTP | 01:00 @ 50% | 05:00 @ 71% | 04:00 @ 82% | 03:00 @ 95% | 01:00 @ 109% | 05:00 @ 50% | 05:00 @ 70% | 04:00 @ 82% | 03:00 @ 95% | 01:00 @ 109% | cooldown 07:00 @ 75% FTP - 42% FTP,stepped-intervals,https://mywhooshinfo.com/workouts/workout/stepped-intervals
622,Stepping up,Threshold,Threshold,Z4 - Threshold,Z1 - Recovery; Z2 - Endurance; Z3 - Tempo; Z4 - Threshold; Z5 - VO2Max,44:00,44.0,2640,43,0.77,,True,False,"Interval training can also include more than 1 Training Zone in a structured effort. Stepped intervals require you to progress your way through the various Zones. Generally, the duration of each interval is decreased as the intensity increases. Today's session will you see step through Zones 2, 3, 4 and 5.",warmup 05:00 @ 40% FTP - 70% FTP | 01:00 @ 50% | 05:00 @ 71% | 04:00 @ 82% | 03:00 @ 95% | 01:00 @ 109% | 05:00 @ 50% | 05:00 @ 70% | 04:00 @ 82% | 03:00 @ 95% | 01:00 @ 109% | cooldown 07:00 @ 75% FTP - 42% FTP,stepping-up,https://mywhooshinfo.com/workouts/workout/stepping-up
10566,Strength Endurance,All training plan workouts,All training plan workouts,Z2 - Endurance,Z1 - Recovery; Z2 - Endurance; Z3 - Tempo,01:00:00,60.0,3600,49,0.71,,True,False,"This session is a split-focus workout. With an emphasis on endurance in the relatively short time we have available. Often there is no substitute to time on the bike, but this type of workout is very good at increasing your endurance capacity. The main intervals are 4 x 7 minutes, where the first 5 minutes are completed at a high cadence, followed by 2 minutes at a lower rpm and slightly higher power. Whilst technically easier, the first 10 minutes may feel tougher for you, due to the high cadence and strain it puts on the heart and respiratory system.",04:00 @ 55% | 03:00 @ 65% | 02:00 @ 80% | 02:00 @ 90% | 04:00 @ 55% | 05:00 @ 74% | 02:00 @ 86% | 04:00 @ 55% | 05:00 @ 74% | 02:00 @ 86% | 04:00 @ 55% | 05:00 @ 74% | 02:00 @ 86% | 04:00 @ 50% | 05:00 @ 74% | 02:00 @ 86% | cooldown 05:00 @ 65% FTP - 25% FTP,strength-endurance,https://mywhooshinfo.com/workouts/workout/strength-endurance
328,Strength Endurance #1,Endurance,Endurance,Z2 - Endurance,Z1 - Recovery; Z2 - Endurance; Z3 - Tempo,01:00:00,60.0,3600,49,0.71,,True,True,"This session is a split-focus workout with an emphasis on endurance in a relatively short time. Often there is no substitute for time on the bike, but this type of workout is very good at increasing your endurance capacity. The main intervals are 4 x 7 minutes, where the first 5 minutes are completed at a high cadence, followed by 2 minutes at a lower rpm and slightly higher power. Whilst technically easier, the first 10 minutes may feel more challenging for you due to the high cadence and strain on the heart and respiratory system.",04:00 @ 55% | 03:00 @ 65% | 02:00 @ 80% @ 75RPM | 02:00 @ 90% | 04:00 @ 55% | 05:00 @ 74% @ 100RPM | 02:00 @ 86% @ 75RPM | 04:00 @ 55% | 05:00 @ 74% @ 100RPM | 02:00 @ 86% @ 75RPM | 04:00 @ 55% | 05:00 @ 74% @ 100RPM | 02:00 @ 86% @ 75RPM | 04:00 @ 50% | 05:00 @ 74% @ 100RPM | 02:00 @ 86% @ 75RPM | cooldown 05:00 @ 65% FTP - 25% FTP,strength-endurance-1,https://mywhooshinfo.com/workouts/workout/strength-endurance-1
10425,Strength Endurance #1,Tempo,All training plan workouts; Tempo,Z3 - Tempo,Free Ride; Z1 - Recovery; Z2 - Endurance; Z3 - Tempo; Z4 - Threshold; Z5 - VO2Max,01:09:00,69.0,4140,64,0.75,,True,False,"You are focussing on Strength Endurance work by completing steady, low cadence intervals. Strength Endurance increases crank torque and therefore recruits more of your fast-twitch muscle fibres. After warming up and completing a period of endurance 'free-riding', you will complete 2 x 10 min Strength Endurance intervals. Target cadence drops from 70 to 65rpm during the effort. Finish the session with a high cadence 2min Max Aerobic effort.",warmup 06:00 @ 46% FTP - 70% FTP | 01:00 @ 50% | 01:00 @ 109% | 02:00 @ 50% | 04:00 @ 90% | 03:00 @ 50% | 15:00 @ Free ride | 05:00 @ 80% | 05:00 @ 80% | 05:00 @ 50% | 05:00 @ 80% | 05:00 @ 80% | 05:00 @ 50% | 02:00 @ 109% | 05:00 @ 50%,strength-endurance-1-n28b,https://mywhooshinfo.com/workouts/workout/strength-endurance-1-n28b
329,Strength Endurance #2,Endurance,Endurance,Z2 - Endurance,Z1 - Recovery; Z2 - Endurance; Z3 - Tempo,01:04:00,64.0,3840,55,0.72,,True,True,"This session is a split-focus workout with an emphasis on endurance in a relatively short time. Often there is no substitute for time on the bike, but this type of workout is very good at increasing your endurance capacity. The main intervals are 4 x 8 minutes, where the first 5 minutes are completed at a high cadence, followed by 3 minutes at a lower rpm and slightly higher power. Whilst technically easier, the first 10 minutes may feel more challenging for you due to the high cadence and strain on the heart and respiratory system.",04:00 @ 55% | 03:00 @ 65% | 02:00 @ 80% @ 75RPM | 02:00 @ 90% | 04:00 @ 55% | 05:00 @ 74% @ 100RPM | 03:00 @ 86% @ 75RPM | 04:00 @ 55% | 05:00 @ 74% @ 100RPM | 03:00 @ 86% @ 75RPM | 04:00 @ 55% | 05:00 @ 74% @ 100RPM | 03:00 @ 86% @ 75RPM | 04:00 @ 50% | 05:00 @ 74% @ 100RPM | 03:00 @ 86% @ 75RPM | cooldown 05:00 @ 65% FTP - 25% FTP,strength-endurance-2,https://mywhooshinfo.com/workouts/workout/strength-endurance-2
510,Strength Endurance #2,Tempo,All training plan workouts; Tempo,Z3 - Tempo,Free Ride; Z1 - Recovery; Z2 - Endurance; Z3 - Tempo; Z4 - Threshold; Z5 - VO2Max,01:09:00,69.0,4140,64,0.75,,True,True,"You focus on Strength Endurance work by completing steady, low cadence intervals. Strength Endurance increases crank torque and recruits more of your fast-twitch muscle fibres. After warming up and completing a period of endurance 'free-riding', you will complete 2 x 10 min Strength Endurance intervals. Finish the session with a high cadence of 2min Max Aerobic effort. Target cadence drops from 65 to 60rpm during the effort.",warmup 06:00 @ 45% FTP - 70% FTP | 01:00 @ 50% | 01:00 @ 109% | 02:00 @ 50% | 04:00 @ 90% | 03:00 @ 50% | 15:00 @ Free ride | 05:00 @ 80% @ 65RPM | 05:00 @ 80% @ 60RPM | 05:00 @ 50% | 05:00 @ 81% @ 65RPM | 05:00 @ 80% @ 60RPM | 05:00 @ 50% | 02:00 @ 109% | 05:00 @ 50%,strength-endurance-2-22ov,https://mywhooshinfo.com/workouts/workout/strength-endurance-2-22ov
330,Strength Endurance #3,Endurance,Endurance,Z2 - Endurance,Z1 - Recovery; Z2 - Endurance; Z3 - Tempo; Z4 - Threshold,01:04:00,64.0,3840,56,0.73,,True,True,"This session is a split-focus workout with an emphasis on endurance in a relatively short time. Often there is no substitute for time on the bike, but this type of workout is very good at increasing your endurance capacity. The main intervals are 4 x 8 minutes, where the first 5 minutes are completed at a high cadence, followed by 3 minutes at a lower rpm and slightly higher power. This week we include an extra 1 minute at a higher power than before.",04:00 @ 55% | 03:00 @ 65% | 02:00 @ 80% @ 75RPM | 02:00 @ 90% | 04:00 @ 55% | 05:00 @ 74% @ 100RPM | 01:00 @ 95% @ 75RPM | 02:00 @ 86% @ 75RPM | 04:00 @ 55% | 05:00 @ 74% @ 100RPM | 01:00 @ 95% @ 75RPM | 02:00 @ 86% @ 75RPM | 04:00 @ 55% | 05:00 @ 74% @ 100RPM | 02:00 @ 86% @ 75RPM | 01:00 @ 95% @ 75RPM | 04:00 @ 50% | 05:00 @ 74% @ 100RPM | 02:00 @ 86% @ 75RPM | 01:00 @ 95% @ 75RPM | cooldown 05:00 @ 65% FTP - 25% FTP,strength-endurance-3,https://mywhooshinfo.com/workouts/workout/strength-endurance-3
10440,Strength Endurance #3,Tempo,All training plan workouts; Tempo,Z3 - Tempo,Free Ride; Z1 - Recovery; Z2 - Endurance; Z3 - Tempo; Z4 - Threshold; Z5 - VO2Max,01:19:00,79.0,4740,75,0.76,,True,False,"You are focussing on strength endurance work by completing steady, low cadence intervals. Strength Endurance increases crank torque and therefore recruits more of your fast-twitch muscle fibres. After warming up and completing some endurance 'free-riding', you will complete 2 x 15 min Strength endurance intervals. Target cadence varies from 65 to 60rpm during the effort. Finish the session with a high cadence 2min Max Aerobic effort.",warmup 06:00 @ 46% FTP - 70% FTP | 01:00 @ 50% | 01:00 @ 109% | 02:00 @ 50% | 04:00 @ 90% | 03:00 @ 50% | 15:00 @ Free ride | 05:00 @ 80% | 05:00 @ 80% | 05:00 @ 80% | 05:00 @ 50% | 05:00 @ 80% | 05:00 @ 80% | 05:00 @ 80% | 05:00 @ 50% | 02:00 @ 109% | 05:00 @ 50%,strength-endurance-3-66w5,https://mywhooshinfo.com/workouts/workout/strength-endurance-3-66w5
331,Strength Endurance #4,Endurance,Endurance,Z2 - Endurance,Z1 - Recovery; Z2 - Endurance; Z3 - Tempo; Z4 - Threshold,01:04:00,64.0,3840,59,0.74,,True,True,"This session is a split-focus workout with an emphasis on endurance in a relatively short time. Often there is no substitute for time on the bike, but this type of workout is very good at increasing your endurance capacity. The main intervals are 4 x 8 minutes, where the first 5 minutes are completed at a high cadence, followed by 3 minutes at a lower rpm and slightly higher power. Higher power for the final week and the last hard session of the Early Base Phase.",04:00 @ 55% | 03:00 @ 65% | 02:00 @ 80% @ 75RPM | 02:00 @ 90% | 04:00 @ 55% | 05:00 @ 74% @ 100RPM | 01:00 @ 100% @ 75RPM | 02:00 @ 90% @ 75RPM | 04:00 @ 55% | 05:00 @ 74% @ 100RPM | 01:00 @ 100% @ 75RPM | 02:00 @ 90% @ 75RPM | 04:00 @ 55% | 05:00 @ 74% @ 100RPM | 02:00 @ 90% @ 75RPM | 01:00 @ 100% @ 75RPM | 04:00 @ 50% | 05:00 @ 74% @ 100RPM | 02:00 @ 90% @ 75RPM | 01:00 @ 100% @ 75RPM | cooldown 05:00 @ 65% FTP - 25% FTP,strength-endurance-4,https://mywhooshinfo.com/workouts/workout/strength-endurance-4
10573,Strength Endurance 2,All training plan workouts,All training plan workouts,Z2 - Endurance,Z1 - Recovery; Z2 - Endurance; Z3 - Tempo,01:04:00,64.0,3840,55,0.72,,True,False,"This session is a split-focus workout. With an emphasis on endurance in the relatively short time we have available. Often there is no substitute to time on the bike, but this type of workout is very good at increasing your endurance capacity. The main intervals are 4 x 8 minutes, where the first 5 minutes are completed at a high cadence, followed by 3 minutes at a lower rpm and slightly higher power. Whilst technically easier, the first 10 minutes may feel tougher for you, due to the high cadence and strain it puts on the heart and respiratory system.",04:00 @ 55% | 03:00 @ 65% | 02:00 @ 80% | 02:00 @ 90% | 04:00 @ 55% | 05:00 @ 74% | 03:00 @ 86% | 04:00 @ 55% | 05:00 @ 74% | 03:00 @ 86% | 04:00 @ 55% | 05:00 @ 74% | 03:00 @ 86% | 04:00 @ 50% | 05:00 @ 74% | 03:00 @ 86% | cooldown 05:00 @ 65% FTP - 25% FTP,strength-endurance-2-84yy,https://mywhooshinfo.com/workouts/workout/strength-endurance-2-84yy
10580,Strength Endurance 3,All training plan workouts,All training plan workouts,Z2 - Endurance,Z1 - Recovery; Z2 - Endurance; Z3 - Tempo; Z4 - Threshold,01:04:00,64.0,3840,56,0.73,,True,False,"This session is a split-focus workout. With an emphasis on endurance in the relatively short time we have available. Often there is no substitute to time on the bike, but this type of workout is very good at increasing your endurance capacity. The main intervals are 4 x 8 minutes, where the first 5 minutes are completed at a high cadence, followed by 3 minutes at a lower rpm and slightly higher power. This week we include an extra 1 minute at a higher power than before.",04:00 @ 55% | 03:00 @ 65% | 02:00 @ 80% | 02:00 @ 90% | 04:00 @ 55% | 05:00 @ 74% | 01:00 @ 95% | 02:00 @ 86% | 04:00 @ 55% | 05:00 @ 74% | 01:00 @ 95% | 02:00 @ 86% | 04:00 @ 55% | 05:00 @ 74% | 02:00 @ 86% | 01:00 @ 95% | 04:00 @ 50% | 05:00 @ 74% | 02:00 @ 86% | 01:00 @ 95% | cooldown 05:00 @ 65% FTP - 25% FTP,strength-endurance-3-xiwj,https://mywhooshinfo.com/workouts/workout/strength-endurance-3-xiwj
10587,Strength Endurance 4,All training plan workouts,All training plan workouts,Z2 - Endurance,Z1 - Recovery; Z2 - Endurance; Z3 - Tempo; Z4 - Threshold,01:04:00,64.0,3840,59,0.74,,True,False,"This session is a split-focus workout. With an emphasis on endurance in the relatively short time we have available. Often there is no substitute to time on the bike, but this type of workout is very good at increasing your endurance capacity. The main intervals are 4 x 8 minutes, where the first 5 minutes are completed at a high cadence, followed by 3 minutes at a lower rpm and slightly higher power. Higher power for the final week and the final hard session of the Early Base Phase.",04:00 @ 55% | 03:00 @ 65% | 02:00 @ 80% | 02:00 @ 90% | 04:00 @ 55% | 05:00 @ 74% | 01:00 @ 100% | 02:00 @ 90% | 04:00 @ 55% | 05:00 @ 74% | 01:00 @ 100% | 02:00 @ 90% | 04:00 @ 55% | 05:00 @ 74% | 02:00 @ 90% | 01:00 @ 100% | 04:00 @ 50% | 05:00 @ 74% | 02:00 @ 90% | 01:00 @ 100% | cooldown 05:00 @ 65% FTP - 25% FTP,strength-endurance-4-o4kb,https://mywhooshinfo.com/workouts/workout/strength-endurance-4-o4kb
512,Strength Endurance Rotations,Tempo,All training plan workouts; Tempo,Z3 - Tempo,Z1 - Recovery; Z2 - Endurance; Z3 - Tempo; Z4 - Threshold; Z5 - VO2Max,01:00:00,60.0,3600,58,0.77,,True,False,"This early training phase is about building a base for higher intensity work later in the plan. It's also the phase where we look to extend our endurance capabilities. One such method to achieve this is through Strength Endurance work. Strength Endurance intervals on the bike are targeted around delivering high crank torque. To do this, we produce high power with low cadence. This high crank torque engages more of your fast-twitch fibres, which allows you to gain endurance. However, the target power is below your FTP, allowing you to extend the effort.","warmup 03:00 @ 45% FTP - 60% FTP | 01:00 @ 65% | 01:00 @ 81% | 01:00 @ 109% | 01:00 @ 50% | ramp 04:00 @ 51% FTP - 85% FTP | 02:00 @ 50% | 3x [03:00 @ 77%, 01:00 @ 95%] | 03:00 @ 50% | 3x [03:00 @ 77%, 01:00 @ 95%] | 03:00 @ 50% | 3x [03:00 @ 77%, 01:00 @ 95%] | 05:00 @ 50%",strength-endurance-rotations,https://mywhooshinfo.com/workouts/workout/strength-endurance-rotations
36,Strength Endurance w/20sec #1,Beginner,All training plan workouts; Beginner; Tempo,Z3 - Tempo,Free Ride; Z1 - Recovery; Z2 - Endurance; Z3 - Tempo; Z4 - Threshold; Z5 - VO2Max,01:03:00,63.0,3780,56,0.73,Si Bradeley,True,True,"You focus on Strength Endurance work by completing steady, low cadence intervals. Strength Endurance increases crank torque and recruits more of your fast-twitch muscle fibres. After warming up and completing a period of endurance 'free-riding', you will complete 3 x 6min min Strength Endurance intervals. However, each SE effort is finished with a 20sec high cadence effort. Take note of the target cadence throughout the session.",warmup 06:00 @ 46% FTP - 70% FTP | 01:00 @ 50% | 01:00 @ 109% | 02:00 @ 50% | 04:00 @ 90% | 03:00 @ 50% | 15:00 @ Free ride | 06:00 @ 80% @ 60RPM | 00:20 @ 50% | 00:20 @ 110% @ 110RPM | 03:00 @ 50% | 06:00 @ 80% @ 60RPM | 00:20 @ 50% | 00:20 @ 110% @ 110RPM | 03:00 @ 50% | 06:00 @ 80% @ 60RPM | 00:20 @ 50% | 00:20 @ 110% @ 110RPM | 05:00 @ 50%,strength-endurance-w-20sec-1,https://mywhooshinfo.com/workouts/workout/strength-endurance-w-20sec-1
10020,Strength Endurance w/20sec #2,Tempo,All training plan workouts; Tempo,Z3 - Tempo,Free Ride; Z1 - Recovery; Z2 - Endurance; Z3 - Tempo; Z4 - Threshold; Z5 - VO2Max,01:01:20,61.3,3680,56,0.75,,True,False,"You are focussing on Strength Endurance work by completing steady, low cadence intervals. Strength Endurance increases crank torque and therefore recruits more of your fast-twitch muscle fibres. After warming up and completing a period of endurance 'free-riding', you will complete 2 x 10min min Strength Endurance intervals. However, each SE effort is finished off with a 20sec high cadence effort. Take note of the target cadence throughout the session.",warmup 06:00 @ 46% FTP - 70% FTP | 01:00 @ 50% | 01:00 @ 109% | 02:00 @ 50% | 04:00 @ 90% | 03:00 @ 50% | 15:00 @ Free ride | 10:00 @ 80% | 00:20 @ 50% | 00:20 @ 110% | 03:00 @ 50% | 10:00 @ 80% | 00:20 @ 50% | 00:20 @ 110% | 05:00 @ 50%,strength-endurance-w-20sec-2-ixdh,https://mywhooshinfo.com/workouts/workout/strength-endurance-w-20sec-2-ixdh
514,Strength Endurance w/20sec #2,Tempo,All training plan workouts; Tempo,Z3 - Tempo,Free Ride; Z1 - Recovery; Z2 - Endurance; Z3 - Tempo; Z4 - Threshold; Z5 - VO2Max,01:09:00,69.0,4140,63,0.74,,True,True,"You focus on Strength Endurance work by completing steady, low cadence intervals. Strength Endurance increases crank torque and recruits more of your fast-twitch muscle fibres. After warming up and completing a period of endurance 'free-riding', you will complete 3 x 8min min Strength Endurance intervals. However, each SE effort is finished with a 20sec high cadence effort. Take note of the target cadence throughout the session.",warmup 06:00 @ 46% FTP - 70% FTP | 01:00 @ 50% | 01:00 @ 109% | 02:00 @ 50% | 04:00 @ 90% | 03:00 @ 50% | 15:00 @ Free ride | 08:00 @ 80% @ 60RPM | 00:20 @ 50% | 00:20 @ 110% @ 110RPM | 03:00 @ 50% | 08:00 @ 80% @ 60RPM | 00:20 @ 50% | 00:20 @ 110% @ 110RPM | 03:00 @ 50% | 08:00 @ 80% @ 60RPM | 00:20 @ 50% | 00:20 @ 110% @ 110RPM | 05:00 @ 50%,strength-endurance-w-20sec-2,https://mywhooshinfo.com/workouts/workout/strength-endurance-w-20sec-2
392,Strength Endurance w/Sprints,Sprint,All training plan workouts; Sprint; Tempo,Z6 - Anaerobic,Z1 - Recovery; Z2 - Endurance; Z3 - Tempo; Z6 - Anaerobic,01:00:00,60.0,3600,53,0.73,,True,True,"We are progressing on from the early Base Phase Strength Endurance Sessions. Today we include a series of sprints directly after the final high torque interval. You will have some fatigue in the legs, so you will need to pull on the technical work we have been working on to produce a good sprint!","03:00 @ 55% | 03:00 @ 65% | 02:00 @ 80% @ 75RPM | 02:00 @ 90% | 04:00 @ 55% | 05:00 @ 74% @ 100RPM | 02:00 @ 86% @ 50RPM | 04:00 @ 55% | 05:00 @ 74% @ 100RPM | 02:00 @ 86% @ 50RPM | 04:00 @ 55% | 05:00 @ 74% @ 100RPM | 02:00 @ 86% @ 75RPM | 04:00 @ 50% | 02:00 @ 86% @ 50RPM | 4x [00:10 @ 250%, 02:00 @ 50%] | cooldown 02:20 @ 55% FTP - 25% FTP",strength-endurance-w-sprints,https://mywhooshinfo.com/workouts/workout/strength-endurance-w-sprints
35,Strength Tempo #1,Beginner,Beginner; Tempo,Z3 - Tempo,Z1 - Recovery; Z2 - Endurance; Z3 - Tempo; Z4 - Threshold,56:00,56.0,3360,50,0.74,Zelmaré Viljoen,True,True,"The cadence selected for your intervals will determine the specific muscle fibres that are recruited. Today we are performing lower cadence intervals but with power closer to threshold. After warming up, the session consists of 4 intervals with cadence varying from 70rpm to 95rpm. All this gets you ready for a high cadence, near-threshold finale!","05:00 @ 50% | 5x [00:30 @ 65%, 00:30 @ 80%] | 03:00 @ 50% | 04:00 @ 83% @ 70RPM | 01:00 @ 90% @ 95RPM | 03:00 @ 50% | 04:00 @ 83% @ 70RPM | 01:00 @ 91% @ 95RPM | 03:00 @ 50% | 04:00 @ 83% @ 70RPM | 01:00 @ 90% @ 95RPM | 03:00 @ 50% | 04:00 @ 83% @ 70RPM | 01:00 @ 91% @ 95RPM | 05:00 @ 50% | 04:00 @ 95% @ 90RPM | 05:00 @ 50%",strength-tempo-1,https://mywhooshinfo.com/workouts/workout/strength-tempo-1
502,Strength Tempo #2,Tempo,Tempo,Z3 - Tempo,Z1 - Recovery; Z2 - Endurance; Z3 - Tempo; Z4 - Threshold; Z6 - Anaerobic,56:30,56.5,3390,57,0.78,,True,True,"We again incorporate high crank torque and interval work focusing on Early Base training. However, we increase the power during the interval while maintaining the same cadence. The session includes some Zone 2 aerobic work with short high cadence surges.","warmup 05:00 @ 45% FTP - 75% FTP | 2x [01:00 @ 80%, 01:00 @ 50%] | 2x [01:00 @ 98%, 01:00 @ 50%] | 02:00 @ 50% | ramp 05:00 @ 76% FTP - 91% FTP @ 75RPM | 01:00 @ 50% | ramp 05:00 @ 75% FTP - 90% FTP @ 75RPM | 01:00 @ 50% | ramp 05:00 @ 75% FTP - 90% FTP @ 75RPM | 02:00 @ 50% | 6x [03:00 @ 75%, 00:15 @ 160%] | 03:00 @ 50%",strength-tempo-2,https://mywhooshinfo.com/workouts/workout/strength-tempo-2
503,Strength Tempo #3,Tempo,Tempo,Z3 - Tempo,Z1 - Recovery; Z2 - Endurance; Z3 - Tempo; Z4 - Threshold,01:03:00,63.0,3780,58,0.74,Si Bradeley,True,False,"The cadence selected for your intervals will determine the specific muscle fibres that are recruited. Today we are performing lower cadence intervals but with power @ Tempo. After warming up, the session consists of 5 x 5min intervals with a low cadence. All this before a near-threshold finale!","05:00 @ 50% | 5x [00:30 @ 65%, 00:30 @ 80%] | 03:00 @ 50% | 5x [05:00 @ 83%, 03:00 @ 50%] | 05:00 @ 95% | 05:00 @ 50%",strength-tempo-3,https://mywhooshinfo.com/workouts/workout/strength-tempo-3
504,Strength Tempo #4,Tempo,Tempo,Z3 - Tempo,Z1 - Recovery; Z2 - Endurance; Z3 - Tempo; Z4 - Threshold; Z6 - Anaerobic,56:00,56.0,3360,57,0.79,Zelmaré Viljoen,True,True,"In this session, we incorporate high crank torque and interval work again. However, we increase the power during the interval while maintaining the same cadence. The session includes some Zone 2 aerobic work with short high cadence surges.","warmup 05:00 @ 45% FTP - 75% FTP | 2x [01:00 @ 80%, 01:00 @ 50%] | 2x [01:00 @ 98%, 01:00 @ 50%] | 02:00 @ 50% | ramp 08:00 @ 76% FTP - 91% FTP @ 75RPM | 01:00 @ 50% | ramp 08:00 @ 75% FTP - 90% FTP @ 75RPM | 01:00 @ 50% | 02:00 @ 50% | 6x [02:45 @ 75%, 00:15 @ 160%] | 03:00 @ 50%",strength-tempo-4,https://mywhooshinfo.com/workouts/workout/strength-tempo-4
505,Strength Tempo #5,Tempo,Tempo,Z3 - Tempo,Z1 - Recovery; Z2 - Endurance; Z3 - Tempo; Z4 - Threshold,01:07:00,67.0,4020,64,0.76,Lisa Hermansson,True,True,"The cadence selected for your intervals will determine the specific muscle fibres that are recruited. Today we are performing lower cadence intervals but with power @ tempo. After warming up, the session consists of 4 x 8min intervals with a low cadence. All this before a near-threshold finale!","05:00 @ 50% | 5x [00:30 @ 65%, 00:30 @ 80%] | 03:00 @ 50% | 4x [08:00 @ 83%, 03:00 @ 50%] | 05:00 @ 95% @ 95RPM | 05:00 @ 50%",strength-tempo-5,https://mywhooshinfo.com/workouts/workout/strength-tempo-5
506,Strength Tempo #6,Tempo,Tempo,Z3 - Tempo,Z1 - Recovery; Z2 - Endurance; Z3 - Tempo; Z4 - Threshold,01:05:00,65.0,3900,62,0.76,,True,True,"The cadence selected for your intervals will determine the specific muscle fibres that are recruited. Today we are performing lower cadence intervals but with power @ tempo. After warming up, the session consists of 3 x 10min intervals with a low cadence. All this before a near-threshold finale!","05:00 @ 50% | 5x [00:30 @ 65%, 00:30 @ 80%] | 03:00 @ 50% | 3x [10:00 @ 83%, 04:00 @ 50%] | 05:00 @ 95% @ 95RPM | 05:00 @ 50%",strength-tempo-6,https://mywhooshinfo.com/workouts/workout/strength-tempo-6
507,Strength Tempo #7,Tempo,Tempo,Z3 - Tempo,Z1 - Recovery; Z2 - Endurance; Z3 - Tempo; Z4 - Threshold,01:19:00,79.0,4740,76,0.76,,True,True,"The cadence selected for your intervals will determine the specific muscle fibres that are recruited. Today we are performing lower cadence intervals but with power @ tempo. After warming up, the session consists of 4 x 10min intervals with a low cadence. All this before a near-threshold finale!","05:00 @ 50% | 5x [00:30 @ 65%, 00:30 @ 80%] | 03:00 @ 50% | 4x [10:00 @ 83%, 04:00 @ 50%] | 05:00 @ 95% @ 95RPM | 05:00 @ 50%",strength-tempo-7,https://mywhooshinfo.com/workouts/workout/strength-tempo-7
508,Strength Tempo / 15sec sprint #1,Tempo,All training plan workouts; Tempo,Z3 - Tempo,Z1 - Recovery; Z2 - Endurance; Z3 - Tempo; Z5 - VO2Max; Z6 - Anaerobic,58:30,58.5,3510,62,0.8,Si Bradeley,False,True,"Continuing the focus on Early Build training, this session again incorporates high crank torque and interval work. However, we increase the power during the interval while maintaining the same cadence. The session includes some Zone 2 aerobic work with short high cadence surges.","warmup 06:00 @ 45% FTP - 75% FTP | 2x [01:00 @ 90%, 01:00 @ 55%] | 2x [01:00 @ 106%, 01:00 @ 55%] | 01:00 @ 55% | ramp 05:00 @ 80% FTP - 90% FTP @ 75RPM | 01:00 @ 55% | ramp 05:00 @ 80% FTP - 90% FTP @ 75RPM | 01:00 @ 55% | ramp 05:00 @ 80% FTP - 90% FTP @ 75RPM | 02:00 @ 55% | 6x [03:00 @ 75%, 00:15 @ 160%] | 05:00 @ 55%",strength-tempo-15sec-sprint-1,https://mywhooshinfo.com/workouts/workout/strength-tempo-15sec-sprint-1
11264,Structured Pace Run (Hard),All training plan workouts,All training plan workouts,Free Ride,Free Ride,01:00:00,60.0,3600,0,0,,False,False,"Run 5km total with three sets of 4min Tempo intervals (70-80% of Max HR) with 2min recovery. The session will look like this: 10min warmup, 3x4min Tempo, and a 5-10min cool down.",01:00:00 @ Free ride,structured-pace-run-hard,https://mywhooshinfo.com/workouts/workout/structured-pace-run-hard
110,Sub Threshold #1,Under 35 min,Under 35 min,Z2 - Endurance,Z1 - Recovery; Z2 - Endurance; Z3 - Tempo,34:00,34.0,2040,32,0.76,Jonathan Brownlee,False,False,"After warming up, the session focuses on Sub-threshold work. However, complete 8 minutes at Zone 2 Endurance prior.",warmup 05:00 @ 50% FTP - 75% FTP | 08:00 @ 75% | ramp 04:00 @ 76% FTP - 89% FTP | ramp 04:00 @ 89% FTP - 76% FTP | ramp 04:00 @ 76% FTP - 89% FTP | ramp 04:00 @ 89% FTP - 76% FTP | 05:00 @ 55%,sub-threshold-1,https://mywhooshinfo.com/workouts/workout/sub-threshold-1
431,Sub Threshold #1,Sweetspot,All training plan workouts; Sweetspot,Z3 - Tempo,Z1 - Recovery; Z2 - Endurance; Z3 - Tempo; Z4 - Threshold; Z5 - VO2Max,55:00,55.0,3300,59,0.8,Si Bradeley,True,False,"We need to perform long, steady efforts to build endurance and aerobic efficiency. Today's session is comprised of 2 x 10-minute Sub Threshold efforts. After opening the interval with a 30-second zone 5 surge, the remaining time will gradually increase in power throughout the effort. Observe how much this increase in power affects your heart rate.","warmup 05:00 @ 45% FTP - 75% FTP | 2x [01:00 @ 80%, 01:00 @ 50%] | 2x [01:00 @ 98%, 01:00 @ 50%] | 02:00 @ 50% | 05:00 @ 95% | 05:00 @ 50% | 00:30 @ 110% | ramp 09:30 @ 88% FTP - 94% FTP | 05:00 @ 50% | 00:30 @ 110% | ramp 09:30 @ 88% FTP - 94% FTP | cooldown 05:00 @ 75% FTP - 45% FTP",sub-threshold-1-i811,https://mywhooshinfo.com/workouts/workout/sub-threshold-1-i811
111,Sub Threshold #2,Under 35 min,Under 35 min,Z2 - Endurance,Z1 - Recovery; Z2 - Endurance; Z3 - Tempo; Z6 - Anaerobic,32:00,32.0,1920,37,0.84,Lisa Hermansson,False,False,"After warming up, this session targets your ability to produce short periods of high intensity from an already sub-threshold level. Aim to complete the surges seated throughout the effort. This workout is also available as Video workout by a MyWhoosh coach Jonathan Brownlee",warmup 05:00 @ 50% FTP - 75% FTP | 05:00 @ 75% | 01:00 @ 55% | 00:15 @ 150% | ramp 02:45 @ 90% FTP - 81% FTP | 00:15 @ 150% | ramp 02:45 @ 90% FTP - 81% FTP | 00:15 @ 150% | ramp 02:45 @ 90% FTP - 81% FTP | 00:15 @ 150% | ramp 02:45 @ 90% FTP - 81% FTP | 00:15 @ 150% | ramp 02:45 @ 90% FTP - 81% FTP | 00:15 @ 150% | ramp 02:45 @ 90% FTP - 81% FTP | 03:00 @ 55%,sub-threshold-2,https://mywhooshinfo.com/workouts/workout/sub-threshold-2
10254,Sub Threshold #2,Sweetspot,All training plan workouts; Sweetspot,Z4 - Threshold,Z1 - Recovery; Z2 - Endurance; Z3 - Tempo; Z4 - Threshold; Z5 - VO2Max,01:04:00,64.0,3840,67,0.8,Jonathan Brownlee,True,False,"To build endurance and aerobic efficiency, we need to perform long, steady efforts. Today's session comprises of 3 x 8-minute Sub Threshold efforts. After opening the interval with a 30-second zone 5 surge, the remaining 7.5 minutes will gradually increase in power throughout the effort. Observe how much this increase in power affects your heart rate.","warmup 05:00 @ 45% FTP - 75% FTP | 2x [01:00 @ 80%, 01:00 @ 50%] | 2x [01:00 @ 98%, 01:00 @ 50%] | 02:00 @ 50% | 05:00 @ 95% | 05:00 @ 50% | 00:30 @ 110% | ramp 07:30 @ 88% FTP - 94% FTP | 05:00 @ 50% | 00:30 @ 110% | ramp 07:30 @ 88% FTP - 94% FTP | 05:00 @ 50% | 00:30 @ 110% | ramp 07:30 @ 88% FTP - 94% FTP | 05:00 @ 50%",sub-threshold-2-6fr8,https://mywhooshinfo.com/workouts/workout/sub-threshold-2-6fr8
10338,Sub Threshold #2,All training plan workouts,All training plan workouts,Z4 - Threshold,Z1 - Recovery; Z2 - Endurance; Z3 - Tempo; Z4 - Threshold; Z5 - VO2Max,01:04:00,64.0,3840,68,0.8,Jonathan Brownlee,True,False,"To build endurance and aerobic efficiency, we need to perform long, steady efforts. Today&apos;s session comprises of 3 x 8-minute Sub Threshold efforts. After opening the interval with a 30-second zone 5 surge, the remaining 7.5 minutes will gradually increase in power throughout the effort. Observe how much this increase in power affects your heart rate.","warmup 05:00 @ 45% FTP - 75% FTP | 2x [01:00 @ 80%, 01:00 @ 50%] | 2x [01:00 @ 98%, 01:00 @ 50%] | 02:00 @ 50% | 05:00 @ 95% | 05:00 @ 50% | 00:30 @ 110% | ramp 07:30 @ 88% FTP - 94% FTP | 05:00 @ 50% | 00:30 @ 110% | ramp 07:30 @ 88% FTP - 94% FTP | 05:00 @ 50% | 00:30 @ 110% | ramp 07:30 @ 88% FTP - 94% FTP | cooldown 05:00 @ 75% FTP - 45% FTP",sub-threshold-2-sdgp,https://mywhooshinfo.com/workouts/workout/sub-threshold-2-sdgp
433,Sub Threshold #3,Sweetspot,All training plan workouts; Sweetspot,Z3 - Tempo,Z1 - Recovery; Z2 - Endurance; Z3 - Tempo; Z4 - Threshold,55:00,55.0,3300,58,0.8,Si Bradeley,True,False,"Sub-threshold intervals are an integral part of building aerobic endurance. By training at an intensity slightly lower than the Anaerobic Threshold, you can complete large volumes of work with minimal anaerobic impact. Completing sub-threshold intervals results in high oxygen consumption, boosting your aerobic system.","warmup 05:00 @ 45% FTP - 75% FTP | 5x [00:30 @ 65%, 00:30 @ 89%] | 02:00 @ 50% | 03:00 @ 81% | 02:00 @ 50% | ramp 06:00 @ 88% FTP - 94% FTP | 03:00 @ 65% | ramp 06:00 @ 88% FTP - 94% FTP | 03:00 @ 65% | ramp 06:00 @ 88% FTP - 94% FTP | 03:00 @ 65% | ramp 06:00 @ 88% FTP - 94% FTP | 05:00 @ 50%",sub-threshold-3,https://mywhooshinfo.com/workouts/workout/sub-threshold-3
434,Sub Threshold #4,Sweetspot,Sweetspot,Z3 - Tempo,Z1 - Recovery; Z2 - Endurance; Z3 - Tempo; Z4 - Threshold,58:00,58.0,3480,65,0.82,Jonathan Brownlee,True,False,"Sub-threshold intervals are an integral part of building aerobic endurance. By training at an intensity slightly lower than the Anaerobic Threshold, you can complete large volumes of work with minimal anaerobic impact. Completing sub-threshold intervals results in high oxygen consumption, boosting your aerobic system.","warmup 05:00 @ 45% FTP - 75% FTP | 5x [00:30 @ 65%, 00:30 @ 89%] | 02:00 @ 50% | 03:00 @ 81% | 02:00 @ 50% | ramp 10:00 @ 88% FTP - 94% FTP | 03:00 @ 65% | ramp 10:00 @ 88% FTP - 94% FTP | 03:00 @ 65% | ramp 10:00 @ 88% FTP - 94% FTP | 05:00 @ 50%",sub-threshold-4,https://mywhooshinfo.com/workouts/workout/sub-threshold-4
428,Sub Threshold CX 2min,Sweetspot,All training plan workouts; Sweetspot,Z3 - Tempo,Z1 - Recovery; Z2 - Endurance; Z4 - Threshold; Z5 - VO2Max; Z6 - Anaerobic,54:00,54.0,3240,73,0.91,,False,False,"This challenging session builds upon the earlier work of steady sub-threshold efforts. By challenging your ability to process lactate at near-threshold power, you will increase your exhaustion time and endurance. All this is achieved with a 30min steady state effort that dips briefly into the realms of VO2max.","warmup 05:00 @ 40% FTP - 60% FTP | 2x [00:10 @ 185%, 00:50 @ 55%] | 02:00 @ 55% | 01:00 @ 114% | 02:00 @ 55% | 05:00 @ 95% | 02:00 @ 55% | 12x [02:00 @ 91%, 00:30 @ 121%] | 05:00 @ 55%",sub-threshold-cx-2min,https://mywhooshinfo.com/workouts/workout/sub-threshold-cx-2min
112,Sub Threshold XX #1,Under 35 min,Under 35 min,Z4 - Threshold,Z1 - Recovery; Z2 - Endurance; Z3 - Tempo; Z4 - Threshold; Z6 - Anaerobic,34:00,34.0,2040,46,0.91,Si Bradeley,False,True,"By challenging your ability to process lactate at near-threshold power, you will increase your exhaustion time and endurance. All this is achieved with a 30min steady state effort that dips briefly into the realms of VO2max.","02:00 @ 50% | 4x [00:30 @ 80%, 00:30 @ 65%] | 01:00 @ 50% | 8x [00:30 @ 120%, 02:30 @ 91%] | 03:00 @ 50% @ 85RPM",sub-threshold-xx-1,https://mywhooshinfo.com/workouts/workout/sub-threshold-xx-1
10452,Sub Threshold XX #1,Sweetspot,All training plan workouts; Sweetspot,Z4 - Threshold,Z1 - Recovery; Z2 - Endurance; Z3 - Tempo; Z4 - Threshold; Z6 - Anaerobic,50:00,50.0,3000,64,0.88,,True,False,"This is a challenging session that builds upon the earlier work of steady sub-threshold efforts. By challenging your ability to process lactate at near-threshold power, you will increase your time to exhaustion and increase endurance. All this is achieved with a 30min steady state effort that dips briefly into the realms of VO2max.","05:00 @ 50% | 5x [00:30 @ 65%, 00:30 @ 80%] | 03:00 @ 50% | 10x [02:30 @ 91%, 00:30 @ 120%] | 02:00 @ 50% | cooldown 05:00 @ 75% FTP - 50% FTP",sub-threshold-xx-1-1tlq,https://mywhooshinfo.com/workouts/workout/sub-threshold-xx-1-1tlq
430,Sub Threshold XX #2,Sweetspot,All training plan workouts; Sweetspot,Z3 - Tempo,Z1 - Recovery; Z2 - Endurance; Z3 - Tempo; Z4 - Threshold; Z6 - Anaerobic,48:00,48.0,2880,63,0.89,Jonathan Brownlee,True,False,"Building upon the previous Sub-Threshold XX session, this time, we are decreasing the time between surges and increasing the number of surges. By challenging your ability to process lactate at near-threshold power, you will increase your exhaustion time and endurance. All this is achieved with a 30min steady state effort that dips briefly into the realms of VO2max.","05:00 @ 50% | 5x [00:30 @ 65%, 00:30 @ 80%] | 03:00 @ 50% | 12x [02:00 @ 91%, 00:30 @ 120%] | 05:00 @ 50%",sub-threshold-xx-2,https://mywhooshinfo.com/workouts/workout/sub-threshold-xx-2
10585,SubMax 3 and 14 min Test,All training plan workouts,All training plan workouts,Z2 - Endurance,Free Ride; Z1 - Recovery; Z2 - Endurance; Z3 - Tempo; Z6 - Anaerobic,01:29:20,89.3,5360,57,0.62,,True,False,Minhas,05:00 @ 60% | 05:00 @ 75% | 05:00 @ 85% | 03:00 @ 60% | 00:10 @ 250% | 02:00 @ 50% | 00:10 @ 250% | 05:00 @ 50% | 03:00 @ Free ride | 40:00 @ 50% | 14:00 @ Free ride | 07:00 @ 55%,submax-3-and-14-min-test,https://mywhooshinfo.com/workouts/workout/submax-3-and-14-min-test
10619,SubMax and free ride,All training plan workouts,All training plan workouts,Z2 - Endurance,Free Ride; Z1 - Recovery; Z2 - Endurance; Z3 - Tempo; Z6 - Anaerobic,45:20,45.3,2720,42,0.75,,True,False,Minhas,05:00 @ 60% | 05:00 @ 75% | 05:00 @ 85% | 03:00 @ 60% | 00:10 @ 250% | 02:00 @ 50% | 00:10 @ 250% | 25:00 @ Free ride,submax-and-free-ride,https://mywhooshinfo.com/workouts/workout/submax-and-free-ride
698,Supra-Threshold #1,VO2max,VO2max,Z5 - VO2Max,Z1 - Recovery; Z2 - Endurance; Z3 - Tempo; Z4 - Threshold; Z5 - VO2Max; Z6 - Anaerobic,01:03:00,63.0,3780,74,0.84,Si Bradeley,True,False,"Working beyond your threshold point will result in lactate accumulation, and you will fatigue very quickly. Raising the power, you can produce at this threshold is of paramount importance for any rider. This supra-threshold session of 4x 5 minutes will have you working at just above your anaerobic threshold power.","warmup 05:00 @ 42% FTP - 70% FTP | 02:00 @ 50% | 03:00 @ 70% | 4x [00:10 @ 175%, 00:50 @ 50%] | 02:00 @ 50% | 04:00 @ 90% | 03:00 @ 50% | ramp 05:00 @ 103% FTP - 108% FTP | 05:00 @ 55% | ramp 05:00 @ 103% FTP - 108% FTP | 05:00 @ 55% | ramp 05:00 @ 103% FTP - 108% FTP | 05:00 @ 55% | ramp 05:00 @ 103% FTP - 108% FTP | 05:00 @ 50%",supra-threshold-1,https://mywhooshinfo.com/workouts/workout/supra-threshold-1
699,Supra-Threshold #2,VO2max,VO2max,Z5 - VO2Max,Z1 - Recovery; Z2 - Endurance; Z3 - Tempo; Z4 - Threshold; Z5 - VO2Max; Z6 - Anaerobic,01:03:40,63.7,3820,79,0.86,,True,True,"Raising the power, you can produce at the threshold is of paramount importance for any rider. This supra-threshold session of 4x 5 minutes will have you working at just above your anaerobic threshold power. But be prepared for the sting in the tail! The effort is completed with a low cadence and high power burst. Just as you would experience when powering over a steep hill.","warmup 05:00 @ 42% FTP - 70% FTP | 02:00 @ 50% | 03:00 @ 70% | 4x [00:10 @ 175%, 00:50 @ 50%] | 02:00 @ 50% | 02:00 @ 90% | 03:00 @ 50% | ramp 05:00 @ 103% FTP - 108% FTP | 00:40 @ 120% @ 60RPM | 05:00 @ 55% | ramp 05:00 @ 103% FTP - 108% FTP | 00:40 @ 120% @ 60RPM | 05:00 @ 55% | ramp 05:00 @ 103% FTP - 108% FTP | 00:40 @ 120% @ 60RPM | 05:00 @ 55% | ramp 05:00 @ 103% FTP - 108% FTP | 00:40 @ 120% @ 60RPM | 05:00 @ 50%",supra-threshold-2,https://mywhooshinfo.com/workouts/workout/supra-threshold-2
700,Supra-Threshold into VO2 #1,VO2max,All training plan workouts; VO2max,Z5 - VO2Max,Z1 - Recovery; Z2 - Endurance; Z3 - Tempo; Z4 - Threshold; Z5 - VO2Max,59:30,59.5,3570,65,0.81,Si Bradeley,True,False,"The demands of racing will often require you to be at your limit, but then find some more! Welcome to Supra-Threshold into VO2! Today, the focus is on your VO2 work, but we perform this under the stress of starting from a threshold level. This workout is also available as Video workout by a MyWhoosh coach Si Bradeley","03:00 @ 50% | 01:00 @ 60% | 01:00 @ 65% | 01:00 @ 81% | 01:00 @ 103% | 02:00 @ 50% | 04:00 @ 85% | 02:00 @ 50% | 01:00 @ 110% | 03:00 @ 50% | 03:00 @ 92% | ramp 01:00 @ 105% FTP - 115% FTP | 03:00 @ 50% | 03:00 @ 92% | ramp 01:00 @ 105% FTP - 115% FTP | 03:00 @ 50% | 03:00 @ 92% | ramp 01:00 @ 105% FTP - 115% FTP | 03:00 @ 50% | 03:00 @ 92% | ramp 01:00 @ 105% FTP - 115% FTP | 03:00 @ 50% | 10x [00:30 @ 110%, 00:15 @ 50%] | 05:00 @ 50%",supra-threshold-into-vo2-1,https://mywhooshinfo.com/workouts/workout/supra-threshold-into-vo2-1
701,Supra-Threshold into VO2 #2,VO2max,All training plan workouts; VO2max,Z5 - VO2Max,Z1 - Recovery; Z2 - Endurance; Z3 - Tempo; Z4 - Threshold; Z5 - VO2Max,01:03:15,63.2,3795,70,0.82,Si Bradeley,True,False,"The demands of racing will often require you to be at your limit, but then find some more! Welcome to Supra-Threshold into VO2! Today, the focus is on your VO2 work, but we perform this under the stress of starting from a threshold level.","03:00 @ 50% | 01:00 @ 60% | 01:00 @ 65% | 01:00 @ 81% | 01:00 @ 103% | 02:00 @ 50% | 04:00 @ 85% | 02:00 @ 50% | 01:00 @ 110% | 03:00 @ 50% | 03:00 @ 92% | ramp 01:00 @ 105% FTP - 115% FTP | 03:00 @ 50% | 03:00 @ 92% | ramp 01:00 @ 105% FTP - 115% FTP | 03:00 @ 50% | 03:00 @ 92% | ramp 01:00 @ 105% FTP - 115% FTP | 03:00 @ 50% | 03:00 @ 92% | ramp 01:00 @ 105% FTP - 115% FTP | 03:00 @ 50% | 15x [00:30 @ 110%, 00:15 @ 50%] | 05:00 @ 50%",supra-threshold-into-vo2-2,https://mywhooshinfo.com/workouts/workout/supra-threshold-into-vo2-2
113,Suprathreshold #1,Under 35 min,Under 35 min,Z4 - Threshold,Z1 - Recovery; Z2 - Endurance; Z4 - Threshold; Z5 - VO2Max; Z6 - Anaerobic,35:00,35.0,2100,43,0.87,,False,False,"Working beyond your threshold point will result in lactate accumulation, and you will fatigue very quickly. Raising the power, you can produce at this threshold is of paramount importance for any rider.","warmup 03:00 @ 42% FTP - 65% FTP | 01:00 @ 50% | 01:00 @ 70% | 2x [00:10 @ 175%, 00:50 @ 50%] | 2x [05:00 @ 103%, 04:00 @ 55%] | ramp 05:00 @ 103% FTP - 108% FTP | 05:00 @ 55%",suprathreshold-1,https://mywhooshinfo.com/workouts/workout/suprathreshold-1
435,Sweet Spot 15,Sweetspot,All training plan workouts; Sweetspot,Z3 - Tempo,Z1 - Recovery; Z2 - Endurance; Z3 - Tempo; Z4 - Threshold; Z5 - VO2Max; Z6 - Anaerobic,01:02:00,62.0,3720,74,0.85,,False,False,"There is no getting away from the benefit of more extended steady efforts. To improve the stimulus of this type of training even further, these are the perfect prelude to finish with repeated, high power, short efforts. Today we have a 2 x 15min Sweetspot effort finished with 3 x 1min high cadence, anaerobic intervals.","01:00 @ 50% | 01:00 @ 63% | 01:00 @ 75% | 01:00 @ 88% | 01:00 @ 95% | 01:00 @ 106% | 02:00 @ 55% | 05:00 @ 98% | 02:00 @ 55% | 2x [15:00 @ 88%, 03:00 @ 55%] | 3x [01:00 @ 121%, 02:00 @ 55%] | cooldown 02:00 @ 55% FTP - 35% FTP",sweet-spot-15,https://mywhooshinfo.com/workouts/workout/sweet-spot-15
446,Sweet Spot 6,Sweetspot,All training plan workouts; Sweetspot,Z3 - Tempo,Z1 - Recovery; Z2 - Endurance; Z3 - Tempo; Z4 - Threshold,55:00,55.0,3300,58,0.8,Si Bradeley,True,False,"Sweet spot work is a great way to stress your body without accumulating large amounts of fatigue. This type of work is ideal for maintaining the gains in fitness you have made. It's medium intensity, but the efforts are short, with good recovery.","04:00 @ 50% | 5x [00:30 @ 65%, 00:30 @ 85%] | 01:00 @ 50% | 03:00 @ 85% | 01:00 @ 50% | 01:00 @ 102% | 02:00 @ 50% | ramp 06:00 @ 88% FTP - 95% FTP | 03:00 @ 50% | ramp 06:00 @ 95% FTP - 88% FTP | 03:00 @ 50% | ramp 06:00 @ 88% FTP - 95% FTP | 03:00 @ 50% | ramp 06:00 @ 95% FTP - 88% FTP | 05:00 @ 50%",sweet-spot-6,https://mywhooshinfo.com/workouts/workout/sweet-spot-6
114,Sweetspot #1,Under 35 min,Under 35 min,Z3 - Tempo,Z1 - Recovery; Z2 - Endurance; Z3 - Tempo,31:00,31.0,1860,30,0.77,Vincent Luis,False,False,Sweet Spot Training (SST) is the area that typically provides the Most Bang for your buck! It targets many key physiological regions at once in a short amount of time.,"warmup 04:00 @ 50% FTP - 70% FTP | 01:00 @ 50% | 3x [06:00 @ 86%, 02:00 @ 50%] | cooldown 02:00 @ 50% FTP - 50% FTP",sweetspot-1-j0dz,https://mywhooshinfo.com/workouts/workout/sweetspot-1-j0dz
37,Sweetspot #1,Beginner,Beginner,Z3 - Tempo,Z1 - Recovery; Z2 - Endurance; Z3 - Tempo,50:00,50.0,3000,45,0.74,,True,False,"Sweet Spot Training (SST) is the area that typically provides the Most Bang for your buck! It targets many key physiological regions at once in a short amount of time. Building upon your previous SST session, today, we are extending the length of the SST interval and reducing the recovery interval. SST training falls between Upper Zone 3 and Lower Zone4. It is a balanced amount of intensity and duration that improves your FTP.","warmup 05:00 @ 40% FTP - 70% FTP | 01:00 @ 50% | 3x [08:00 @ 86%, 05:00 @ 50%] | cooldown 05:00 @ 60% FTP - 40% FTP",sweetspot-1,https://mywhooshinfo.com/workouts/workout/sweetspot-1
436,Sweetspot #1,Sweetspot,Sweetspot,Z3 - Tempo,Z1 - Recovery; Z2 - Endurance; Z3 - Tempo,50:00,50.0,3000,46,0.74,,True,False,"Sweet Spot Training (SST) is the area that typically provides the Most Bang for your buck! It targets many key physiological regions at once in a short amount of time. Building upon your previous SST session, today, we are extending the length of the SST interval and reducing the recovery interval. SST training falls between Upper Zone 3 and Lower Zone4. It is a balanced amount of intensity and duration that improves your FTP.","warmup 05:00 @ 40% FTP - 70% FTP | 01:00 @ 50% | 3x [08:00 @ 86%, 05:00 @ 50%] | cooldown 05:00 @ 70% FTP - 40% FTP",sweetspot-1-0gj9,https://mywhooshinfo.com/workouts/workout/sweetspot-1-0gj9
437,Sweetspot #2,Sweetspot,Sweetspot,Z3 - Tempo,Z1 - Recovery; Z2 - Endurance; Z3 - Tempo; Z4 - Threshold,55:00,55.0,3300,52,0.76,Si Bradeley,True,True,"Long climbs often require extensive efforts of low cadence. When we complete long climbs, the lower cadence results in high crank torque, which recruits more of your fast-twitch fibres. After warming up, the session consists of 4 intervals with cadence varying from 70rpm to 95rpm. Today we are performing lower cadence intervals but with power closer to threshold. With this in mind, it's vital that our training meets the demands of the event. All this gets you ready for a high cadence, near-threshold finale!","04:00 @ 50% | 5x [00:30 @ 70%, 00:30 @ 86%] | 03:00 @ 50% | 04:00 @ 83% @ 70RPM | 01:00 @ 90% @ 95RPM | 03:00 @ 66% | 04:00 @ 83% @ 70RPM | 01:00 @ 91% @ 95RPM | 03:00 @ 66% | 04:00 @ 83% @ 70RPM | 01:00 @ 90% @ 95RPM | 03:00 @ 65% | 04:00 @ 83% @ 70RPM | 01:00 @ 91% @ 95RPM | 05:00 @ 50% | 04:00 @ 95% @ 90RPM | 05:00 @ 50%",sweetspot-2,https://mywhooshinfo.com/workouts/workout/sweetspot-2
438,Sweetspot #3,Sweetspot,Sweetspot,Z3 - Tempo,Z1 - Recovery; Z2 - Endurance; Z3 - Tempo; Z4 - Threshold; Z5 - VO2Max; Z6 - Anaerobic,52:10,52.2,3130,62,0.85,Si Bradeley,True,False,"Many riding and racing often require you to ride at a steady tempo for long periods. However, you will also have to accelerate above your threshold to pass other riders as you move up the bunch or crest a hill. Today's workout focuses on steady efforts interspersed with short accelerations. Incorporating sprint efforts into a steady-state effort will recruit additional muscle fibres and extend their ability to work aerobically.",03:00 @ 50% | 01:00 @ 60% | 01:00 @ 65% | 01:00 @ 81% | 01:00 @ 109% | 02:00 @ 50% | 04:00 @ 90% | 03:00 @ 50% | 04:00 @ 84% | 00:15 @ 175% | 04:00 @ 84% | 00:20 @ 170% | 04:00 @ 84% | 00:30 @ 150% | 05:00 @ 50% | 04:00 @ 84% | 00:15 @ 175% | 04:00 @ 84% | 00:20 @ 170% | 04:00 @ 84% | 00:30 @ 150% | 05:00 @ 50%,sweetspot-3,https://mywhooshinfo.com/workouts/workout/sweetspot-3
439,Sweetspot #4,Sweetspot,Sweetspot,Z3 - Tempo,Z1 - Recovery; Z2 - Endurance; Z3 - Tempo,01:10:00,70.0,4200,63,0.74,,True,False,"Today we are increasing the volume completed of Strength Endurance. After warming up, we will ramp up the power to be ready for the low cadence work. When performing Strength Endurance work, aim to keep a good posture on the bike without pulling on the handlebars and moving your shoulders. Concentrate on pushing and pulling the pedals with a relaxed upper body.","warmup 10:00 @ 45% FTP - 55% FTP | 03:00 @ 60% | 03:00 @ 68% | 03:00 @ 75% | 03:00 @ 83% | 03:00 @ 90% | 05:00 @ 55% | 5x [04:30 @ 87%, 01:30 @ 55%] | cooldown 10:00 @ 55% FTP - 45% FTP",sweetspot-4,https://mywhooshinfo.com/workouts/workout/sweetspot-4
440,Sweetspot #5,Sweetspot,Sweetspot,Z3 - Tempo,Z1 - Recovery; Z2 - Endurance; Z3 - Tempo; Z4 - Threshold,01:00:00,60.0,3600,63,0.79,,True,False,"By working just below threshold in zone 3 and into the lower portion of zone 4, we can train effectively to push up our threshold. Because the intervals aren't high-intensity maximal efforts, we can complete large volumes of work in this area.","warmup 03:00 @ 45% FTP - 63% FTP | 02:00 @ 58% | 02:00 @ 63% | 02:00 @ 68% | 02:00 @ 73% | 02:00 @ 78% | 01:00 @ 53% | 5x [02:00 @ 95%, 01:00 @ 53%] | 01:00 @ 53% | 03:00 @ 73% | 03:00 @ 78% | 03:00 @ 83% | 03:00 @ 88% | 03:00 @ 95% | 03:00 @ 88% | 03:00 @ 83% | 03:00 @ 78% | 03:00 @ 73% | cooldown 03:00 @ 63% FTP - 43% FTP",sweetspot-5,https://mywhooshinfo.com/workouts/workout/sweetspot-5
441,Sweetspot #6,Sweetspot,Sweetspot,Z3 - Tempo,Z1 - Recovery; Z2 - Endurance; Z3 - Tempo; Z4 - Threshold,01:00:00,60.0,3600,63,0.8,,True,True,"By working just below threshold in zone 3 and into the lower portion of zone 4, we can train effectively to push up our threshold. In this workout, we also include the element of a target cadence to enhance the effect of sub-maximal work.","warmup 03:00 @ 43% FTP - 63% FTP | 01:00 @ 58% | 01:00 @ 63% | 01:00 @ 68% | 01:00 @ 73% | 01:00 @ 78% | 01:00 @ 55% | 4x [03:00 @ 95%, 02:00 @ 55%] | 01:00 @ 55% | 02:00 @ 85% @ 55RPM | 00:30 @ 55% | 02:00 @ 85% @ 55RPM | 00:30 @ 55% | 02:00 @ 85% @ 55RPM | 00:30 @ 55% | 02:00 @ 85% @ 55RPM | 02:30 @ 55% | 03:00 @ 93% @ 83RPM | 03:00 @ 88% @ 88RPM | 03:00 @ 83% @ 93RPM | 03:00 @ 78% @ 98RPM | 03:00 @ 73% @ 105RPM | cooldown 03:00 @ 65% FTP - 45% FTP",sweetspot-6,https://mywhooshinfo.com/workouts/workout/sweetspot-6
442,Sweetspot 12 minute,Sweetspot,All training plan workouts; Sweetspot,Z3 - Tempo,Z1 - Recovery; Z2 - Endurance; Z3 - Tempo; Z4 - Threshold; Z5 - VO2Max,01:03:00,63.0,3780,65,0.79,Si Bradeley,True,False,"There is no getting away from the benefit of more extended steady efforts. To improve the stimulus of this type of training even further, these are the perfect prelude to finish with repeated, high power, short efforts. Today we have 2 x 12min Sweet Spot efforts finished with 4 x 1min high cadence threshold intervals.","warmup 03:00 @ 45% FTP - 60% FTP | 01:00 @ 60% | 01:00 @ 65% | 01:00 @ 81% | 01:00 @ 109% | 02:00 @ 50% | 04:00 @ 95% | 03:00 @ 50% | 2x [12:00 @ 88%, 03:00 @ 50%] | 4x [01:00 @ 98%, 02:00 @ 50%] | cooldown 05:00 @ 75% FTP - 45% FTP",sweetspot-12-minute,https://mywhooshinfo.com/workouts/workout/sweetspot-12-minute
10268,Sweetspot 15 minute,All training plan workouts,All training plan workouts,Z4 - Threshold,Z1 - Recovery; Z2 - Endurance; Z3 - Tempo; Z4 - Threshold; Z5 - VO2Max,01:01:00,61.0,3660,63,0.79,,True,False,"There is no getting away from the benefit of more extended steady efforts. To improve the stimulus of this type of training even further, these are the perfect prelude to finish with repeated, high power, short efforts. Today we have a 15min Sweet Spot effort finished with 8 x 1min high cadence, threshold intervals.","warmup 03:00 @ 45% FTP - 60% FTP | 01:00 @ 60% | 01:00 @ 65% | 01:00 @ 81% | 01:00 @ 109% | 02:00 @ 50% | 04:00 @ 95% | 03:00 @ 50% | ramp 15:00 @ 88% FTP - 94% FTP | 03:00 @ 50% | 8x [01:00 @ 98%, 02:00 @ 50%] | 03:00 @ 45%",sweetspot-15-minute-jmyg,https://mywhooshinfo.com/workouts/workout/sweetspot-15-minute-jmyg
443,Sweetspot 15 minute,Sweetspot,All training plan workouts; Sweetspot,Z3 - Tempo,Z1 - Recovery; Z2 - Endurance; Z3 - Tempo; Z4 - Threshold; Z5 - VO2Max,01:03:00,63.0,3780,64,0.79,Si Bradeley,True,False,"There is no getting away from the benefit of more extended steady efforts. To improve the stimulus of this type of training even further, these are the perfect prelude to finish with repeated, high power, short efforts. Today we have a 15min Sweet Spot effort finished with 8 x 1min high cadence threshold intervals.","warmup 03:00 @ 45% FTP - 60% FTP | 01:00 @ 60% | 01:00 @ 65% | 01:00 @ 81% | 01:00 @ 109% | 02:00 @ 50% | 04:00 @ 95% | 03:00 @ 50% | ramp 15:00 @ 88% FTP - 94% FTP | 03:00 @ 50% | 8x [01:00 @ 98%, 02:00 @ 50%] | cooldown 05:00 @ 65% FTP - 45% FTP",sweetspot-15-minute,https://mywhooshinfo.com/workouts/workout/sweetspot-15-minute
10411,Sweetspot 15 minute,All training plan workouts,All training plan workouts,Z4 - Threshold,Z1 - Recovery; Z2 - Endurance; Z3 - Tempo; Z4 - Threshold; Z5 - VO2Max,01:03:00,63.0,3780,65,0.79,Si Bradeley,True,False,"There is no getting away from the benefit of more extended steady efforts. To improve the stimulus of this type of training even further, these are the perfect prelude to finish with repeated, high power, short efforts. Today we have a 15min Sweet Spot effort finished with 8 x 1min high cadence, threshold intervals.","warmup 03:00 @ 45% FTP - 60% FTP | 01:00 @ 60% | 01:00 @ 65% | 01:00 @ 81% | 01:00 @ 109% | 02:00 @ 50% | 04:00 @ 95% | 03:00 @ 50% | ramp 15:00 @ 88% FTP - 94% FTP | 03:00 @ 50% | 8x [01:00 @ 98%, 02:00 @ 50%] | cooldown 05:00 @ 75% FTP - 45% FTP",sweetspot-15-minute-rdhj,https://mywhooshinfo.com/workouts/workout/sweetspot-15-minute-rdhj
444,Sweetspot 20 minute,Sweetspot,All training plan workouts; Sweetspot,Z3 - Tempo,Z1 - Recovery; Z2 - Endurance; Z3 - Tempo; Z4 - Threshold; Z5 - VO2Max,59:00,59.0,3540,63,0.81,,True,False,"There is no getting away from the benefit of more extended steady efforts. To improve the stimulus of this type of training even further, these are the perfect prelude to finish with repeated, high power, short efforts. Today we have a 20min Sweet Spot effort finished with 5 x 1min high cadence threshold intervals.","warmup 03:00 @ 45% FTP - 60% FTP | 01:00 @ 60% | 01:00 @ 65% | 01:00 @ 81% | 01:00 @ 109% | 02:00 @ 50% | 04:00 @ 95% | 03:00 @ 50% | ramp 20:00 @ 88% FTP - 94% FTP | 03:00 @ 50% | 5x [01:00 @ 98%, 02:00 @ 50%] | cooldown 05:00 @ 75% FTP - 45% FTP",sweetspot-20-minute,https://mywhooshinfo.com/workouts/workout/sweetspot-20-minute
445,Sweetspot 6 minute,Sweetspot,Sweetspot,Z3 - Tempo,Z1 - Recovery; Z2 - Endurance; Z3 - Tempo; Z4 - Threshold,55:00,55.0,3300,58,0.8,Si Bradeley,True,False,"Sweetspot work is a great way to stress your body without accumulating massive fatigue. This type of work is ideal for maintaining the gains in fitness you have made. It's medium intensity, but the efforts are short, with functional recovery.","04:00 @ 50% | 5x [00:30 @ 65%, 00:30 @ 85%] | 01:00 @ 50% | 03:00 @ 85% | 01:00 @ 50% | 01:00 @ 102% | 02:00 @ 50% | ramp 06:00 @ 88% FTP - 95% FTP | 03:00 @ 50% | ramp 06:00 @ 95% FTP - 88% FTP | 03:00 @ 50% | ramp 06:00 @ 88% FTP - 95% FTP | 03:00 @ 50% | ramp 06:00 @ 95% FTP - 88% FTP | 05:00 @ 50%",sweetspot-6-minute,https://mywhooshinfo.com/workouts/workout/sweetspot-6-minute
38,Sweetspot Training,Beginner,Beginner,Z3 - Tempo,Z1 - Recovery; Z2 - Endurance; Z3 - Tempo,41:00,41.0,2460,33,0.7,,True,False,"Sweetspot Training (SST) is the area that typically provides the Most Bang for your buck! It targets many key physiological regions at once in a short amount of time. SST training falls between Upper Zone 3 and Lower Zone 4. It is a balanced amount of intensity and duration that improves your FTP. Sweetspot intervals can generally be completed up to twice a week. Interval duration is typically long, between 5-20 minutes, with similar recovery periods.","warmup 05:00 @ 40% FTP - 70% FTP | 01:00 @ 50% | 3x [05:00 @ 86%, 05:00 @ 50%] | cooldown 05:00 @ 60% FTP - 40% FTP",sweetspot-training,https://mywhooshinfo.com/workouts/workout/sweetspot-training
447,Sweetspot Training,Sweetspot,All training plan workouts; Sweetspot,Z3 - Tempo,Z1 - Recovery; Z2 - Endurance; Z3 - Tempo,41:00,41.0,2460,34,0.71,,True,False,"Sweetspot Training (SST) is the area that typically provides the Most Bang for your buck! It targets many key physiological regions at once in a short amount of time. It is a balanced amount of intensity and duration that improves your FTP. SST training falls between Upper Zone 3 and Lower Zone 4. Sweetspot intervals can generally be completed up to twice a week. Interval duration is typically long, between 5-20 minutes, with similar recovery periods.","warmup 05:00 @ 40% FTP - 70% FTP | 01:00 @ 50% | 3x [05:00 @ 86%, 05:00 @ 50%] | cooldown 05:00 @ 70% FTP - 40% FTP",sweetspot-training-2q9r,https://mywhooshinfo.com/workouts/workout/sweetspot-training-2q9r
11262,Swim and Easy Run,All training plan workouts,All training plan workouts,Free Ride,Free Ride,01:00:00,60.0,3600,0,0,,False,False,"Swim 1000 meters total, incorporating one set of 500 meters at a steady effort. In your other session of the day, run 20min easy at 55-65% of Max HR.",01:00:00 @ Free ride,swim-and-easy-run,https://mywhooshinfo.com/workouts/workout/swim-and-easy-run
651,Tadej's Criss-cross Tempo,UAE Team Emirates,All training plan workouts; UAE Team Emirates,Z3 - Tempo,Z1 - Recovery; Z2 - Endurance; Z3 - Tempo; Z4 - Threshold,34:00,34.0,2040,31,0.75,,False,True,Train Like Tadej for the Giro-Tour Double with Criss-cross Tempo. This is a challenging session that tests both your aerobic and anaerobic energy systems. Criss-cross Tempo is a great session that simulates the demands of racing by forcing you to recover at a high power output. This session consists of 2x8min Criss-cross Tempo (1min at 95% FTP followed by 3min at 80% FTP) with 4min recovery.,warmup 03:00 @ 40% FTP - 65% FTP | 01:00 @ 70% | 01:00 @ 80% @ 90RPM | 01:00 @ 90% @ 100RPM | 03:00 @ 50% | 01:00 @ 95% @ 100RPM | 03:00 @ 80% @ 90RPM | 01:00 @ 95% @ 100RPM | 03:00 @ 80% @ 90RPM | 04:00 @ 50% | 01:00 @ 95% @ 100RPM | 03:00 @ 80% @ 90RPM | 01:00 @ 95% @ 100RPM | 03:00 @ 80% @ 90RPM | cooldown 05:00 @ 55% FTP - 40% FTP,tadej-s-criss-cross-tempo,https://mywhooshinfo.com/workouts/workout/tadej-s-criss-cross-tempo
732,Tadej's Criss-cross Tempo Long,UAE Team Emirates,UAE Team Emirates,Z3 - Tempo,Z1 - Recovery; Z2 - Endurance; Z3 - Tempo; Z4 - Threshold,01:43:00,103.0,6180,115,0.82,,False,True,"Train Like Tadej for the Giro-Tour Double with 3x18min Criss-cross Tempo (Long) intervals. This is one of Tadej's most taxing workouts, but it is a massive fitness-builder. You will target both FTP and Tempo throughout this session with limited recovery. This session helps train your muscles to buffer and clear lactate while working at a high power output. This is a long workout, so make sure you fuel and hydrate throughout the session.",warmup 05:00 @ 40% FTP - 65% FTP | 03:00 @ 70% | 03:00 @ 80% | 03:00 @ 90% | 05:00 @ 50% | 03:00 @ 100% @ 100RPM | 03:00 @ 83% @ 90RPM | 03:00 @ 100% @ 100RPM | 03:00 @ 83% @ 90RPM | 03:00 @ 100% @ 100RPM | 03:00 @ 83% @ 90RPM | 10:00 @ 50% | 03:00 @ 100% @ 100RPM | 03:00 @ 83% @ 90RPM | 03:00 @ 100% @ 100RPM | 03:00 @ 83% @ 90RPM | 03:00 @ 100% @ 100RPM | 03:00 @ 83% @ 90RPM | 10:00 @ 50% | 03:00 @ 100% @ 100RPM | 03:00 @ 83% @ 90RPM | 03:00 @ 100% @ 100RPM | 03:00 @ 83% @ 90RPM | 03:00 @ 100% @ 100RPM | 03:00 @ 83% @ 90RPM | cooldown 10:00 @ 50% FTP - 35% FTP,tadej-s-criss-cross-tempo-long,https://mywhooshinfo.com/workouts/workout/tadej-s-criss-cross-tempo-long
170,Take a breath,Fast Fitness,Fast Fitness,Z4 - Threshold,Z1 - Recovery; Z2 - Endurance; Z4 - Threshold; Z5 - VO2Max,34:30,34.5,2070,44,0.88,,False,False,Steady-state efforts under your threshold will soon have you accustomed to high-intensity efforts.,"01:40 @ 45% | 01:40 @ 55% | 01:40 @ 65% | 00:30 @ 70% | 3x [00:30 @ 103%, 00:30 @ 70%] | 00:30 @ 103% | 02:00 @ 45% | 02:00 @ 109% | 01:00 @ 50% | 01:00 @ 118% | 01:00 @ 45% | 3x [04:00 @ 103%, 01:30 @ 55%] | 02:00 @ 50%",take-a-breath,https://mywhooshinfo.com/workouts/workout/take-a-breath
458,Taper #1,Taper,All training plan workouts; Taper,Z2 - Endurance,Z1 - Recovery; Z2 - Endurance; Z3 - Tempo; Z4 - Threshold; Z6 - Anaerobic,45:00,45.0,2700,41,0.75,,True,False,"Performing high-intensity workouts leading into your peak race period can be an effective way to increase fitness. With adequate recovery before and after high-intensity workouts, this is the ideal way to finish your race preparation. The session includes a steady priming effort close to your FTP and some phosphate sprints to prime the neuromuscular system without fatiguing the body.","03:00 @ 60% | 03:00 @ 68% | 03:00 @ 83% | 03:00 @ 55% | 05:00 @ 93% | 06:00 @ 55% | 5x [00:10 @ 200%, 00:50 @ 55%] | 07:00 @ 55% | 5x [00:10 @ 200%, 00:50 @ 55%] | 05:00 @ 55%",taper-1,https://mywhooshinfo.com/workouts/workout/taper-1
459,Taper #2,Taper,Taper,Z3 - Tempo,Z1 - Recovery; Z2 - Endurance; Z3 - Tempo; Z5 - VO2Max; Z6 - Anaerobic,50:00,50.0,3000,51,0.79,,True,False,"Performing high-intensity workouts leading into your peak race period can be an effective way to increase fitness. With adequate recovery before and after high-intensity workouts, this is the ideal way to finish your race preparation. In this workout, you will be completing a series of 40/20 high-intensity efforts.","03:00 @ 50% | 3x [00:10 @ 130%, 00:50 @ 50%] | 03:00 @ 70% | 02:00 @ 50% | 04:00 @ 88% | 02:00 @ 50% | 5x [00:40 @ 115%, 00:20 @ 50%] | 05:00 @ 50% | 5x [00:40 @ 115%, 00:20 @ 50%] | 05:00 @ 50% | 3x [00:40 @ 115%, 00:20 @ 50%] | 05:00 @ 81% | cooldown 05:00 @ 50% FTP - 40% FTP",taper-2,https://mywhooshinfo.com/workouts/workout/taper-2
460,Taper #3,Taper,All training plan workouts; Taper,Z3 - Tempo,Z1 - Recovery; Z2 - Endurance; Z3 - Tempo; Z4 - Threshold; Z6 - Anaerobic,57:40,57.7,3460,37,0.63,,True,False,"Performing high-intensity workouts leading into your peak race period can be an effective way to increase fitness. With adequate recovery before and after high-intensity workouts, this is the ideal way to finish your race preparation. Ideally, this workout would be completed 3-4 days before your event, with adequate recovery before and after the session.","05:00 @ 50% | ramp 05:00 @ 50% FTP - 70% FTP | 02:00 @ 50% | 04:00 @ 81% | 05:00 @ 50% | 02:00 @ 95% | 05:00 @ 50% | 2x [00:10 @ 120%, 05:00 @ 50%] | 04:00 @ 81% | 05:00 @ 50% | 2x [00:10 @ 120%, 05:00 @ 50%]",taper-3,https://mywhooshinfo.com/workouts/workout/taper-3
623,Targeting FTP,Threshold,All training plan workouts; Threshold,Z4 - Threshold,Z1 - Recovery; Z2 - Endurance; Z3 - Tempo; Z4 - Threshold,40:00,40.0,2400,38,0.76,Zelmaré Viljoen,True,False,"Today, we are returning the focus to your FTP and completing Lower Zone 4 intervals with a shortened recovery. The objective here is to improve your ability to repeat efforts near FTP. By working close to, but just under FTP in shorter durations, you will improve your ability to accumulate a significant amount of time in this area. This workout is also available as Video workout by a MyWhoosh coach Zelmaré Viljoen","warmup 05:00 @ 40% FTP - 70% FTP | 01:00 @ 50% | 2x [01:00 @ 80%, 01:00 @ 50%] | 03:00 @ 50% | 4x [04:00 @ 90%, 01:30 @ 56%] | cooldown 05:00 @ 71% FTP - 40% FTP",targeting-ftp,https://mywhooshinfo.com/workouts/workout/targeting-ftp
115,Tempo #1,Under 35 min,Under 35 min,Z3 - Tempo,Z1 - Recovery; Z2 - Endurance; Z3 - Tempo; Z6 - Anaerobic,34:00,34.0,2040,30,0.74,,False,False,A short session to get you started on your Tempo work. Training at the top end of your tempo range will improve aerobic capabilities by increasing muscle glycogen stores.,"warmup 04:00 @ 45% FTP - 70% FTP | 01:00 @ 50% | 2x [00:10 @ 175%, 00:50 @ 50%] | 4x [05:00 @ 80%, 01:00 @ 61%] | 03:00 @ 50%",tempo-1,https://mywhooshinfo.com/workouts/workout/tempo-1
11229,Tempo #1,Tempo,All training plan workouts; Tempo,Z3 - Tempo,Z1 - Recovery; Z2 - Endurance; Z3 - Tempo; Z4 - Threshold; Z6 - Anaerobic,52:00,52.0,3120,47,0.74,Si Bradeley,False,False,"A short session to get you started on your Tempo work. With 4 x 5min moderate intensity intervals, you will be introducing yourself to the intensity of Zone 3 Tempo work. Training at the top end of your tempo range will improve aerobic capabilities by increasing muscle glycogen stores.","warmup 05:00 @ 42% FTP - 70% FTP | 02:00 @ 50% | 03:00 @ 70% | 4x [00:10 @ 175%, 00:50 @ 50%] | 02:00 @ 50% | 05:00 @ 90% | 03:00 @ 50% | 4x [05:00 @ 80%, 01:00 @ 61%] | 04:00 @ 50%",tempo-1-4o80,https://mywhooshinfo.com/workouts/workout/tempo-1-4o80
517,Tempo #10,Tempo,All training plan workouts; Tempo,Z3 - Tempo,Z1 - Recovery; Z2 - Endurance; Z3 - Tempo; Z6 - Anaerobic,01:10:00,70.0,4200,63,0.74,,False,False,"Long and steady is the aim today. Training at your tempo range will improve aerobic capabilities by increasing muscle glycogen stores. With 3 x 10min moderate intensity intervals, you will be creating fatigue throughout the Zone 3 Tempo work.","warmup 05:00 @ 42% FTP - 70% FTP | 02:00 @ 50% | 03:00 @ 70% | 4x [00:10 @ 175%, 00:50 @ 50%] | 02:00 @ 50% | 05:00 @ 90% | 03:00 @ 50% | 3x [10:00 @ 80%, 04:00 @ 61%] | 04:00 @ 50%",tempo-10,https://mywhooshinfo.com/workouts/workout/tempo-10
518,Tempo #11,Tempo,All training plan workouts; Tempo,Z3 - Tempo,Z1 - Recovery; Z2 - Endurance; Z3 - Tempo; Z6 - Anaerobic,01:16:00,76.0,4560,68,0.73,,False,False,"Long and steady is the aim today. Training at your tempo range will improve aerobic capabilities by increasing muscle glycogen stores. With 4 x 8min moderate intensity intervals, you will be creating fatigue throughout the Zone 3 Tempo work.","warmup 05:00 @ 42% FTP - 70% FTP | 02:00 @ 50% | 03:00 @ 70% | 4x [00:10 @ 175%, 00:50 @ 50%] | 02:00 @ 50% | 05:00 @ 90% | 03:00 @ 50% | 4x [08:00 @ 80%, 04:00 @ 61%] | 04:00 @ 50%",tempo-11,https://mywhooshinfo.com/workouts/workout/tempo-11
519,Tempo #2,Tempo,All training plan workouts; Tempo,Z3 - Tempo,Z1 - Recovery; Z2 - Endurance; Z3 - Tempo; Z4 - Threshold; Z6 - Anaerobic,54:00,54.0,3240,51,0.75,Si Bradeley,True,False,"Building upon your earlier Tempo session, we are increasing the number of intervals with 5 x 5min moderate-intensity efforts today. Training at the top end of the Tempo range will improve your aerobic capabilities by increasing muscle glycogen stores. Take note of your HR during the intervals. With only a short recovery period of 1min, the aim is to bring the heart rate back to normal recovery levels after each effort.","03:00 @ 50% | 4x [00:10 @ 175%, 00:50 @ 50%] | 03:00 @ 70% | 02:00 @ 50% | 05:00 @ 90% | 03:00 @ 50% | 5x [05:00 @ 80%, 01:00 @ 61%] | 04:00 @ 50%",tempo-2,https://mywhooshinfo.com/workouts/workout/tempo-2
520,Tempo #3,Tempo,All training plan workouts; Tempo,Z3 - Tempo,Z1 - Recovery; Z2 - Endurance; Z3 - Tempo; Z4 - Threshold; Z5 - VO2Max,01:02:00,62.0,3720,63,0.79,,True,True,"Tempo work is the basis of many training programs and is an area of great necessity. The key benefit to completing Tempo work indoors is the lack of interruptions to the effort, and ERG mode makes things much more straightforward. In this workout, we move around tempo intensity but with dramatic changes in target cadence.",03:00 @ 50% | 01:00 @ 60% | 01:00 @ 65% | 01:00 @ 81% | 01:00 @ 109% | 02:00 @ 50% | 04:00 @ 90% | 03:00 @ 50% | 05:00 @ 76% @ 70RPM | 05:00 @ 85% @ 100RPM | 05:00 @ 91% @ 90RPM | 03:00 @ 50% | 05:00 @ 76% @ 70RPM | 05:00 @ 85% @ 100RPM | 05:00 @ 91% @ 90RPM | 03:00 @ 50% | 05:00 @ 85% | 05:00 @ 50%,tempo-3,https://mywhooshinfo.com/workouts/workout/tempo-3
521,Tempo #4,Tempo,All training plan workouts; Tempo,Z3 - Tempo,Z1 - Recovery; Z2 - Endurance; Z3 - Tempo; Z5 - VO2Max,01:00:00,60.0,3600,62,0.79,,True,True,"Tempo work is the basis of many training programs and is an area of great necessity. The key benefit to completing Tempo work indoors is the lack of interruptions to the effort, and ERG mode makes things much more straightforward. With the added stress of a low cadence, this session will maximize your time spent in zone 3.","warmup 05:00 @ 50% FTP - 70% FTP | 2x [01:00 @ 75%, 01:00 @ 50%] | 2x [01:00 @ 90%, 01:00 @ 50%] | 03:00 @ 50% | 03:00 @ 80% | 01:00 @ 50% | 04:00 @ 80% @ 65RPM | 04:00 @ 80% @ 70RPM | 04:00 @ 80% @ 75RPM | 03:00 @ 110% | 05:00 @ 50% | 04:00 @ 80% @ 65RPM | 04:00 @ 80% @ 70RPM | 04:00 @ 80% @ 75RPM | 03:00 @ 110% | 05:00 @ 50%",tempo-4,https://mywhooshinfo.com/workouts/workout/tempo-4
522,Tempo #5,Tempo,All training plan workouts; Tempo,Z3 - Tempo,Z1 - Recovery; Z2 - Endurance; Z3 - Tempo; Z4 - Threshold,54:00,54.0,3240,55,0.78,Si Bradeley,False,False,"Tempo work is the basis of many training programs and is an area of great necessity. The key benefit to completing Tempo work indoors is the lack of interruptions to the effort, and ERG mode makes things much more straightforward. After first completing a solid 20min high-end tempo effort, the session finishes with 2 x 5min sub-threshold efforts.","05:00 @ 50% | 5x [00:30 @ 65%, 00:30 @ 80%] | 03:00 @ 50% | 20:00 @ 81% | 05:00 @ 50% | 2x [05:00 @ 96%, 03:00 @ 56%]",tempo-5,https://mywhooshinfo.com/workouts/workout/tempo-5
523,Tempo #6,Tempo,Tempo,Z3 - Tempo,Z1 - Recovery; Z2 - Endurance; Z3 - Tempo; Z6 - Anaerobic,01:03:00,63.0,3780,74,0.84,,True,False,"After first completing a solid 10min high-end tempo effort, the session finishes with 10 x 20sec near max effort, with 2min 40sec recovery. During the sprint efforts, observe your peak HR after each sprint. Is it climbing as the session goes on?","05:00 @ 50% | 5x [00:30 @ 65%, 00:30 @ 80%] | 03:00 @ 50% | 10:00 @ 81% | 05:00 @ 50% | 10x [00:20 @ 200%, 02:40 @ 60%] | 05:00 @ 50%",tempo-6,https://mywhooshinfo.com/workouts/workout/tempo-6
524,Tempo #7,Tempo,Tempo,Z3 - Tempo,Z1 - Recovery; Z2 - Endurance; Z3 - Tempo; Z5 - VO2Max,53:00,53.0,3180,54,0.78,,True,False,"There is no getting away from the benefits of completing long, steady tempo efforts. The best professionals spend countless hours training this way. To help the time pass and add another stress, the cadence varies from 75rpm for 1min to 90rpm for the next 4min. Complete the session with 2 x 2min Max Aerobic intervals.","05:00 @ 50% | 5x [00:30 @ 65%, 00:30 @ 80%] | 03:00 @ 50% | 5x [01:00 @ 76%, 04:00 @ 83%] | 2x [02:00 @ 109%, 03:00 @ 56%] | 05:00 @ 50%",tempo-7,https://mywhooshinfo.com/workouts/workout/tempo-7
525,Tempo #8,Tempo,Tempo,Z3 - Tempo,Z1 - Recovery; Z2 - Endurance; Z3 - Tempo; Z5 - VO2Max; Z6 - Anaerobic,54:00,54.0,3240,52,0.77,,True,False,"A low-intensity session that focuses on building endurance. However, the key to today's session is the fuel source. Lactate becomes the preferred fuel source by completing short 15sec high-intensity surges above your threshold. Today's session is a high carbohydrate burning workout without the prolonged high intensity. This workout trains our bodies to use lactate more efficiently and gain endurance.","warmup 06:00 @ 45% FTP - 75% FTP | 01:00 @ 50% | 01:00 @ 109% | 02:00 @ 50% | ramp 03:00 @ 50% FTP - 90% FTP | 04:00 @ 90% | 02:00 @ 50% | 5x [00:15 @ 140%, 01:45 @ 65%] | 05:00 @ 81% | 5x [00:15 @ 140%, 01:45 @ 65%] | 05:00 @ 81% | cooldown 05:00 @ 75% FTP - 45% FTP",tempo-8,https://mywhooshinfo.com/workouts/workout/tempo-8
526,Tempo #9,Tempo,Tempo,Z3 - Tempo,Z1 - Recovery; Z2 - Endurance; Z3 - Tempo; Z4 - Threshold; Z5 - VO2Max,01:07:00,67.0,4020,73,0.81,,True,False,We are looking to extend your time to exhaustion in this session. This is achieved by extending the length of the interval and including some time spent near threshold. The intensity is low enough that the interval can be completed comfortably yet creates enough stress to improve aerobic capabilities. The aim is to record the same HR response for both intervals.,"warmup 06:00 @ 46% FTP - 70% FTP | 01:00 @ 50% | 01:00 @ 109% | 02:00 @ 50% | 04:00 @ 90% | 03:00 @ 50% | 2x [07:00 @ 83%, 03:00 @ 95%] | 05:00 @ 50% | 2x [07:00 @ 83%, 03:00 @ 95%] | 05:00 @ 50%",tempo-9,https://mywhooshinfo.com/workouts/workout/tempo-9
527,Tempo Climbing #1,Tempo,All training plan workouts; Tempo,Z3 - Tempo,Z1 - Recovery; Z2 - Endurance; Z3 - Tempo; Z4 - Threshold; Z5 - VO2Max; Z6 - Anaerobic,01:00:30,60.5,3630,70,0.83,,False,True,"The basis of today's session is to simulate long tempo climbs. However, each interval is completed with a different high-intensity effort, with the tempo portion of each interval conducted at a low climbing cadence.",warmup 10:00 @ 50% FTP - 75% FTP | 10:00 @ 88% @ 75RPM | 00:30 @ 150% | 05:00 @ 55% | 08:00 @ 80% @ 75RPM | 07:00 @ 98% | 05:00 @ 55% | 05:00 @ 80% @ 75RPM | 05:00 @ 105% | cooldown 05:00 @ 75% FTP - 50% FTP,tempo-climbing-1,https://mywhooshinfo.com/workouts/workout/tempo-climbing-1
528,Tempo Climbing #2,Tempo,All training plan workouts; Tempo,Z3 - Tempo,Z1 - Recovery; Z2 - Endurance; Z3 - Tempo; Z4 - Threshold; Z6 - Anaerobic,01:00:30,60.5,3630,68,0.82,,True,True,"Simulating long climbs that require increased power as the effort goes on. The target cadence throughout the tempo portion decreases. But each tempo interval finishes with an above-threshold effort. Position yourself on the bike as if climbing, sitting on the back of the seat.",warmup 10:00 @ 50% FTP - 75% FTP | 04:00 @ 76% | 04:00 @ 79% @ 85RPM | 04:00 @ 83% @ 80RPM | 04:00 @ 86% @ 75RPM | 04:00 @ 90% @ 70RPM | 00:30 @ 150% | 05:00 @ 55% | 03:00 @ 76% | 03:00 @ 79% @ 85RPM | 03:00 @ 83% @ 80RPM | 03:00 @ 86% @ 75RPM | 03:00 @ 90% @ 70RPM | 05:00 @ 104% | cooldown 05:00 @ 75% FTP - 50% FTP,tempo-climbing-2,https://mywhooshinfo.com/workouts/workout/tempo-climbing-2
393,Tempo into Sprints,Sprint,All training plan workouts; Sprint; Tempo,Z6 - Anaerobic,Z1 - Recovery; Z2 - Endurance; Z3 - Tempo; Z6 - Anaerobic,01:01:20,61.3,3680,74,0.85,,True,False,"The challenge is to complete four short, high-intensity intervals of increasing power after first opening with a steady 15min Tempo effort. By working aerobically in the early 15min effort, you will be improving the ability to deliver oxygen to the working muscles and preserve your carbohydrate stores for the maximal finishing efforts. Can you achieve the same max power in both sets?","05:00 @ 50% | 5x [00:30 @ 65%, 00:30 @ 80%] | 03:00 @ 50% | 15:00 @ 81% | 01:00 @ 150% | 01:00 @ 50% | 00:30 @ 170% | 00:30 @ 50% | 00:15 @ 200% | 00:45 @ 50% | 00:10 @ 200% | 05:00 @ 50% | 15:00 @ 81% | 01:00 @ 150% | 01:00 @ 50% | 00:30 @ 170% | 00:30 @ 50% | 00:15 @ 200% | 00:45 @ 50% | 00:10 @ 200% | 05:00 @ 50%",tempo-into-sprints,https://mywhooshinfo.com/workouts/workout/tempo-into-sprints
117,Tempo Surges #1,Under 35 min,Under 35 min,Z3 - Tempo,Z1 - Recovery; Z2 - Endurance; Z3 - Tempo; Z6 - Anaerobic,34:00,34.0,2040,31,0.75,,False,True,"Completing long tempo efforts with short, high-intensity surges is another way to increase threshold power. The body must process the lactate produced from the above threshold surges with the constant high power.","03:00 @ 50% | 2x [01:00 @ 75%, 01:00 @ 50%] | 2x [01:00 @ 90%, 01:00 @ 50%] | 00:20 @ 125% | ramp 05:00 @ 75% FTP - 88% FTP @ 80RPM | 02:00 @ 50% | 00:20 @ 125% | ramp 05:00 @ 75% FTP - 88% FTP @ 90RPM | 02:00 @ 50% | 00:20 @ 125% | ramp 05:00 @ 75% FTP - 88% FTP @ 80RPM | 03:00 @ 50%",tempo-surges-1,https://mywhooshinfo.com/workouts/workout/tempo-surges-1
39,Tempo with 15sec surges,Beginner,All training plan workouts; Beginner; Tempo,Z3 - Tempo,Z1 - Recovery; Z2 - Endurance; Z3 - Tempo; Z6 - Anaerobic,40:00,40.0,2400,38,0.76,Zelmaré Viljoen,False,False,"Completing long tempo efforts with short, high-intensity surges is another way to increase threshold power. The body must process the lactate produced from the above threshold surges with the constant high power. A practical session without the lung burning effect of a sustained threshold effort. Complete the 15-second surges out of the seat before settling back into the Tempo effort.",warmup 10:00 @ 50% FTP - 71% FTP | 05:00 @ 50% | 04:45 @ 88% | 00:15 @ 150% | 04:45 @ 88% | 00:15 @ 150% | 04:45 @ 88% | 00:15 @ 150% | cooldown 10:00 @ 60% FTP - 50% FTP,tempo-with-15sec-surges,https://mywhooshinfo.com/workouts/workout/tempo-with-15sec-surges
531,Tempo with 2min Capacity,Tempo,Tempo,Z3 - Tempo,Z1 - Recovery; Z2 - Endurance; Z3 - Tempo; Z4 - Threshold; Z5 - VO2Max; Z6 - Anaerobic,01:01:00,61.0,3660,66,0.81,,True,False,"After completing 6 x Capacity intervals that climb from 88-130% FTP over 2min, the session finishes with a 5min tempo effort. Generally, 5min at tempo is quite comfortable. How will it be after 6 x 2min capacity efforts?",warmup 03:00 @ 45% FTP - 60% FTP | 01:00 @ 60% | 01:00 @ 65% | 01:00 @ 81% | 01:00 @ 109% | 02:00 @ 50% | 05:00 @ 90% | 03:00 @ 50% | ramp 02:00 @ 88% FTP - 130% FTP | 03:00 @ 50% | ramp 02:00 @ 88% FTP - 130% FTP | 03:00 @ 50% | ramp 02:00 @ 88% FTP - 130% FTP | 03:00 @ 50% | ramp 02:00 @ 88% FTP - 130% FTP | 03:00 @ 50% | ramp 02:00 @ 88% FTP - 130% FTP | 03:00 @ 50% | ramp 02:00 @ 88% FTP - 130% FTP | 03:00 @ 50% | 05:00 @ 81% | 03:00 @ 50% | cooldown 06:00 @ 65% FTP - 50% FTP,tempo-with-2min-capacity,https://mywhooshinfo.com/workouts/workout/tempo-with-2min-capacity
116,Tempo with 30sec spike,Under 35 min,Under 35 min,Z3 - Tempo,Z1 - Recovery; Z2 - Endurance; Z3 - Tempo; Z4 - Threshold; Z5 - VO2Max; Z6 - Anaerobic,34:30,34.5,2070,36,0.8,,False,False,"Steady Tempo efforts on their own are effective training. But by incorporating 30-second high-intensity efforts into them, you will improve your body's ability to work aerobically for long periods. Today's main set consists of 8-minutes at Tempo with a 30-second surge every 3.5 minutes.","03:00 @ 55% | 2x [00:10 @ 170%, 00:50 @ 55%] | ramp 03:00 @ 65% FTP - 76% FTP | 02:00 @ 55% | ramp 04:00 @ 90% FTP - 104% FTP | 08:00 @ 75% | ramp 00:30 @ 120% FTP - 105% FTP | ramp 03:30 @ 90% FTP - 76% FTP | ramp 00:30 @ 120% FTP - 105% FTP | ramp 03:30 @ 90% FTP - 76% FTP | ramp 00:30 @ 120% FTP - 105% FTP | cooldown 04:00 @ 65% FTP - 46% FTP",tempo-with-30sec-spike,https://mywhooshinfo.com/workouts/workout/tempo-with-30sec-spike
543,Tempo with 30sec spike #1,Tempo,All training plan workouts; Tempo,Z3 - Tempo,Z1 - Recovery; Z2 - Endurance; Z3 - Tempo; Z4 - Threshold; Z5 - VO2Max; Z6 - Anaerobic,54:00,54.0,3240,57,0.8,Si Bradeley,True,False,"Steady Tempo efforts on their own are effective training. But by incorporating 30-second high-intensity efforts into them, you will improve your body's ability to work aerobically for long periods. Today's session consists of 2 x 12-minute Tempo efforts with a 30-second surge every 3.5 minutes.","03:00 @ 50% | 4x [00:10 @ 170%, 00:50 @ 50%] | ramp 03:00 @ 60% FTP - 75% FTP | 02:00 @ 50% | ramp 05:00 @ 90% FTP - 104% FTP | 03:00 @ 50% | ramp 00:30 @ 106% FTP - 120% FTP | ramp 03:30 @ 76% FTP - 90% FTP | ramp 00:30 @ 106% FTP - 120% FTP | ramp 03:30 @ 76% FTP - 90% FTP | ramp 00:30 @ 106% FTP - 120% FTP | ramp 03:30 @ 76% FTP - 90% FTP | 05:00 @ 50% | ramp 00:30 @ 106% FTP - 120% FTP | ramp 03:30 @ 76% FTP - 90% FTP | ramp 00:30 @ 106% FTP - 120% FTP | ramp 03:30 @ 76% FTP - 90% FTP | ramp 00:30 @ 106% FTP - 120% FTP | ramp 03:30 @ 76% FTP - 90% FTP | cooldown 05:00 @ 70% FTP - 45% FTP",tempo-with-30sec-spike-1,https://mywhooshinfo.com/workouts/workout/tempo-with-30sec-spike-1
544,Tempo with 30sec spike #2,Tempo,All training plan workouts; Tempo,Z3 - Tempo,Z1 - Recovery; Z2 - Endurance; Z3 - Tempo; Z4 - Threshold; Z5 - VO2Max; Z6 - Anaerobic,01:02:00,62.0,3720,68,0.81,,True,False,"Steady Tempo efforts on their own are effective training. But by incorporating 30-second high-intensity efforts into them, you will improve your body's ability to work aerobically for long periods. Today's session consists of 2 x 16-minute Tempo efforts with a 30-second surge every 3.5 minutes.","03:00 @ 50% | 4x [00:10 @ 200%, 00:50 @ 50%] | ramp 03:00 @ 60% FTP - 75% FTP | 02:00 @ 50% | ramp 05:00 @ 90% FTP - 104% FTP | 03:00 @ 50% | ramp 00:30 @ 106% FTP - 120% FTP | ramp 03:30 @ 76% FTP - 90% FTP | ramp 00:30 @ 106% FTP - 120% FTP | ramp 03:30 @ 76% FTP - 90% FTP | ramp 00:30 @ 106% FTP - 120% FTP | ramp 03:30 @ 76% FTP - 90% FTP | ramp 00:30 @ 106% FTP - 120% FTP | ramp 03:30 @ 76% FTP - 90% FTP | 05:00 @ 50% | ramp 00:30 @ 106% FTP - 120% FTP | ramp 03:30 @ 76% FTP - 90% FTP | ramp 00:30 @ 106% FTP - 120% FTP | ramp 03:30 @ 76% FTP - 90% FTP | ramp 00:30 @ 106% FTP - 120% FTP | ramp 03:30 @ 76% FTP - 90% FTP | ramp 00:30 @ 106% FTP - 120% FTP | ramp 03:30 @ 76% FTP - 90% FTP | 05:00 @ 50%",tempo-with-30sec-spike-2,https://mywhooshinfo.com/workouts/workout/tempo-with-30sec-spike-2
545,Tempo with Accelerations #1,Tempo,All training plan workouts; Tempo,Z3 - Tempo,Z1 - Recovery; Z2 - Endurance; Z3 - Tempo; Z4 - Threshold; Z5 - VO2Max; Z6 - Anaerobic,52:10,52.2,3130,62,0.85,Si Bradeley,True,False,Steady endurance work trains your body to utilise oxygen to metabolise fat as its fuel source. Incorporating sprint efforts into a steady-state interval will recruit additional muscle fibres and extend their ability to work aerobically. The sprint efforts increase in duration from 15sec to 20sec and 30sec.,03:00 @ 50% | 01:00 @ 60% | 01:00 @ 65% | 01:00 @ 81% | 01:00 @ 109% | 02:00 @ 50% | 04:00 @ 90% | 03:00 @ 50% | 04:00 @ 84% | 00:15 @ 175% | 04:00 @ 84% | 00:20 @ 170% | 04:00 @ 84% | 00:30 @ 150% | 05:00 @ 50% | 04:00 @ 84% | 00:15 @ 175% | 04:00 @ 84% | 00:20 @ 170% | 04:00 @ 84% | 00:30 @ 150% | 05:00 @ 50%,tempo-with-accelerations-1,https://mywhooshinfo.com/workouts/workout/tempo-with-accelerations-1
546,Tempo with Accelerations #2,Tempo,Tempo,Z3 - Tempo,Z1 - Recovery; Z2 - Endurance; Z3 - Tempo; Z4 - Threshold; Z5 - VO2Max; Z6 - Anaerobic,59:10,59.2,3550,70,0.84,,True,False,"Building upon the previous 'Tempo With Accelerations' session, this time, we are extending the tempo portion to add a little more fatigue. Incorporating sprint efforts into a steady-state interval will recruit additional muscle fibres and develop their ability to work aerobically. The sprint efforts increase in duration from 15sec to 20sec and 30sec.",warmup 06:00 @ 41% FTP - 70% FTP | 01:00 @ 50% | 01:00 @ 109% | 02:00 @ 50% | 04:00 @ 90% | 03:00 @ 50% | 05:00 @ 84% | 00:15 @ 175% | 05:00 @ 84% | 00:20 @ 170% | 05:00 @ 84% | 00:30 @ 150% | 05:00 @ 50% | 05:00 @ 84% | 00:15 @ 175% | 05:00 @ 84% | 00:20 @ 170% | 05:00 @ 84% | 00:30 @ 150% | 05:00 @ 50%,tempo-with-accelerations-2,https://mywhooshinfo.com/workouts/workout/tempo-with-accelerations-2
547,Tempo with Accelerations #3,Tempo,Tempo,Z3 - Tempo,Z1 - Recovery; Z2 - Endurance; Z3 - Tempo; Z5 - VO2Max; Z6 - Anaerobic,32:10,32.2,1930,43,0.9,Jonathan Brownlee,True,False,Steady endurance work trains your body to utilise oxygen to metabolise fat as its fuel source. Incorporating sprint efforts into a steady-state interval will recruit additional muscle fibres and extend their ability to work aerobically. The sprint efforts increase in duration from 15sec to 20sec and 30sec.,02:00 @ 50% | 01:00 @ 60% | 01:00 @ 65% | 01:00 @ 81% | 01:00 @ 109% | 01:00 @ 56% | 03:00 @ 84% | 00:15 @ 175% | 03:00 @ 84% | 00:20 @ 170% | 03:00 @ 84% | 00:30 @ 150% | 02:00 @ 61% | 03:00 @ 84% | 00:15 @ 175% | 03:00 @ 84% | 00:20 @ 170% | 03:00 @ 84% | 00:30 @ 150% | 03:00 @ 50%,tempo-with-accelerations-3,https://mywhooshinfo.com/workouts/workout/tempo-with-accelerations-3
548,Tempo with Finale!,Tempo,All training plan workouts; Tempo,Z3 - Tempo,Z1 - Recovery; Z3 - Tempo; Z4 - Threshold; Z5 - VO2Max; Z6 - Anaerobic,01:00:00,60.0,3600,68,0.83,,True,False,"After first completing a 15min Tempo effort, you will go straight into 4 x 2min VO2max intervals. With no recovery period after the initial 15min, this session will challenge your aerobic efficiency.","05:00 @ 50% | 2x [00:10 @ 175%, 00:50 @ 50%] | 02:00 @ 50% | 01:00 @ 109% | 02:00 @ 50% | 05:00 @ 90% | 03:00 @ 50% | 15:00 @ 81% | 4x [02:00 @ 109%, 03:00 @ 75%] | 05:00 @ 50%",tempo-with-finale,https://mywhooshinfo.com/workouts/workout/tempo-with-finale
40,Tempo with Target rpm #1,Beginner,Beginner; Tempo,Z3 - Tempo,Z1 - Recovery; Z2 - Endurance; Z3 - Tempo; Z4 - Threshold; Z5 - VO2Max,56:00,56.0,3360,56,0.78,Zelmaré Viljoen,True,True,"Tempo riding is a great way to improve your aerobic efficiency. Today's session consists of 2 x 15-minute tempo efforts. However, to focus more on muscular endurance, the target cadence starts at 75rpm and increases by 5rpm every 5min.",warmup 03:00 @ 45% FTP - 60% FTP | 01:00 @ 60% | 01:00 @ 65% | 01:00 @ 81% | 01:00 @ 109% | 02:00 @ 50% | 04:00 @ 92% | 03:00 @ 50% | ramp 05:00 @ 76% FTP - 89% FTP @ 75RPM | ramp 05:00 @ 76% FTP - 89% FTP @ 80RPM | ramp 05:00 @ 76% FTP - 89% FTP @ 85RPM | 05:00 @ 50% | ramp 05:00 @ 76% FTP - 89% FTP @ 75RPM | ramp 05:00 @ 76% FTP - 89% FTP @ 80RPM | ramp 05:00 @ 76% FTP - 89% FTP @ 85RPM | cooldown 05:00 @ 75% FTP - 45% FTP,tempo-with-target-rpm-1,https://mywhooshinfo.com/workouts/workout/tempo-with-target-rpm-1
534,Tempo with Target rpm #2,Tempo,All training plan workouts; Tempo,Z3 - Tempo,Z1 - Recovery; Z2 - Endurance; Z3 - Tempo; Z5 - VO2Max,01:06:00,66.0,3960,67,0.78,,True,True,"Tempo riding is a great way to improve your aerobic efficiency. Today's session consists of 2 x 20-minute tempo efforts. However, to focus more on muscular endurance, the target cadence starts at 75rpm and increases by 5rpm every 5min.",warmup 03:00 @ 45% FTP - 60% FTP | 01:00 @ 60% | 01:00 @ 65% | 01:00 @ 81% | 01:00 @ 109% | 02:00 @ 50% | 04:00 @ 90% | 03:00 @ 50% | ramp 05:00 @ 76% FTP - 89% FTP @ 75RPM | ramp 05:00 @ 76% FTP - 89% FTP @ 80RPM | ramp 05:00 @ 76% FTP - 89% FTP @ 85RPM | ramp 05:00 @ 76% FTP - 89% FTP @ 90RPM | 05:00 @ 50% | ramp 05:00 @ 76% FTP - 89% FTP @ 75RPM | ramp 05:00 @ 76% FTP - 89% FTP @ 80RPM | ramp 05:00 @ 76% FTP - 89% FTP @ 85RPM | ramp 05:00 @ 76% FTP - 89% FTP @ 90RPM | cooldown 05:00 @ 75% FTP - 45% FTP,tempo-with-target-rpm-2,https://mywhooshinfo.com/workouts/workout/tempo-with-target-rpm-2
535,Tempo with Target rpm #3,Tempo,Tempo,Z3 - Tempo,Z1 - Recovery; Z2 - Endurance; Z3 - Tempo; Z5 - VO2Max,01:09:00,69.0,4140,70,0.78,,True,True,"Tempo riding is a great way to improve your aerobic efficiency. Today's session consists of 3 x 15-minute tempo efforts. However, to focus more on muscular endurance, the target cadence starts at 75rpm and increases by 5rpm every 5min.",warmup 03:00 @ 45% FTP - 60% FTP | 01:00 @ 60% | 01:00 @ 65% | 01:00 @ 81% | 01:00 @ 109% | 02:00 @ 50% | 03:00 @ 90% | 03:00 @ 50% | ramp 05:00 @ 76% FTP - 89% FTP @ 75RPM | ramp 05:00 @ 76% FTP - 89% FTP @ 80RPM | ramp 05:00 @ 76% FTP - 89% FTP @ 85RPM | 02:00 @ 50% | ramp 05:00 @ 76% FTP - 89% FTP @ 75RPM | ramp 05:00 @ 76% FTP - 89% FTP @ 80RPM | ramp 05:00 @ 76% FTP - 89% FTP @ 85RPM | 02:00 @ 50% | ramp 05:00 @ 76% FTP - 89% FTP @ 75RPM | ramp 05:00 @ 76% FTP - 89% FTP @ 80RPM | ramp 05:00 @ 76% FTP - 89% FTP @ 80RPM | cooldown 05:00 @ 75% FTP - 45% FTP,tempo-with-target-rpm-3,https://mywhooshinfo.com/workouts/workout/tempo-with-target-rpm-3
532,"Tempo, Intensive Zone 6 #1",Tempo,All training plan workouts; Tempo,Z3 - Tempo,Z1 - Recovery; Z2 - Endurance; Z3 - Tempo; Z6 - Anaerobic,01:07:00,67.0,4020,66,0.77,Lisa Hermansson,False,False,"The main set of the session consists of 10 x 30 second Zone 6 intervals. However, the session opens and finishes with a steady 10min Tempo interval. Compare your heart rate response in the 10min intervals after completing the Zone 6 work?","warmup 10:00 @ 50% FTP - 75% FTP | 10:00 @ 88% | 02:00 @ 55% | 10x [00:30 @ 120%, 02:30 @ 55%] | 10:00 @ 88% | cooldown 05:00 @ 40% FTP - 40% FTP",tempo-intensive-zone-6-1,https://mywhooshinfo.com/workouts/workout/tempo-intensive-zone-6-1
536,"Tempo, Intensive Zone 6 #2",Tempo,All training plan workouts; Tempo,Z3 - Tempo,Z1 - Recovery; Z2 - Endurance; Z3 - Tempo; Z6 - Anaerobic,58:45,58.8,3525,84,0.93,Si Bradeley,False,False,It's always easier to produce high power when fresh. Today's session requires you to build up some fatigue through a 30-minute tempo effort before completing 5 x 45-second increasing power efforts. Break up the opening Tempo effort by alternating between standing and seated pedalling.,"warmup 10:00 @ 45% FTP - 75% FTP | 30:00 @ 80% | 5x [00:45 @ 180%, 02:00 @ 55%] | cooldown 05:00 @ 70% FTP - 45% FTP",tempo-intensive-zone-6-2,https://mywhooshinfo.com/workouts/workout/tempo-intensive-zone-6-2
537,Tempo-Surges #1,Tempo,All training plan workouts; Tempo,Z3 - Tempo,Z1 - Recovery; Z2 - Endurance; Z3 - Tempo; Z6 - Anaerobic,59:20,59.3,3560,54,0.74,Si Bradeley,True,True,"Completing long tempo efforts with short, high-intensity surges is another way to increase threshold power. The body must process the lactate produced from the above threshold surges with the constant high power?a practical session, without the lung burning effect of a sustained threshold effort.","03:00 @ 50% | 2x [01:00 @ 75%, 01:00 @ 50%] | 2x [01:00 @ 90%, 01:00 @ 50%] | 03:00 @ 50% | 03:00 @ 80% | 01:00 @ 50% | 00:20 @ 125% | ramp 06:00 @ 75% FTP - 88% FTP @ 80RPM | 02:00 @ 50% | 00:20 @ 125% | ramp 06:00 @ 75% FTP - 88% FTP @ 90RPM | 02:00 @ 50% | 00:20 @ 125% | ramp 06:00 @ 75% FTP - 88% FTP @ 80RPM | 02:00 @ 50% | 00:20 @ 125% | ramp 06:00 @ 75% FTP - 88% FTP @ 90RPM | 02:00 @ 50% | 03:00 @ 80% | 05:00 @ 50%",tempo-surges-1-9l4t,https://mywhooshinfo.com/workouts/workout/tempo-surges-1-9l4t
538,Tempo-Surges #2,Tempo,All training plan workouts; Tempo,Z3 - Tempo,Z1 - Recovery; Z2 - Endurance; Z3 - Tempo; Z6 - Anaerobic,01:04:00,64.0,3840,67,0.8,,True,True,"Completing long tempo efforts with short, high-intensity surges is another way to increase threshold power. The body must process the lactate produced from the above threshold surges with the constant high power?a practical session, without the lung burning effect of a sustained threshold effort. Today's workout consists of 2 x 12-minute rolling Tempo efforts with a target cadence for each interval.","03:00 @ 50% | 2x [01:00 @ 75%, 01:00 @ 50%] | 2x [01:00 @ 90%, 01:00 @ 50%] | 04:00 @ 70% | 03:00 @ 50% | 04:00 @ 80% | 01:00 @ 50% | 00:40 @ 125% | ramp 06:00 @ 75% FTP - 88% FTP @ 80RPM | 00:40 @ 125% | ramp 06:00 @ 88% FTP - 75% FTP @ 90RPM | 00:40 @ 125% | 02:00 @ 50% | 00:40 @ 125% | ramp 06:00 @ 75% FTP - 88% FTP @ 80RPM | 00:40 @ 125% | ramp 06:00 @ 88% FTP - 74% FTP @ 90RPM | 00:40 @ 125% | 02:00 @ 50% | 04:00 @ 80% | 05:00 @ 50%",tempo-surges-2,https://mywhooshinfo.com/workouts/workout/tempo-surges-2
539,Tempo-Surges #3,Tempo,All training plan workouts; Tempo,Z3 - Tempo,Z1 - Recovery; Z2 - Endurance; Z3 - Tempo; Z4 - Threshold; Z6 - Anaerobic,01:01:20,61.3,3680,73,0.85,,True,False,"Completing long tempo efforts with short, high-intensity surges is another way to increase threshold power. The body must process the lactate produced from the above threshold surges with the constant high power. We mix up the tempo work with some long anaerobic efforts for added stress.","05:00 @ 50% | 5x [00:30 @ 65%, 00:30 @ 80%] | 03:00 @ 50% | 01:00 @ 125% | ramp 05:00 @ 76% FTP - 91% FTP | 00:20 @ 125% | 02:00 @ 91% | 00:20 @ 125% | ramp 05:00 @ 91% FTP - 76% FTP | 00:30 @ 125% | 05:00 @ 76% | 01:00 @ 125% | ramp 05:00 @ 76% FTP - 91% FTP | 00:20 @ 125% | 02:00 @ 91% | 00:20 @ 125% | ramp 05:00 @ 91% FTP - 76% FTP | 00:30 @ 125% | 05:00 @ 76% | 01:00 @ 125% | ramp 04:00 @ 76% FTP - 80% FTP | cooldown 05:00 @ 80% FTP - 55% FTP",tempo-surges-3,https://mywhooshinfo.com/workouts/workout/tempo-surges-3
540,Tempo-Surges #4,Tempo,All training plan workouts; Tempo,Z3 - Tempo,Z1 - Recovery; Z2 - Endurance; Z3 - Tempo; Z4 - Threshold; Z5 - VO2Max; Z6 - Anaerobic,01:06:00,66.0,3960,76,0.84,,True,True,"In addition to the standard completion of long tempo intervals, adding in some high-power bursts or surges throughout will help in several ways. Your Heart rate will remain elevated for longer, and your blood lactate will go above threshold levels for short periods. This session replicates the burst of power you need to ascend punchy climbs, get through a technical uphill section or move past another rider on a climb.",03:00 @ 50% | 01:00 @ 60% | 01:00 @ 65% | 01:00 @ 81% | 01:00 @ 109% | 02:00 @ 50% | 04:00 @ 90% | 03:00 @ 50% | 00:40 @ 125% @ 70RPM | 05:00 @ 76% | 00:40 @ 125% @ 70RPM | 05:00 @ 85% | 00:40 @ 125% @ 70RPM | 05:00 @ 91% | 03:00 @ 50% | 00:40 @ 125% @ 70RPM | 05:00 @ 76% | 00:40 @ 125% @ 70RPM | 05:00 @ 85% | 00:40 @ 125% @ 70RPM | 05:00 @ 91% | 03:00 @ 50% | 05:00 @ 85% | 05:00 @ 50%,tempo-surges-4,https://mywhooshinfo.com/workouts/workout/tempo-surges-4
541,Tempo-Surges #5,Tempo,All training plan workouts; Tempo,Z3 - Tempo,Z1 - Recovery; Z2 - Endurance; Z3 - Tempo; Z6 - Anaerobic,01:05:00,65.0,3900,77,0.84,,True,True,"Today we are completing 2 x 20min Tempo efforts. However, the sustained effort is broken up into 15-second surges. Complete the 15-second surges out of the seat before settling back into the Tempo effort. We also vary the target cadence during the tempo effort from 75rpm in the First Interval to 95rpm in the Second Interval.",warmup 10:00 @ 50% FTP - 75% FTP | 04:45 @ 88% @ 75RPM | 00:15 @ 150% | 04:45 @ 88% @ 75RPM | 00:15 @ 150% | 04:45 @ 88% | 00:15 @ 150% | 04:45 @ 88% @ 75RPM | 00:15 @ 150% | 05:00 @ 50% | 04:45 @ 88% @ 95RPM | 00:15 @ 150% | 04:45 @ 88% @ 95RPM | 00:15 @ 150% | 04:45 @ 88% @ 95RPM | 00:15 @ 150% | 04:45 @ 88% @ 95RPM | 00:15 @ 150% | cooldown 10:00 @ 75% FTP - 50% FTP,tempo-surges-5,https://mywhooshinfo.com/workouts/workout/tempo-surges-5
542,Tempo-Surges #6,Tempo,All training plan workouts; Tempo,Z3 - Tempo,Z1 - Recovery; Z2 - Endurance; Z3 - Tempo; Z6 - Anaerobic,55:00,55.0,3300,72,0.89,Si Bradeley,True,True,"Today's workout consists of a long tempo effort with 15-second surges. Picture yourself on a long climb. Sitting on the back of the saddle, holding a steady tempo before standing on the pedals to surge for 15 seconds. To replicate the demands of a long climb, the target cadence during the Tempo portion is 75rpm.",warmup 10:00 @ 50% FTP - 75% FTP | 04:45 @ 88% @ 75RPM | 00:15 @ 170% | 04:45 @ 88% @ 75RPM | 00:15 @ 170% | 04:45 @ 88% @ 75RPM | 00:15 @ 170% | 04:45 @ 88% @ 75RPM | 00:15 @ 170% | 04:45 @ 88% @ 75RPM | 00:15 @ 170% | 04:45 @ 88% @ 75RPM | 00:15 @ 170% | 04:45 @ 88% @ 75RPM | 00:15 @ 170% | 04:45 @ 88% @ 75RPM | 00:15 @ 170% | cooldown 05:00 @ 75% FTP - 50% FTP,tempo-surges-6,https://mywhooshinfo.com/workouts/workout/tempo-surges-6
171,The kindness of strangers,Fast Fitness,Fast Fitness,Z6 - Anaerobic,Z1 - Recovery; Z2 - Endurance; Z3 - Tempo; Z4 - Threshold; Z6 - Anaerobic,46:00,46.0,2760,54,0.85,,False,False,"In today's session, the efforts get shorter, but the power increases.","03:00 @ 50% | 4x [00:10 @ 170%, 00:50 @ 50%] | 01:30 @ 60% | 01:30 @ 75% | 02:00 @ 50% | 02:30 @ 90% | 02:30 @ 104% | 03:00 @ 50% | 02:00 @ 121% | 01:00 @ 50% | 01:00 @ 131% | 01:00 @ 50% | 00:30 @ 140% | 05:00 @ 50% | 02:00 @ 121% | 01:00 @ 50% | 01:00 @ 131% | 01:00 @ 50% | 00:30 @ 140% | 05:00 @ 50% | 01:15 @ 75% | 01:15 @ 64% | 01:15 @ 56% | 01:15 @ 45%",the-kindness-of-strangers,https://mywhooshinfo.com/workouts/workout/the-kindness-of-strangers
118,Threshold #1,Under 35 min,Under 35 min,Z4 - Threshold,Z1 - Recovery; Z4 - Threshold; Z6 - Anaerobic,28:00,28.0,1680,35,0.87,,False,False,"The lactate threshold is one aspect of performance that can be improved the most through the correct application of interval training. Training to enhance Threshold power is typically performed either just below or, ideally, just above the Threshold for extended periods.","03:00 @ 50% | 2x [00:10 @ 175%, 00:50 @ 50%] | 01:00 @ 50% | 05:00 @ 103% | 02:00 @ 50% | 05:00 @ 100% | 02:00 @ 50% | 05:00 @ 97% | 03:00 @ 50%",threshold-1,https://mywhooshinfo.com/workouts/workout/threshold-1
624,Threshold #1,Threshold,All training plan workouts; Threshold,Z4 - Threshold,Z1 - Recovery; Z2 - Endurance; Z3 - Tempo; Z4 - Threshold; Z6 - Anaerobic,58:00,58.0,3480,67,0.83,,True,False,"The lactate threshold is one aspect of performance that can be improved the most through the correct application of interval training. Training to enhance Threshold power is typically performed either just below or, ideally, just above Threshold for extended periods. One of the best ways to hit this fitness area is through structured efforts in ERG mode. You have no choice but to hit the power!","03:00 @ 50% | 4x [00:10 @ 175%, 00:50 @ 50%] | 03:00 @ 70% | 02:00 @ 50% | 05:00 @ 85% | 03:00 @ 50% | 05:00 @ 103% | 02:00 @ 50% | 05:00 @ 100% | 02:00 @ 50% | 05:00 @ 97% | 02:00 @ 50% | 05:00 @ 94% | 02:00 @ 50% | 05:00 @ 91% | 05:00 @ 50%",threshold-1-lsp3,https://mywhooshinfo.com/workouts/workout/threshold-1-lsp3
11098,Threshold #1,All training plan workouts,All training plan workouts,Z4 - Threshold,Z1 - Recovery; Z2 - Endurance; Z3 - Tempo; Z4 - Threshold,01:00:00,60.0,3600,68,0.82,,True,False,"This session is designed to increase your FTP from below, working predominantly on your aerobic metabolism. In time, your body will become more comfortable with these powers, and your FTP will increase. By the end of the final interval, you should be tired and struggling to hold power, but not at your absolute limit...This is my favourite Threshold workout, which can be extended easily and with clear progression.",04:00 @ 55% | 03:00 @ 65% | 03:00 @ 80% | 02:00 @ 90% | 03:00 @ 55% | 10:00 @ 93% | 05:00 @ 55% | 10:00 @ 93% | 05:00 @ 55% | 10:00 @ 93% | 05:00 @ 55%,threshold-1-ejeg,https://mywhooshinfo.com/workouts/workout/threshold-1-ejeg
625,Threshold #2,Threshold,All training plan workouts; Threshold,Z4 - Threshold,Z1 - Recovery; Z2 - Endurance; Z3 - Tempo; Z4 - Threshold; Z6 - Anaerobic,01:06:00,66.0,3960,84,0.88,,True,False,"The lactate threshold is one aspect of performance that can be improved the most through the correct application of interval training. Training to enhance Threshold power is typically performed either just below or, ideally, just above Threshold for extended periods. Today we break the work up into 2 x 20min blocks of work.","03:00 @ 50% | 2x [00:10 @ 175%, 00:50 @ 50%] | 03:00 @ 70% | 02:00 @ 50% | 03:00 @ 85% | 03:00 @ 50% | ramp 03:00 @ 91% FTP - 105% FTP | 01:00 @ 105% | ramp 03:00 @ 105% FTP - 91% FTP | 03:00 @ 91% | ramp 03:00 @ 91% FTP - 105% FTP | 01:00 @ 105% | ramp 03:00 @ 105% FTP - 91% FTP | 03:00 @ 91% | 05:00 @ 50% | ramp 03:00 @ 91% FTP - 105% FTP | 01:00 @ 105% | ramp 03:00 @ 105% FTP - 91% FTP | 03:00 @ 91% | ramp 03:00 @ 91% FTP - 105% FTP | 01:00 @ 105% | ramp 03:00 @ 105% FTP - 91% FTP | 03:00 @ 91% | 05:00 @ 50%",threshold-2,https://mywhooshinfo.com/workouts/workout/threshold-2
11109,Threshold #2,All training plan workouts,All training plan workouts,Z4 - Threshold,Z1 - Recovery; Z2 - Endurance; Z3 - Tempo; Z4 - Threshold,01:06:00,66.0,3960,76,0.84,,True,False,"This session is designed to increase your FTP from below, working predominantly on your aerobic metabolism. In time, your body will become more comfortable with these powers, and your FTP will increase. By the end of the final interval, you should be tired and struggling to hold power, but not at your absolute limit...This is my favourite Threshold workout, which can be extended easily and with clear progression. This week we progress from the past week's efforts with longer intervals.",04:00 @ 55% | 03:00 @ 65% | 03:00 @ 80% | 02:00 @ 90% | 03:00 @ 55% | 12:00 @ 93% | 05:00 @ 55% | 12:00 @ 93% | 05:00 @ 55% | 12:00 @ 93% | 05:00 @ 55%,threshold-2-w29l,https://mywhooshinfo.com/workouts/workout/threshold-2-w29l
626,Threshold #3,Threshold,All training plan workouts; Threshold,Z4 - Threshold,Z1 - Recovery; Z2 - Endurance; Z3 - Tempo; Z4 - Threshold; Z6 - Anaerobic,58:00,58.0,3480,72,0.86,,True,False,"The lactate threshold is one aspect of performance that can be improved the most through the correct application of interval training. Training to enhance Threshold power is typically performed either just below or, ideally, just above Threshold for extended periods. On the table today is one 30min threshold effort. But we move the intensity around from lower zone 4 to upper zone 4.","03:00 @ 50% | 4x [00:10 @ 175%, 00:50 @ 50%] | 04:00 @ 70% | 03:00 @ 50% | 05:00 @ 85% | 04:00 @ 50% | ramp 04:00 @ 91% FTP - 105% FTP | 02:00 @ 105% | ramp 04:00 @ 105% FTP - 91% FTP | 05:00 @ 91% | ramp 04:00 @ 91% FTP - 105% FTP | 02:00 @ 105% | ramp 04:00 @ 105% FTP - 91% FTP | 05:00 @ 91% | 05:00 @ 50%",threshold-3,https://mywhooshinfo.com/workouts/workout/threshold-3
627,Threshold #4,Threshold,All training plan workouts; Threshold,Z4 - Threshold,Z1 - Recovery; Z2 - Endurance; Z3 - Tempo; Z4 - Threshold; Z5 - VO2Max,58:00,58.0,3480,64,0.82,,True,True,"Working to raise your threshold power provides many benefits to your riding. The ability to ride faster and recover quicker is just a couple of these gains. But when we add the element of leg speed to threshold work, we get another level of race specificity to the session.",03:00 @ 50% | 01:00 @ 60% | 01:00 @ 65% | 01:00 @ 81% | 01:00 @ 109% | 01:00 @ 50% | 04:00 @ 85% | 01:00 @ 50% | 01:00 @ 110% | 03:00 @ 50% | 05:00 @ 95% @ 95RPM | 03:00 @ 50% | 05:00 @ 95% @ 95RPM | 03:00 @ 50% | 05:00 @ 95% @ 95RPM | 03:00 @ 50% | 02:00 @ 106% @ 95RPM | 03:00 @ 50% | 02:00 @ 106% @ 95RPM | 03:00 @ 50% | 02:00 @ 106% @ 95RPM | 05:00 @ 50%,threshold-4,https://mywhooshinfo.com/workouts/workout/threshold-4
628,Threshold #5,Threshold,Threshold,Z4 - Threshold,Z1 - Recovery; Z2 - Endurance; Z3 - Tempo; Z4 - Threshold; Z5 - VO2Max; Z6 - Anaerobic,59:00,59.0,3540,72,0.86,,True,False,"The lactate threshold is one aspect of performance that can be improved the most through the correct application of interval training. Training to enhance threshold power is typically performed either just below or, ideally, just above threshold for extended periods. We ride just under threshold in this session, but with multiple surges into zone 6, the lactate will accumulate.","warmup 05:00 @ 55% FTP - 75% FTP | 2x [00:10 @ 175%, 00:50 @ 50%] | 02:00 @ 50% | 01:00 @ 109% | 02:00 @ 50% | 03:00 @ 100% | 03:00 @ 50% | 5x [00:15 @ 130%, 01:45 @ 90%] | 03:00 @ 50% | 5x [00:15 @ 130%, 01:45 @ 90%] | 03:00 @ 50% | 5x [00:15 @ 130%, 01:45 @ 90%] | 05:00 @ 50%",threshold-5,https://mywhooshinfo.com/workouts/workout/threshold-5
629,Threshold #6,Threshold,Threshold,Z4 - Threshold,Z1 - Recovery; Z2 - Endurance; Z3 - Tempo; Z4 - Threshold; Z5 - VO2Max; Z6 - Anaerobic,01:04:00,64.0,3840,80,0.87,,True,False,"The lactate threshold is one aspect of performance that can be improved the most through the correct application of interval training. Training to enhance Threshold power is typically performed either just below or, ideally, just above threshold for extended periods. We complete short threshold intervals in this session, with only a brief recovery period. This allows for more time spent at threshold than a continuous effort, but with similar lactate levels.","warmup 05:00 @ 55% FTP - 75% FTP | 2x [00:10 @ 175%, 00:50 @ 50%] | 02:00 @ 50% | 01:00 @ 109% | 02:00 @ 50% | 03:00 @ 100% | 03:00 @ 50% | ramp 02:00 @ 101% FTP - 106% FTP | 01:00 @ 80% | ramp 02:00 @ 101% FTP - 106% FTP | 01:00 @ 80% | ramp 02:00 @ 101% FTP - 106% FTP | 01:00 @ 80% | ramp 02:00 @ 101% FTP - 106% FTP | 01:00 @ 80% | ramp 02:00 @ 101% FTP - 106% FTP | 01:00 @ 80% | 04:00 @ 50% | ramp 02:00 @ 101% FTP - 106% FTP | 01:00 @ 80% | ramp 02:00 @ 101% FTP - 106% FTP | 01:00 @ 80% | ramp 02:00 @ 101% FTP - 106% FTP | 01:00 @ 80% | ramp 02:00 @ 101% FTP - 106% FTP | 01:00 @ 80% | ramp 02:00 @ 101% FTP - 106% FTP | 01:00 @ 80% | 04:00 @ 50% | 03:00 @ 102% | 05:00 @ 50%",threshold-6,https://mywhooshinfo.com/workouts/workout/threshold-6
630,Threshold 15,Threshold,Threshold,Z4 - Threshold,Z1 - Recovery; Z2 - Endurance; Z3 - Tempo; Z4 - Threshold,58:00,58.0,3480,70,0.86,,False,False,It's time to start training for the duration of your final test. Simple on paper but challenging to complete. There is no denying the benefits of long sustained threshold efforts. Today we have 2 x 15min efforts just under FTP.,"warmup 05:00 @ 45% FTP - 65% FTP | 5x [00:30 @ 70%, 00:30 @ 90%] | 01:00 @ 45% | 03:00 @ 87% | 01:00 @ 45% | 01:00 @ 102% | 02:00 @ 55% | 2x [15:00 @ 95%, 04:00 @ 55%] | cooldown 02:00 @ 55% FTP - 35% FTP",threshold-15,https://mywhooshinfo.com/workouts/workout/threshold-15
11064,Threshold 15,All training plan workouts,All training plan workouts,Z4 - Threshold,Z1 - Recovery; Z2 - Endurance; Z3 - Tempo; Z4 - Threshold,01:00:00,60.0,3600,75,0.87,,False,False,"It's time to start training for the duration of your final test. Simple on paper, but challenging to complete. There is no denying the benefits of long sustained threshold efforts. Today we have 2 x 15min efforts just under current FTP.","warmup 05:00 @ 45% FTP - 65% FTP | 5x [00:30 @ 70%, 00:30 @ 90%] | 01:00 @ 45% | 05:00 @ 98% | 01:00 @ 45% | 01:00 @ 102% | 02:00 @ 55% | 2x [15:00 @ 95%, 04:00 @ 55%] | cooldown 02:00 @ 55% FTP - 35% FTP",threshold-15-7me6,https://mywhooshinfo.com/workouts/workout/threshold-15-7me6
631,Threshold 20,Threshold,All training plan workouts; Threshold,Z4 - Threshold,Z1 - Recovery; Z2 - Endurance; Z3 - Tempo; Z4 - Threshold,01:01:00,61.0,3660,79,0.88,,False,False,It's time to start training for the duration of your final test. Simple on paper but challenging to complete. There is no denying the benefits of long sustained threshold efforts. Today we have 2 x 20min efforts just under FTP.,"warmup 03:00 @ 45% FTP - 65% FTP | 2x [00:30 @ 70%, 00:30 @ 90%] | 01:00 @ 45% | 03:00 @ 85% | 02:00 @ 55% | 2x [20:00 @ 95%, 04:00 @ 55%] | cooldown 02:00 @ 55% FTP - 35% FTP",threshold-20,https://mywhooshinfo.com/workouts/workout/threshold-20
119,Threshold Block #1,Under 35 min,Under 35 min,Z2 - Endurance,Z1 - Recovery; Z2 - Endurance; Z4 - Threshold; Z5 - VO2Max,33:00,33.0,1980,34,0.8,Tim Don,False,False,"After a good warmup, complete 2 x 4min Threshold efforts. However, the threshold effort ramps are ramping up or down over the 4min. Recovery time is 1min @ 65% FTP. This is the level at which lactate is cleared at its highest rate.",warmup 06:00 @ 46% FTP - 75% FTP | 01:00 @ 55% | 01:00 @ 109% | 02:00 @ 55% | 10:00 @ 75% | ramp 04:00 @ 90% FTP - 104% FTP | 01:00 @ 65% | ramp 04:00 @ 104% FTP - 90% FTP | 01:00 @ 65% | 03:00 @ 55%,threshold-block-1,https://mywhooshinfo.com/workouts/workout/threshold-block-1
120,Threshold Block #2,Under 35 min,Under 35 min,Z2 - Endurance,Z1 - Recovery; Z2 - Endurance; Z4 - Threshold; Z5 - VO2Max,33:00,33.0,1980,36,0.82,Tim Don,False,False,"After a good warmup, complete 2 x 5min Threshold efforts. However, the threshold effort ramps up from low to high threshold over the 5min. Recovery time is 1min @ 65% FTP. This is the level at which lactate is cleared at its highest rate.",warmup 05:00 @ 50% FTP - 76% FTP | 01:00 @ 55% | 01:00 @ 109% | 02:00 @ 55% | 08:00 @ 75% | 01:00 @ 65% | ramp 05:00 @ 91% FTP - 104% FTP | 01:00 @ 65% | ramp 05:00 @ 104% FTP - 90% FTP | 01:00 @ 65% | 03:00 @ 55%,threshold-block-2,https://mywhooshinfo.com/workouts/workout/threshold-block-2
10238,Threshold block #2,Threshold,All training plan workouts; Threshold,Z4 - Threshold,Z1 - Recovery; Z2 - Endurance; Z3 - Tempo; Z4 - Threshold,57:00,57.0,3420,70,0.86,,True,False,"A long threshold effort broken up by 1min recovery periods. However, after each recovery period the target cadence will change for the 5min threshold interval. How does the change in cadence affect your perceived effort for the same power?",warmup 10:00 @ 50% FTP - 75% FTP | 05:00 @ 95% | 01:00 @ 55% | 05:00 @ 95% | 01:00 @ 55% | 05:00 @ 95% | 01:00 @ 55% | 05:00 @ 95% | 01:00 @ 55% | 05:00 @ 95% | 01:00 @ 55% | 05:00 @ 95% | 01:00 @ 55% | 05:00 @ 95% | 01:00 @ 55% | cooldown 05:00 @ 75% FTP - 50% FTP,threshold-block-2-7sgs,https://mywhooshinfo.com/workouts/workout/threshold-block-2-7sgs
121,Threshold Block #3,Under 35 min,Under 35 min,Z2 - Endurance,Z1 - Recovery; Z2 - Endurance; Z4 - Threshold; Z5 - VO2Max,34:00,34.0,2040,39,0.83,Si Bradeley,False,False,"After a good warmup, complete 3 Threshold efforts, ranging in duration from 3 to 5min. However, the threshold effort rises from low to high threshold over the interval. Recovery time is 1min @ 65% FTP. This is the level at which lactate is cleared at its highest rate.",warmup 06:00 @ 51% FTP - 76% FTP | 01:00 @ 55% | 01:00 @ 109% | 01:00 @ 55% | 08:00 @ 75% | ramp 03:00 @ 90% FTP - 105% FTP | 01:00 @ 65% | ramp 04:00 @ 90% FTP - 104% FTP | 01:00 @ 65% | ramp 05:00 @ 90% FTP - 103% FTP | 03:00 @ 55%,threshold-block-3,https://mywhooshinfo.com/workouts/workout/threshold-block-3
10648,Threshold Development,All training plan workouts,All training plan workouts,Z4 - Threshold,Z1 - Recovery; Z2 - Endurance; Z3 - Tempo; Z4 - Threshold; Z5 - VO2Max,54:00,54.0,3240,62,0.83,Si Bradeley,True,False,"Having a strong threshold is crucial to climbing performance. Whether your goal is to ride as a professional cyclist, or to get fitter, improving your threshold/FTP will help you on your journey. Today we will work on 'pushing' your FTP up from below and 'pulling' from above. Alternating cadences in the first interval will spike your heart rate whilst the external load (power) should remain stable.","03:00 @ 60% | 03:00 @ 70% | 03:00 @ 80% | 03:00 @ 90% | 05:00 @ 55% | 5x [00:20 @ 90%, 00:50 @ 90%] | 03:00 @ 55% | 02:00 @ 90% | 01:00 @ 105% | 01:00 @ 90% | 02:00 @ 105% | 01:00 @ 115% | 03:00 @ 60% | 10:00 @ 91% | 05:10 @ 55%",threshold-development,https://mywhooshinfo.com/workouts/workout/threshold-development
636,Threshold Development #2,Threshold,Threshold,Z4 - Threshold,Z1 - Recovery; Z2 - Endurance; Z3 - Tempo; Z4 - Threshold; Z5 - VO2Max,58:10,58.2,3490,68,0.84,,True,True,"Having a strong threshold is crucial to climbing performance. Whether your goal is to ride as a professional cyclist or get fitter, improving your threshold/FTP will help you. Today we progress on last week's Threshold Development session, increasing the duration of the intervals and time in the zone!","03:00 @ 60% | 03:00 @ 70% | 03:00 @ 80% @ 75RPM | 03:00 @ 90% | 05:00 @ 55% | 6x [00:20 @ 90%, 00:50 @ 90%] | 03:00 @ 55% | 02:00 @ 90% | 01:30 @ 105% | 01:00 @ 90% | 02:00 @ 105% | 01:30 @ 115% | 03:00 @ 60% | 12:00 @ 91% | 05:10 @ 55%",threshold-development-2,https://mywhooshinfo.com/workouts/workout/threshold-development-2
10655,Threshold Development 2,All training plan workouts,All training plan workouts,Z4 - Threshold,Z1 - Recovery; Z2 - Endurance; Z3 - Tempo; Z4 - Threshold; Z5 - VO2Max,58:10,58.2,3490,68,0.84,,True,False,"Having a strong threshold is crucial to climbing performance. Whether your goal is to ride as a professional cyclist, or to get fitter, improving your threshold/FTP will help you on your journey. Today we progress on last weeks Threshold Development session, increasing the duration of the intervals and time in the zone!","03:00 @ 60% | 03:00 @ 70% | 03:00 @ 80% | 03:00 @ 90% | 05:00 @ 55% | 6x [00:20 @ 90%, 00:50 @ 90%] | 03:00 @ 55% | 02:00 @ 90% | 01:30 @ 105% | 01:00 @ 90% | 02:00 @ 105% | 01:30 @ 115% | 03:00 @ 60% | 12:00 @ 91% | 05:10 @ 55%",threshold-development-2-8n65,https://mywhooshinfo.com/workouts/workout/threshold-development-2-8n65
633,Threshold into all-out!,Threshold,Threshold,Z4 - Threshold,Z1 - Recovery; Z2 - Endurance; Z3 - Tempo; Z4 - Threshold; Z5 - VO2Max; Z6 - Anaerobic,01:00:00,60.0,3600,65,0.81,,True,False,"The racing demands will see you build up the power over an extended period before unleashing a short maximal effort. The intensity builds as you jostle for position, but you need to keep something in the tank for the decisive move. Today's workout does just this. We begin with a long effort from zone 3 up to the top of zone 4 before performing a hard 30sec effort.","04:00 @ 50% | 2x [00:10 @ 175%, 00:50 @ 50%] | 02:00 @ 50% | 05:00 @ 65% | 02:00 @ 50% | 01:00 @ 109% | 02:00 @ 50% | 03:00 @ 100% | 04:00 @ 50% | ramp 05:30 @ 88% FTP - 105% FTP | 00:30 @ 130% | 04:00 @ 50% | ramp 04:30 @ 88% FTP - 105% FTP | 00:30 @ 130% | 04:00 @ 50% | ramp 03:30 @ 88% FTP - 105% FTP | 00:30 @ 130% | 04:00 @ 50% | ramp 02:30 @ 88% FTP - 105% FTP | 00:30 @ 130% | 05:00 @ 50%",threshold-into-all-out,https://mywhooshinfo.com/workouts/workout/threshold-into-all-out
256,Threshold into Anaerobic Capacity,Anaerobic,Anaerobic,Z6 - Anaerobic,Z1 - Recovery; Z2 - Endurance; Z3 - Tempo; Z4 - Threshold; Z6 - Anaerobic,01:00:00,60.0,3600,78,0.88,,True,False,"Anaerobic efforts are a guaranteed part of racing. They come thick and fast during the finale of a race, often being produced at a low cadence. Enhancing the race specificity of the workout, the anaerobic efforts are completed immediately after a 4min threshold effort.","03:00 @ 50% | 4x [00:10 @ 175%, 00:50 @ 50%] | 03:00 @ 70% | 02:00 @ 50% | 05:00 @ 85% | 03:00 @ 50% | ramp 04:00 @ 95% FTP - 105% FTP | 4x [01:00 @ 135%, 02:00 @ 50%] | 05:00 @ 50% | ramp 04:00 @ 95% FTP - 105% FTP | 4x [01:00 @ 135%, 02:00 @ 50%] | 03:00 @ 50%",threshold-into-anaerobic-capacity,https://mywhooshinfo.com/workouts/workout/threshold-into-anaerobic-capacity
634,Threshold Power #1,Threshold,All training plan workouts; Threshold,Z4 - Threshold,Z1 - Recovery; Z2 - Endurance; Z3 - Tempo; Z4 - Threshold; Z5 - VO2Max,01:04:00,64.0,3840,77,0.85,,False,False,You are stepping up into the realms of Threshold power today. We work closely with your current FTP in this workout and increase the workload. Steady-state efforts just under your threshold will have you accustomed to high-intensity efforts. The brief recovery period is preparing you for longer sustained intervals.,"warmup 05:00 @ 45% FTP - 65% FTP | 5x [00:30 @ 70%, 00:30 @ 90%] | 02:00 @ 45% | 03:00 @ 100% | 01:00 @ 45% | 01:00 @ 111% | 01:00 @ 45% | 8x [04:00 @ 95%, 01:30 @ 55%] | 02:00 @ 50%",threshold-power-1,https://mywhooshinfo.com/workouts/workout/threshold-power-1
10604,Threshold Pushing,All training plan workouts,All training plan workouts,Z4 - Threshold,Z1 - Recovery; Z2 - Endurance; Z3 - Tempo; Z4 - Threshold,01:00:00,60.0,3600,68,0.82,,True,False,"This session is designed to increase your FTP from below, working predominantly on your aerobic metabolism. In time, your body will become more comfortable at these powers and your FTP will increase. By the end of the final interval you should be tired and struggling to hold the power, but not at your absolute limit...",04:00 @ 55% | 03:00 @ 65% | 03:00 @ 80% | 02:00 @ 90% | 03:00 @ 55% | 10:00 @ 93% | 05:00 @ 55% | 10:00 @ 93% | 05:00 @ 55% | 10:00 @ 93% | 05:00 @ 55%,threshold-pushing,https://mywhooshinfo.com/workouts/workout/threshold-pushing
637,Threshold Pushing #1,Threshold,Threshold,Z4 - Threshold,Z1 - Recovery; Z2 - Endurance; Z3 - Tempo; Z4 - Threshold,01:00:00,60.0,3600,68,0.82,,True,True,"This session is designed to increase your FTP from below, working predominantly on your aerobic metabolism. Your body will become more comfortable at these powers in time, and your FTP will increase. You should be tired and struggling to hold power by the end of the final interval, but not at your absolute limit. Despite this being a sprint-focused plan, we do not complete a single sprint today. These steady efforts are designed to build your engine. Meaning you are fresher and able to complete the sprints when required.",04:00 @ 55% | 03:00 @ 65% | 03:00 @ 80% @ 75RPM | 02:00 @ 90% | 03:00 @ 55% | 10:00 @ 93% | 05:00 @ 55% | 10:00 @ 93% | 05:00 @ 55% | 10:00 @ 93% | 05:00 @ 55%,threshold-pushing-1,https://mywhooshinfo.com/workouts/workout/threshold-pushing-1
638,Threshold Pushing #2,Threshold,Threshold,Z4 - Threshold,Z1 - Recovery; Z2 - Endurance; Z3 - Tempo; Z4 - Threshold,01:06:00,66.0,3960,76,0.84,,True,True,"This session is designed to increase your FTP from below, working predominantly on your aerobic metabolism. Your body will become more comfortable at these powers in time, and your FTP will increase. You should be tired and struggling to hold power by the end of the final interval, but not at your absolute limit. You are building on Last week's session, extending the time of each interval.",04:00 @ 55% | 03:00 @ 65% | 03:00 @ 80% @ 75RPM | 02:00 @ 90% | 03:00 @ 55% | 12:00 @ 93% | 05:00 @ 55% | 12:00 @ 93% | 05:00 @ 55% | 12:00 @ 93% | 05:00 @ 55%,threshold-pushing-2,https://mywhooshinfo.com/workouts/workout/threshold-pushing-2
639,Threshold Pushing #3,Threshold,Threshold,Z4 - Threshold,Z1 - Recovery; Z2 - Endurance; Z3 - Tempo; Z4 - Threshold,01:12:00,72.0,4320,85,0.85,,True,True,"This session is designed to increase your FTP from below, working predominantly on your aerobic metabolism. Your body will become more comfortable at these powers in time, and your FTP will increase. You should be tired and struggling to hold power by the end of the final interval, but not at your absolute limit Building on Last week's session, extending the time of each interval. This is one of the most extended sessions in the Climbing Focussed Plan. If you are short on time, repeat last week's Threshold Pushing 2 Workout.",04:00 @ 55% | 03:00 @ 65% | 03:00 @ 80% @ 75RPM | 02:00 @ 90% | 03:00 @ 55% | 14:00 @ 93% | 05:00 @ 55% | 14:00 @ 93% | 05:00 @ 55% | 14:00 @ 93% | 05:00 @ 55%,threshold-pushing-3,https://mywhooshinfo.com/workouts/workout/threshold-pushing-3
10891,Threshold Pushing 2,All training plan workouts,All training plan workouts,Z4 - Threshold,Z1 - Recovery; Z2 - Endurance; Z3 - Tempo; Z4 - Threshold,01:06:00,66.0,3960,76,0.84,,True,False,"This session is designed to increase your FTP from below, working predominantly on your aerobic metabolism. In time, your body will become more comfortable at these powers and your FTP will increase. By the end of the final interval you should be tired and struggling to hold the power, but not at your absolute limit... Building on Last weeks session, extending the time of each interval.",04:00 @ 55% | 03:00 @ 65% | 03:00 @ 80% | 02:00 @ 90% | 03:00 @ 55% | 12:00 @ 93% | 05:00 @ 55% | 12:00 @ 93% | 05:00 @ 55% | 12:00 @ 93% | 05:00 @ 55%,threshold-pushing-2-o5qx,https://mywhooshinfo.com/workouts/workout/threshold-pushing-2-o5qx
10898,Threshold Pushing 3,All training plan workouts,All training plan workouts,Z4 - Threshold,Z1 - Recovery; Z2 - Endurance; Z3 - Tempo; Z4 - Threshold,01:12:00,72.0,4320,85,0.85,,True,False,"This session is designed to increase your FTP from below, working predominantly on your aerobic metabolism. In time, your body will become more comfortable at these powers and your FTP will increase. By the end of the final interval you should be tired and struggling to hold the power, but not at your absolute limit... Building on Last weeks session, extending the time of each interval. This is one of the longest sessions in the Sprint Focussed Plan. If you are short for time, repeat last weeks Threshold Pushing 2"" Workout.""",04:00 @ 55% | 03:00 @ 65% | 03:00 @ 80% | 02:00 @ 90% | 03:00 @ 55% | 14:00 @ 93% | 05:00 @ 55% | 14:00 @ 93% | 05:00 @ 55% | 14:00 @ 93% | 05:00 @ 55%,threshold-pushing-3-38s2,https://mywhooshinfo.com/workouts/workout/threshold-pushing-3-38s2
122,Through the Zones #1,Under 35 min,Under 35 min,Z2 - Endurance,Z1 - Recovery; Z2 - Endurance; Z3 - Tempo; Z4 - Threshold; Z5 - VO2Max; Z6 - Anaerobic,35:00,35.0,2100,36,0.8,,False,False,"After warming up, complete a 5 minute 'Through the zones' interval. The 5-minute effort features a 20-second surge before moving into the next level of intensity.","warmup 05:00 @ 45% FTP - 75% FTP | 2x [01:00 @ 80%, 01:00 @ 55%] | 2x [01:00 @ 98%, 01:00 @ 55%] | 10:00 @ 75% | 00:20 @ 150% | ramp 03:00 @ 76% FTP - 90% FTP | 00:20 @ 150% | ramp 02:00 @ 91% FTP - 110% FTP | 00:20 @ 150% | 02:00 @ 55% | cooldown 04:00 @ 45% FTP - 70% FTP",through-the-zones-1,https://mywhooshinfo.com/workouts/workout/through-the-zones-1
549,Through the Zones #1,Tempo,All training plan workouts; Tempo,Z3 - Tempo,Z1 - Recovery; Z2 - Endurance; Z3 - Tempo; Z4 - Threshold; Z6 - Anaerobic,55:20,55.3,3320,64,0.84,,False,True,"Opening with a 10-minute Tempo effort, you will complete 2 x 10min Intervals that progress through Zones 3, 4 and 6. The target rpm increases across the three intervals, focusing on a higher cadence today.",02:00 @ 50% | 01:40 @ 55% | 01:40 @ 60% | 01:40 @ 65% | 01:40 @ 75% | 01:40 @ 75% | 10:00 @ 88% @ 95RPM | 05:00 @ 55% | 06:00 @ 88% @ 85RPM | 03:00 @ 104% @ 90RPM | 01:00 @ 120% @ 95RPM | 05:00 @ 55% | 06:00 @ 88% @ 85RPM | 03:00 @ 104% @ 90RPM | 01:00 @ 120% @ 95RPM | 05:00 @ 50%,through-the-zones-1-l2v3,https://mywhooshinfo.com/workouts/workout/through-the-zones-1-l2v3
123,Through the Zones #2,Under 35 min,Under 35 min,Z3 - Tempo,Z1 - Recovery; Z2 - Endurance; Z3 - Tempo; Z4 - Threshold; Z5 - VO2Max; Z6 - Anaerobic,31:40,31.7,1900,46,0.94,,False,False,"After warming up, complete an 18 minute 'Through the zones' interval. The 18-minute effort features a 20-second surge before moving into the next level of intensity.","warmup 05:00 @ 45% FTP - 75% FTP | 2x [01:00 @ 90%, 01:00 @ 55%] | 00:20 @ 150% | ramp 03:00 @ 81% FTP - 90% FTP | 00:20 @ 150% | ramp 03:00 @ 96% FTP - 103% FTP | 00:20 @ 150% | ramp 02:00 @ 105% FTP - 117% FTP | ramp 05:00 @ 81% FTP - 90% FTP | 00:20 @ 150% | ramp 03:00 @ 96% FTP - 103% FTP | 00:20 @ 150% | ramp 02:00 @ 105% FTP - 117% FTP | 03:00 @ 55%",through-the-zones-2,https://mywhooshinfo.com/workouts/workout/through-the-zones-2
124,Through the Zones #3,Under 35 min,Under 35 min,Z3 - Tempo,Z1 - Recovery; Z2 - Endurance; Z3 - Tempo; Z4 - Threshold; Z5 - VO2Max; Z6 - Anaerobic,33:40,33.7,2020,49,0.94,,False,False,"After warming up, complete a 20 minute 'Through the zones' interval. The 20-minute effort features a 20-second surge before and after a 5-minute tempo effort, a 3-minute threshold effort and a 2 minute VO2 effort.","warmup 05:00 @ 45% FTP - 75% FTP | 2x [01:00 @ 90%, 01:00 @ 55%] | 00:20 @ 150% | ramp 05:00 @ 81% FTP - 90% FTP | 00:20 @ 150% | ramp 03:00 @ 96% FTP - 103% FTP | 00:20 @ 150% | ramp 02:00 @ 105% FTP - 117% FTP | ramp 05:00 @ 81% FTP - 90% FTP | 00:20 @ 150% | ramp 03:00 @ 96% FTP - 103% FTP | 00:20 @ 150% | ramp 02:00 @ 105% FTP - 117% FTP | 03:00 @ 55%",through-the-zones-3,https://mywhooshinfo.com/workouts/workout/through-the-zones-3
10560,Time Trial Warm Up,All training plan workouts,All training plan workouts,Z4 - Threshold,Z1 - Recovery; Z2 - Endurance; Z3 - Tempo; Z4 - Threshold; Z6 - Anaerobic,25:15,25.2,1515,26,0.79,,False,False,"The goal of the TT warmup is to prepare you for the high intensity effort ahead. However, there is a fine line between warming up, and wasting energy that could be used in the TT. This carefully planned warmup will guide you through an appropriate warmup, consisting of varying intensity, that will have you ready to perform at your best. Aim to complete the warmup 10min before your start time.","05:00 @ 50% | 01:00 @ 60% | 01:00 @ 66% | 01:00 @ 72% | 01:00 @ 78% | 01:00 @ 85% | 01:00 @ 91% | 01:00 @ 97% | 01:00 @ 103% | 02:00 @ 55% | 03:00 @ 100% | 3x [00:55 @ 55%, 00:10 @ 200%] | 04:00 @ 55%",time-trial-warm-up,https://mywhooshinfo.com/workouts/workout/time-trial-warm-up
172,Too much fun,Fast Fitness,Fast Fitness,Z2 - Endurance,Z1 - Recovery; Z2 - Endurance; Z3 - Tempo; Z4 - Threshold; Z5 - VO2Max; Z6 - Anaerobic,38:00,38.0,2280,44,0.84,,False,False,The focus of this session is to improve your ability to produce significant power. Turn that big gear quickly today.,"01:00 @ 45% | 01:00 @ 56% | 01:00 @ 64% | 01:00 @ 75% | 2x [01:00 @ 85%, 01:00 @ 50%] | 2x [01:00 @ 98%, 01:00 @ 50%] | 01:00 @ 50% | 00:30 @ 120% | 02:30 @ 70% | 02:30 @ 80% | 01:00 @ 50% | 00:30 @ 130% | 02:30 @ 75% | 02:30 @ 85% | 02:00 @ 50% | 00:30 @ 106% | 02:00 @ 120% | 02:00 @ 50% | 00:30 @ 106% | 02:00 @ 120% | 02:00 @ 50% | 02:00 @ 50%",too-much-fun,https://mywhooshinfo.com/workouts/workout/too-much-fun
10844,Torque Changers,All training plan workouts,All training plan workouts,Z3 - Tempo,Z1 - Recovery; Z2 - Endurance; Z3 - Tempo; Z6 - Anaerobic,58:57,59.0,3537,63,0.81,,True,False,"In this Torque Changer session, we take you from the extremes in torque requirements with a sprint focus. Steady state intervals, with short, high torque efforts throughout.","03:00 @ 55% | 03:00 @ 65% | 02:00 @ 80% | 02:00 @ 90% | 03:00 @ 55% | 3x [02:30 @ 86%, 00:13 @ 120%] | 03:00 @ 55% | 3x [02:30 @ 86%, 00:13 @ 120%] | 03:00 @ 55% | 3x [02:30 @ 86%, 00:13 @ 120%] | 03:00 @ 55% | 4x [02:00 @ 75%, 00:15 @ 150%] | 03:30 @ 55%",torque-changers,https://mywhooshinfo.com/workouts/workout/torque-changers
552,Torque Changers #1,Tempo,All training plan workouts; Tempo,Z3 - Tempo,Z1 - Recovery; Z2 - Endurance; Z3 - Tempo; Z6 - Anaerobic,58:57,59.0,3537,63,0.81,,True,True,"This Torque Changer session takes you from the extremes in torque requirements with a sprint focus?steady-state intervals, with short, high torque efforts throughout.","03:00 @ 55% | 03:00 @ 65% | 02:00 @ 80% @ 75RPM | 02:00 @ 90% | 03:00 @ 55% | 3x [02:30 @ 86%, 00:13 @ 120%] | 03:00 @ 55% | 3x [02:30 @ 86%, 00:13 @ 120%] | 03:00 @ 55% | 3x [02:30 @ 86%, 00:13 @ 120%] | 03:00 @ 55% | 4x [02:00 @ 75%, 00:15 @ 150%] | 03:30 @ 55%",torque-changers-1,https://mywhooshinfo.com/workouts/workout/torque-changers-1
550,Torque Changers #2,Tempo,All training plan workouts; Tempo,Z3 - Tempo,Z1 - Recovery; Z2 - Endurance; Z3 - Tempo; Z6 - Anaerobic,01:07:06,67.1,4026,77,0.83,Lisa Hermansson,True,True,"This Torque Changer session takes you from the extremes in torque requirements with a sprint focus?steady-state intervals, with short, high torque efforts throughout. We will progress from the previous weeks with extended intervals and more challenging sprints this week. Progressive Overload is Key!","03:00 @ 55% | 03:00 @ 65% | 02:00 @ 80% @ 75RPM | 02:00 @ 90% | 03:00 @ 55% | 4x [02:30 @ 86%, 00:13 @ 140%] | 03:00 @ 55% | 4x [02:30 @ 86%, 00:13 @ 140%] | 03:00 @ 55% | 4x [02:30 @ 86%, 00:13 @ 140%] | 03:00 @ 55% | 4x [02:00 @ 75%, 00:15 @ 150%] | 03:30 @ 55%",torque-changers-2,https://mywhooshinfo.com/workouts/workout/torque-changers-2
551,Torque Changers #3,Tempo,Tempo,Z3 - Tempo,Z1 - Recovery; Z2 - Endurance; Z3 - Tempo; Z6 - Anaerobic,01:01:06,61.1,3666,70,0.83,,True,True,"This Torque Changer session takes you from the extremes in torque requirements with a sprint focus?steady-state intervals, with short, high torque efforts throughout. We will progress from the previous weeks with extended intervals and more challenging sprints this week. Progressive Overload is Key!","03:00 @ 55% | 03:00 @ 65% | 02:00 @ 80% @ 75RPM | 02:00 @ 90% | 03:00 @ 55% | 4x [02:00 @ 86%, 00:13 @ 140%] | 03:00 @ 55% | 4x [02:00 @ 86%, 00:13 @ 140%] | 03:00 @ 55% | 4x [02:00 @ 86%, 00:13 @ 140%] | 03:00 @ 55% | 4x [02:00 @ 75%, 00:15 @ 150%] | 03:30 @ 55%",torque-changers-3,https://mywhooshinfo.com/workouts/workout/torque-changers-3
10865,Torque Changers 2,All training plan workouts,All training plan workouts,Z3 - Tempo,Z1 - Recovery; Z2 - Endurance; Z3 - Tempo; Z6 - Anaerobic,01:07:06,67.1,4026,77,0.83,Lisa Hermansson,True,False,"In this Torque Changer session, we take you from the extremes in torque requirements with a sprint focus. Steady state intervals, with short, high torque efforts throughout. This week we will progress from the previous weeks, with extended intervals and harder sprints. Progressive Overload is Key!","03:00 @ 55% | 03:00 @ 65% | 02:00 @ 80% | 02:00 @ 90% | 03:00 @ 55% | 4x [02:30 @ 86%, 00:13 @ 140%] | 03:00 @ 55% | 4x [02:30 @ 86%, 00:13 @ 140%] | 03:00 @ 55% | 4x [02:30 @ 86%, 00:13 @ 140%] | 03:00 @ 55% | 4x [02:00 @ 75%, 00:15 @ 150%] | 03:30 @ 55%",torque-changers-2-r3c3,https://mywhooshinfo.com/workouts/workout/torque-changers-2-r3c3
10886,Torque Changers 3,All training plan workouts,All training plan workouts,Z3 - Tempo,Z1 - Recovery; Z2 - Endurance; Z3 - Tempo; Z6 - Anaerobic,01:01:06,61.1,3666,70,0.83,,True,False,"In this Torque Changer session, we take you from the extremes in torque requirements with a sprint focus. Steady state intervals, with short, high torque efforts throughout. This week we will progress from the previous weeks, with extended intervals and harder sprints. Progressive Overload is Key!","03:00 @ 55% | 03:00 @ 65% | 02:00 @ 80% | 02:00 @ 90% | 03:00 @ 55% | 4x [02:00 @ 86%, 00:13 @ 140%] | 03:00 @ 55% | 4x [02:00 @ 86%, 00:13 @ 140%] | 03:00 @ 55% | 4x [02:00 @ 86%, 00:13 @ 140%] | 03:00 @ 55% | 4x [02:00 @ 75%, 00:15 @ 150%] | 03:30 @ 55%",torque-changers-3-3k7k,https://mywhooshinfo.com/workouts/workout/torque-changers-3-3k7k
11166,Torque Endurance,All training plan workouts,All training plan workouts,Z3 - Tempo,Z1 - Recovery; Z2 - Endurance; Z3 - Tempo,01:00:00,60.0,3600,62,0.79,,True,False,"Gravel racing often requires lots of time in a lower cadence, but because of the uneven surfaces, you often have to pedal more than on the road. Even when drafting, you have to keep the pressure on the pedals. This workout splits the cadences between low and high to build your torque endurance.","03:00 @ 55% | 03:00 @ 65% | 02:00 @ 80% | 02:00 @ 90% | 03:00 @ 55% | 3x [02:30 @ 86%, 00:30 @ 86%] | 03:00 @ 55% | 3x [02:30 @ 86%, 00:30 @ 86%] | 03:00 @ 55% | 3x [02:30 @ 86%, 00:30 @ 86%] | 03:00 @ 55% | 3x [02:00 @ 86%, 00:30 @ 86%] | 03:30 @ 55%",torque-endurance,https://mywhooshinfo.com/workouts/workout/torque-endurance
11168,Torque Steps,All training plan workouts,All training plan workouts,Z3 - Tempo,Z1 - Recovery; Z2 - Endurance; Z3 - Tempo; Z4 - Threshold,01:01:00,61.0,3660,59,0.77,,True,False,Building on the Torque Endurance session earlier in the week. We go through various intervals. All are focussed on increasing your torque production.,"04:00 @ 55% | 03:00 @ 65% | 02:00 @ 80% | 02:00 @ 90% | 03:00 @ 55% | 04:00 @ 90% | 03:00 @ 55% | 06:00 @ 87% | 03:00 @ 55% | 4x [02:00 @ 84%, 00:30 @ 84%] | 03:00 @ 55% | 06:00 @ 80% | 03:00 @ 55% | 04:00 @ 90% | 05:00 @ 55%",torque-steps,https://mywhooshinfo.com/workouts/workout/torque-steps
650,Train like Tadej - Short climbs,UAE Team Emirates,UAE Team Emirates,Z2 - Endurance,Z1 - Recovery; Z2 - Endurance; Z3 - Tempo; Z5 - VO2Max,53:00,53.0,3180,56,0.8,,True,False,"How does Tadej Pogacar train to perform those explosive race-winning attacks? This workout by the UAE Team Emirates coach focuses on VO2max power and the ability to repeat this. The ability to perform race-winning efforts late in the race is critical to success. To achieve this, we begin with a long Zone 2 interval followed by high-intensity VO2max efforts.",04:00 @ 50% | 00:30 @ 80% | 00:30 @ 45% | 00:30 @ 80% | 00:30 @ 45% | 00:30 @ 80% | 00:30 @ 45% | 00:30 @ 80% | 00:30 @ 45% | 01:00 @ 50% | 15:00 @ 73% | 03:00 @ 50% | 03:00 @ 107% | 03:00 @ 50% | 03:00 @ 107% | 03:00 @ 50% | 03:00 @ 107% | 03:00 @ 50% | 03:00 @ 107% | 03:00 @ 50% | 02:00 @ 50%,train-like-tadej-short-climbs,https://mywhooshinfo.com/workouts/workout/train-like-tadej-short-climbs
649,Train like Tadej -Pre-race,UAE Team Emirates,All training plan workouts; UAE Team Emirates,Z2 - Endurance,Z1 - Recovery; Z2 - Endurance; Z3 - Tempo; Z4 - Threshold; Z5 - VO2Max; Z6 - Anaerobic,53:30,53.5,3210,47,0.73,,True,False,"How does Tadej Pogacar prepare for racing? This workout, designed by one of the coaches of the UAE Team Emirates, is the session completed the day before racing. This is your opportunity to work through the same intervals that Tadej performs to prepare for a hard day of racing. These efforts are designed as 'openers' to wake the legs from a rest period in preparation for high-intensity racing.",warmup 05:00 @ 45% FTP - 70% FTP | 01:00 @ 50% | 01:00 @ 80% | 01:00 @ 50% | 01:00 @ 93% | 02:00 @ 50% | 10:00 @ 73% | 02:00 @ 50% | 03:00 @ 88% | 03:00 @ 50% | ramp 03:00 @ 75% FTP - 110% FTP | 00:10 @ 150% | 05:00 @ 50% | ramp 03:00 @ 75% FTP - 110% FTP | 00:10 @ 150% | 05:00 @ 50% | ramp 03:00 @ 75% FTP - 110% FTP | 00:10 @ 150% | 05:00 @ 50%,train-like-tadej-pre-race,https://mywhooshinfo.com/workouts/workout/train-like-tadej-pre-race
733,Train Like Tadej-4x3min VO2 Max,UAE Team Emirates,UAE Team Emirates,Z5 - VO2Max,Z1 - Recovery; Z2 - Endurance; Z3 - Tempo; Z4 - Threshold; Z5 - VO2Max,57:00,57.0,3420,60,0.8,,False,True,Train Like Tadej for the Giro-Tour Double with 4x3min VO2 Max. These intervals are short and challenging at 110% FTP. There is an extra minute added onto each section of recovery to allow you to fully catch your breath. This is a great pre-race session that targets the upper limits of your repeatable VO2 Max power.,warmup 05:00 @ 40% FTP - 65% FTP | 03:00 @ 70% | 03:00 @ 80% | 03:00 @ 90% | 05:00 @ 50% | 03:00 @ 110% @ 90RPM | 04:00 @ 50% @ 85RPM | 03:00 @ 110% @ 90RPM | 04:00 @ 50% @ 85RPM | 03:00 @ 110% @ 90RPM | 04:00 @ 50% @ 85RPM | 03:00 @ 110% @ 90RPM | 04:00 @ 50% @ 85RPM | cooldown 10:00 @ 60% FTP - 35% FTP,train-like-tadej-4x3min-vo2-max,https://mywhooshinfo.com/workouts/workout/train-like-tadej-4x3min-vo2-max
734,Train Like Tadej: 3x15min Tempo,UAE Team Emirates,UAE Team Emirates,Z3 - Tempo,Z1 - Recovery; Z2 - Endurance; Z3 - Tempo; Z4 - Threshold,01:31:00,91.0,5460,95,0.79,,False,True,"Train Like Tadej for the Giro-Tour Double with 3x15min Tempo intervals. This session helps build your aerobic engine without being as challenging as a Threshold or VO2 Max workout. These intervals are perfect for riders who struggle with steady-state efforts. Focus on maintaining a constant power output, breathing rate, and cadence throughout each 15min effort.",warmup 05:00 @ 40% FTP - 65% FTP | 03:00 @ 70% | 03:00 @ 80% | 03:00 @ 90% | 05:00 @ 50% | 15:00 @ 89% @ 90RPM | 08:00 @ 55% @ 85RPM | 15:00 @ 89% @ 90RPM | 08:00 @ 55% @ 85RPM | 15:00 @ 89% @ 90RPM | 08:00 @ 55% @ 85RPM | cooldown 03:00 @ 55% FTP - 35% FTP,train-like-tadej-3x15min-tempo,https://mywhooshinfo.com/workouts/workout/train-like-tadej-3x15min-tempo
735,Train Like Tadej: 6x15sec Sprints,UAE Team Emirates,UAE Team Emirates,Z2 - Endurance,Free Ride; Z1 - Recovery; Z2 - Endurance; Z3 - Tempo; Z4 - Threshold,01:29:00,89.0,5340,55,0.61,,False,True,"Train Like Tadej for the Giro-Tour Double with 6x15sec Sprints. This session is focused on improving your 15-second sprint power. There are only 6 sprints throughout this workout, with ample time to recover bewteen each effort. Whether it is sprinting for the finish, accelerating out of a switchback, or launching an attack, Tadej is always working on his 15-second sprint power. Give it your all during each effort and try different gearing and cadences to maximize your sprint power.",warmup 05:00 @ 40% FTP - 65% FTP | 03:00 @ 70% | 03:00 @ 80% | 01:00 @ 90% @ 100RPM | 05:00 @ 50% | 05:00 @ 60% | 00:15 @ Free ride | 10:00 @ 60% | 00:15 @ Free ride | 10:00 @ 60% | 00:15 @ Free ride | 10:00 @ 60% | 00:15 @ Free ride | 10:00 @ 60% | 00:15 @ Free ride | 10:00 @ 60% | 00:15 @ Free ride | 10:00 @ 60% | cooldown 05:30 @ 60% FTP - 35% FTP,train-like-tadej-6x15sec-sprints,https://mywhooshinfo.com/workouts/workout/train-like-tadej-6x15sec-sprints
10985,Training Zones,All training plan workouts,All training plan workouts,Z2 - Endurance,Z1 - Recovery; Z2 - Endurance; Z3 - Tempo; Z4 - Threshold; Z5 - VO2Max,31:30,31.5,1890,22,0.66,,True,False,"Understanding 'Training Zones' and their effect, will allow you to take your fitness journey to the next level. By completing efforts of varied duration and intensity, you will personalise training to meet your needs. Today we introduce the idea of different 'Training Zones' and the required intensity and length of efforts.",warmup 05:00 @ 40% FTP - 70% FTP | 05:00 @ 55% | 03:00 @ 65% | 02:00 @ 55% | 03:00 @ 81% | 02:00 @ 56% | 02:00 @ 95% | 03:00 @ 55% | 00:30 @ 109% | 01:00 @ 50% | cooldown 05:00 @ 65% FTP - 25% FTP,training-zones,https://mywhooshinfo.com/workouts/workout/training-zones
332,Tri Endurance #1,Endurance,All training plan workouts; Endurance,Z2 - Endurance,Z1 - Recovery; Z2 - Endurance; Z3 - Tempo; Z6 - Anaerobic,01:56:00,116.0,6960,108,0.75,,False,False,"To achieve a successful cycling performance, you need good endurance. Endurance training is about improving your capacity to endure sustained exercise. This endurance (or ability to endure) then helps form a solid base of fitness to build more race-specific training. By implementing carefully structured intensity into your endurance training, your ability to become more fatigue resistant is enhanced.","warmup 05:00 @ 45% FTP - 70% FTP | 5x [00:30 @ 65%, 00:30 @ 89%] | 03:00 @ 50% | 30:00 @ 70% | 12x [00:10 @ 160%, 04:50 @ 72%] | 10:00 @ 88% | 03:00 @ 50%",tri-endurance-1,https://mywhooshinfo.com/workouts/workout/tri-endurance-1
333,Tri Endurance #2,Endurance,All training plan workouts; Endurance,Z2 - Endurance,Z1 - Recovery; Z2 - Endurance; Z3 - Tempo; Z4 - Threshold,01:49:00,109.0,6540,105,0.76,,False,False,"To achieve a successful cycling performance, you need good endurance. Endurance training is about improving your capacity to endure sustained exercise. This endurance (or ability to endure) then helps to form a solid base of fitness upon which to build more race-specific training. By implementing carefully structured intensity into your endurance training, your ability to become more fatigue resistant is enhanced.","warmup 05:00 @ 45% FTP - 70% FTP | 5x [00:30 @ 65%, 00:30 @ 89%] | 03:00 @ 50% | 15:00 @ 70% | 12x [01:30 @ 95%, 05:00 @ 72%] | 03:00 @ 50%",tri-endurance-2,https://mywhooshinfo.com/workouts/workout/tri-endurance-2
11301,Tri Endurance #2 + Swim,All training plan workouts,All training plan workouts,Z2 - Endurance,Z1 - Recovery; Z2 - Endurance; Z3 - Tempo; Z4 - Threshold,01:49:00,109.0,6540,105,0.76,,False,False,"To achieve a successful cycling performance, you need good endurance. Endurance training is about improving your capacity to endure sustained exercise. This endurance (or ability to endure) then helps to form a solid base of fitness upon which to build more race-specific training. By implementing carefully structured intensity into your endurance training, your ability to become more fatigue resistant is enhanced. For your swim session, complete 800 meters total, incorporating one set of 400 meters at a steady effort.","warmup 05:00 @ 45% FTP - 70% FTP | 5x [00:30 @ 65%, 00:30 @ 89%] | 03:00 @ 50% | 15:00 @ 70% | 12x [01:30 @ 95%, 05:00 @ 72%] | 03:00 @ 50%",tri-endurance-2-swim,https://mywhooshinfo.com/workouts/workout/tri-endurance-2-swim
334,Tri Endurance #3,Endurance,All training plan workouts; Endurance,Z2 - Endurance,Z1 - Recovery; Z2 - Endurance; Z3 - Tempo; Z6 - Anaerobic,01:04:06,64.1,3846,56,0.73,,False,False,"To achieve a successful cycling performance, you need good endurance. Endurance training is about improving your capacity to endure sustained exercise. This endurance (or ability to endure) then helps form a solid base of fitness to build more race-specific training. By implementing carefully structured intensity into your endurance training, your ability to become more fatigue resistant is enhanced.","warmup 05:00 @ 45% FTP - 70% FTP | 5x [00:30 @ 65%, 00:30 @ 89%] | 03:00 @ 50% | 15:00 @ 70% | 12x [00:08 @ 150%, 02:00 @ 72%] | 07:30 @ 70% | 03:00 @ 50%",tri-endurance-3,https://mywhooshinfo.com/workouts/workout/tri-endurance-3
335,Tri Endurance #4,Endurance,All training plan workouts; Endurance,Z2 - Endurance,Z1 - Recovery; Z2 - Endurance; Z3 - Tempo; Z6 - Anaerobic,01:10:00,70.0,4200,70,0.78,,False,False,"To achieve a successful cycling performance, you need good endurance. Endurance training is about improving your capacity to endure sustained exercise. This endurance (or ability to endure) then helps form a solid base of fitness to build more race-specific training. By implementing carefully structured intensity into your endurance training, your ability to become more fatigue resistant is enhanced.","warmup 05:00 @ 45% FTP - 70% FTP | 5x [00:30 @ 65%, 00:30 @ 89%] | 03:00 @ 50% | 12x [00:10 @ 150%, 01:50 @ 72%] | 03:00 @ 50% | 2x [10:00 @ 88%, 05:00 @ 55%]",tri-endurance-4,https://mywhooshinfo.com/workouts/workout/tri-endurance-4
336,Tri Endurance #5,Endurance,All training plan workouts; Endurance,Z2 - Endurance,Z1 - Recovery; Z2 - Endurance; Z3 - Tempo; Z4 - Threshold; Z6 - Anaerobic,01:33:00,93.0,5580,96,0.79,,False,False,"To achieve a successful cycling performance, you need good endurance. Endurance training is about improving your capacity to endure sustained exercise. This endurance (or ability to endure) then helps form a solid base of fitness to build more race-specific training. By implementing carefully structured intensity into your endurance training, your ability to become more fatigue resistant is enhanced.","warmup 05:00 @ 45% FTP - 70% FTP | 5x [00:30 @ 65%, 00:30 @ 89%] | 03:00 @ 50% | 6x [00:10 @ 150%, 01:50 @ 72%] | 03:00 @ 50% | ramp 10:00 @ 88% FTP - 94% FTP | 05:00 @ 50% | ramp 20:00 @ 76% FTP - 94% FTP | 05:00 @ 50% | ramp 20:00 @ 76% FTP - 94% FTP | 05:00 @ 50%",tri-endurance-5,https://mywhooshinfo.com/workouts/workout/tri-endurance-5
337,Tri Endurance #6,Endurance,All training plan workouts; Endurance,Z2 - Endurance,Z1 - Recovery; Z2 - Endurance; Z3 - Tempo; Z4 - Threshold; Z6 - Anaerobic,01:48:00,108.0,6480,114,0.8,,False,False,"To achieve a successful cycling performance, you need good endurance. Endurance training is about improving your capacity to endure sustained exercise. This endurance (or ability to endure) then helps form a solid base of fitness to build more race-specific training. By implementing carefully structured intensity into your endurance training, your ability to become more fatigue resistant is enhanced.","warmup 05:00 @ 45% FTP - 70% FTP | 5x [00:30 @ 65%, 00:30 @ 89%] | 03:00 @ 50% | 6x [00:10 @ 150%, 01:50 @ 72%] | 03:00 @ 50% | ramp 10:00 @ 88% FTP - 94% FTP | 05:00 @ 50% | ramp 10:00 @ 88% FTP - 94% FTP | 05:00 @ 50% | ramp 20:00 @ 76% FTP - 94% FTP | 05:00 @ 50% | ramp 20:00 @ 76% FTP - 94% FTP | 05:00 @ 50%",tri-endurance-6,https://mywhooshinfo.com/workouts/workout/tri-endurance-6
338,Tri Endurance #7,Endurance,All training plan workouts; Endurance,Z2 - Endurance,Z1 - Recovery; Z2 - Endurance; Z3 - Tempo; Z4 - Threshold; Z6 - Anaerobic,01:38:00,98.0,5880,108,0.81,,False,False,"To achieve a successful cycling performance, you need good endurance. Endurance training is about improving your capacity to endure sustained exercise. This endurance (or ability to endure) then helps form a solid base of fitness to build more race-specific training. By implementing carefully structured intensity into your endurance training, your ability to become more fatigue resistant is enhanced.","warmup 05:00 @ 45% FTP - 70% FTP | 5x [00:30 @ 65%, 00:30 @ 89%] | 03:00 @ 50% | 6x [00:10 @ 150%, 01:50 @ 72%] | 03:00 @ 50% | ramp 10:00 @ 88% FTP - 94% FTP | 05:00 @ 50% | ramp 10:00 @ 88% FTP - 94% FTP | 05:00 @ 50% | ramp 10:00 @ 88% FTP - 94% FTP | 05:00 @ 50% | ramp 20:00 @ 88% FTP - 94% FTP | 05:00 @ 50%",tri-endurance-7,https://mywhooshinfo.com/workouts/workout/tri-endurance-7
553,Tri Tempo #1,Tempo,All training plan workouts; Tempo,Z3 - Tempo,Z1 - Recovery; Z2 - Endurance; Z3 - Tempo; Z4 - Threshold; Z6 - Anaerobic,57:00,57.0,3420,59,0.79,,False,False,"There is no escaping the benefits of completing long, steady tempo intervals. These efforts aren't high intensity, but they elicit a feeling of sustainable discomfort when performed for an extended period! The intensity is well below threshold; however, it is hard enough that you will be generating a significant amount of lactate and forcing your body to process it. These workouts are also the ideal opportunity to ride in your race position, simulating the demands of racing.","03:00 @ 50% | 4x [00:10 @ 200%, 00:50 @ 50%] | 03:00 @ 70% | 02:00 @ 50% | 03:00 @ 90% | 03:00 @ 50% | 35:00 @ 83% | 04:00 @ 50%",tri-tempo-1,https://mywhooshinfo.com/workouts/workout/tri-tempo-1
554,Tri Tempo #2,Tempo,All training plan workouts; Tempo,Z3 - Tempo,Z1 - Recovery; Z3 - Tempo; Z4 - Threshold; Z5 - VO2Max,01:22:00,82.0,4920,85,0.79,,False,False,"There is no escaping the benefits of completing long, steady tempo intervals. These efforts aren't high intensity, but they elicit a feeling of sustainable discomfort when performed for an extended period! The intensity is well below threshold; however, it is hard enough that you will be generating a significant amount of lactate and forcing your body to process it. These workouts are also the ideal opportunity to ride in your race position, simulating the demands of racing.","03:00 @ 50% | 2x [01:00 @ 75%, 01:00 @ 50%] | 2x [01:00 @ 90%, 01:00 @ 50%] | 03:00 @ 50% | 45:00 @ 83% | 03:00 @ 50% | 3x [02:00 @ 106%, 03:00 @ 50%] | 05:00 @ 50%",tri-tempo-2,https://mywhooshinfo.com/workouts/workout/tri-tempo-2
555,Tri Tempo #3,Tempo,All training plan workouts; Tempo,Z3 - Tempo,Z1 - Recovery; Z2 - Endurance; Z3 - Tempo; Z4 - Threshold; Z6 - Anaerobic,01:11:00,71.0,4260,70,0.77,,False,False,"There is no escaping the benefits of completing long, steady tempo intervals. These efforts aren't high intensity, but they elicit a feeling of sustainable discomfort when performed for an extended period! The intensity is well below threshold; however, it is hard enough that you will be generating a significant amount of lactate and forcing your body to process it. These workouts are also the ideal opportunity to ride in your race position, simulating the demands of racing.","03:00 @ 50% | 4x [00:10 @ 160%, 00:50 @ 50%] | ramp 03:00 @ 55% FTP - 70% FTP | 02:00 @ 50% | ramp 04:00 @ 75% FTP - 95% FTP | 03:00 @ 50% | ramp 25:00 @ 76% FTP - 89% FTP | 03:00 @ 50% | 2x [05:00 @ 97%, 05:00 @ 50%] | 04:00 @ 50%",tri-tempo-3,https://mywhooshinfo.com/workouts/workout/tri-tempo-3
556,Tri Tempo #4,Tempo,All training plan workouts; Tempo,Z3 - Tempo,Z1 - Recovery; Z2 - Endurance; Z3 - Tempo; Z4 - Threshold; Z6 - Anaerobic,01:37:40,97.7,5860,118,0.85,,False,False,"There is no escaping the benefits of completing long, steady tempo intervals. These efforts aren't high intensity, but they elicit a feeling of sustainable discomfort when performed for an extended period! The intensity is well below threshold; however, it is hard enough that you will be generating a significant amount of lactate and forcing your body to process it. These workouts are also the ideal opportunity to ride in your race position, simulating the demands of racing.","05:00 @ 50% | 5x [01:00 @ 100%, 02:00 @ 50%] | 02:00 @ 50% | ramp 03:00 @ 55% FTP - 70% FTP | 02:00 @ 50% | 20x [00:20 @ 150%, 03:00 @ 80%] | 04:00 @ 50%",tri-tempo-4,https://mywhooshinfo.com/workouts/workout/tri-tempo-4
557,Tri Tempo #5,Tempo,All training plan workouts; Tempo,Z3 - Tempo,Z1 - Recovery; Z3 - Tempo; Z4 - Threshold; Z5 - VO2Max,01:32:00,92.0,5520,97,0.8,,False,False,"There is no escaping the benefits of completing long, steady tempo intervals. These efforts aren't high intensity, but they elicit a feeling of sustainable discomfort when performed for an extended period! The intensity is well below threshold; however, it is hard enough that you will be generating a significant amount of lactate and forcing your body to process it. These workouts are also the ideal opportunity to ride in your race position, simulating the demands of racing.","03:00 @ 50% | 2x [01:00 @ 75%, 01:00 @ 50%] | 2x [01:00 @ 90%, 01:00 @ 50%] | 03:00 @ 50% | 45:00 @ 83% | 03:00 @ 50% | 5x [02:00 @ 106%, 03:00 @ 50%] | 05:00 @ 50%",tri-tempo-5,https://mywhooshinfo.com/workouts/workout/tri-tempo-5
635,TT Power #2,Threshold,All training plan workouts; Threshold,Z4 - Threshold,Z1 - Recovery; Z2 - Endurance; Z3 - Tempo; Z4 - Threshold; Z5 - VO2Max,01:12:30,72.5,4350,87,0.85,,False,False,You are stepping up into the realms of Threshold power today. We work closely with your current FTP in this workout and increase the workload. Steady-state efforts just under your threshold will have you accustomed to high-intensity efforts. The brief recovery period is preparing you for longer sustained intervals.,"warmup 06:00 @ 50% FTP - 75% FTP | 2x [01:00 @ 90%, 01:00 @ 55%] | 2x [01:00 @ 106%, 01:00 @ 55%] | 01:00 @ 55% | 10x [04:00 @ 95%, 01:30 @ 55%] | 02:30 @ 55%",tt-power-2,https://mywhooshinfo.com/workouts/workout/tt-power-2
41,TT Speed #1,Beginner,All training plan workouts; Beginner; Threshold,Z3 - Tempo,Z1 - Recovery; Z2 - Endurance; Z3 - Tempo; Z4 - Threshold,01:05:00,65.0,3900,63,0.77,,False,False,TT Speed sessions are all about becoming accustomed to the sensations of a TT effort. We aim to spend brief periods just below your current FTP setting with minimal recovery. The steady-state nature of these intervals will also introduce you to the feeling of laying down a consistent power. We achieve an excellent TT volume by completing the workload at shorter intervals with minimal fatigue.,"warmup 05:00 @ 50% FTP - 75% FTP | 5x [00:30 @ 65%, 00:30 @ 89%] | 02:00 @ 55% | ramp 10:00 @ 76% FTP - 94% FTP | 02:00 @ 55% | 4x [05:00 @ 89%, 04:00 @ 55%] | cooldown 05:00 @ 55% FTP - 45% FTP",tt-speed-1,https://mywhooshinfo.com/workouts/workout/tt-speed-1
641,TT Speed #2,Threshold,All training plan workouts; Threshold,Z4 - Threshold,Z1 - Recovery; Z2 - Endurance; Z3 - Tempo,01:04:00,64.0,3840,65,0.79,,False,False,TT Speed sessions are all about becoming accustomed to the sensations of a TT effort. We aim to spend brief periods just below your current FTP setting with minimal recovery. The steady-state nature of these intervals will also introduce you to the feeling of laying down a consistent power. We achieve an excellent TT volume by completing the workload at shorter intervals with minimal fatigue.,"warmup 05:00 @ 50% FTP - 75% FTP | 5x [00:30 @ 65%, 00:30 @ 89%] | 02:00 @ 55% | 03:00 @ 81% | 02:00 @ 55% | 5x [06:00 @ 89%, 03:00 @ 55%] | 02:00 @ 45%",tt-speed-2,https://mywhooshinfo.com/workouts/workout/tt-speed-2
642,TT Speed #3,Threshold,All training plan workouts; Threshold,Z4 - Threshold,Z1 - Recovery; Z2 - Endurance; Z3 - Tempo; Z4 - Threshold; Z5 - VO2Max,01:04:00,64.0,3840,70,0.81,,False,False,TT Speed sessions are all about becoming accustomed to the sensations of a TT effort. We aim to spend brief periods just below your current FTP setting with minimal recovery. The steady-state nature of these intervals will also introduce you to the feeling of laying down a consistent power. We achieve an excellent TT volume by completing the workload at shorter intervals with minimal fatigue.,"warmup 05:00 @ 45% FTP - 65% FTP | 01:00 @ 45% | 4x [00:30 @ 111%, 00:30 @ 70%] | 01:00 @ 45% | 03:00 @ 100% | 01:00 @ 45% | 01:00 @ 111% | 01:00 @ 45% | 5x [06:00 @ 89%, 03:00 @ 55%] | 02:00 @ 45%",tt-speed-3,https://mywhooshinfo.com/workouts/workout/tt-speed-3
643,TT Speed #4,Threshold,All training plan workouts; Threshold,Z4 - Threshold,Z1 - Recovery; Z2 - Endurance; Z3 - Tempo; Z4 - Threshold; Z5 - VO2Max,01:00:00,60.0,3600,64,0.81,,False,False,TT Speed sessions are all about becoming accustomed to the sensations of a TT effort. We aim to spend brief periods just below your current FTP setting with minimal recovery. The steady-state nature of these intervals will also introduce you to the feeling of laying down a consistent power. We achieve an excellent TT volume by completing the workload at shorter intervals with minimal fatigue.,"warmup 05:00 @ 45% FTP - 65% FTP | 01:00 @ 65% | 01:00 @ 79% | 01:00 @ 94% | 01:00 @ 108% | 02:00 @ 45% | 03:00 @ 85% | 01:00 @ 45% | 3x [10:00 @ 89%, 05:00 @ 55%]",tt-speed-4,https://mywhooshinfo.com/workouts/workout/tt-speed-4
644,TT Steps,Threshold,All training plan workouts; Threshold,Z4 - Threshold,Z1 - Recovery; Z2 - Endurance; Z3 - Tempo; Z4 - Threshold; Z5 - VO2Max,01:00:00,60.0,3600,60,0.78,,True,False,We are focusing on efforts that increase in intensity today. We are also looking at the repeatability of these efforts. Everyone is good on the 1st climb. We want you great on the last climb!,"warmup 05:00 @ 45% FTP - 75% FTP | 2x [01:00 @ 80%, 01:00 @ 50%] | 2x [01:00 @ 98%, 01:00 @ 50%] | 02:00 @ 50% | 03:00 @ 81% | 01:00 @ 95% | 01:00 @ 109% | 04:00 @ 50% | 03:00 @ 81% | 01:00 @ 95% | 01:00 @ 109% | 04:00 @ 50% | 03:00 @ 81% | 01:00 @ 95% | 01:00 @ 109% | 04:00 @ 50% | 03:00 @ 81% | 01:00 @ 95% | 01:00 @ 109% | 04:00 @ 50% | 04:00 @ 95% | 05:00 @ 50%",tt-steps,https://mywhooshinfo.com/workouts/workout/tt-steps
173,Unclaimed prize,Fast Fitness,Fast Fitness,Z2 - Endurance,Z1 - Recovery; Z2 - Endurance; Z6 - Anaerobic,30:00,30.0,1800,37,0.87,,False,False,"Short on paper, but certainly not short on intensity!","01:40 @ 50% | 01:40 @ 56% | 01:40 @ 60% | 01:40 @ 65% | 01:40 @ 69% | 01:40 @ 75% | 02:00 @ 55% | 2x [02:30 @ 130%, 04:00 @ 55%] | 01:15 @ 75% | 01:15 @ 66% | 01:15 @ 59% | 01:15 @ 50%",unclaimed-prize,https://mywhooshinfo.com/workouts/workout/unclaimed-prize
394,Under One's,Sprint,Sprint,Z6 - Anaerobic,Z1 - Recovery; Z2 - Endurance; Z3 - Tempo; Z4 - Threshold; Z6 - Anaerobic,57:20,57.3,3440,55,0.76,,True,False,"A challenging HIIT (High-Intensity Interval Training) session focuses on repeated efforts under One Minute. The workout consists of just 5 minutes of High-Intensity work. However, with short recovery periods, your lactate tolerance will be tested. The session is divided into three blocks of work. 12 x 10sec sprints with 50secs recovery. 6 x 15sec sprints with 45secs recovery. And 3 x 30sec sprints with 30sec recovery.","warmup 05:00 @ 45% FTP - 75% FTP | 2x [00:10 @ 130%, 01:00 @ 50%] | 2x [01:00 @ 80%, 01:00 @ 65%] | 2x [01:00 @ 98%, 01:00 @ 65%] | 03:00 @ 50% | 12x [00:10 @ 161%, 00:50 @ 65%] | 05:00 @ 50% | 6x [00:15 @ 150%, 00:45 @ 65%] | 05:00 @ 50% | 3x [00:30 @ 130%, 00:30 @ 65%] | 03:00 @ 50% | cooldown 05:00 @ 65% FTP - 45% FTP",under-one-s,https://mywhooshinfo.com/workouts/workout/under-one-s
174,Under pressure,Fast Fitness,Fast Fitness,Z2 - Endurance,Z1 - Recovery; Z2 - Endurance; Z4 - Threshold,34:30,34.5,2070,26,0.68,,False,False,We don't always get faster by training faster. Spending time at lower intensities is essential to improving performance.,"01:00 @ 50% | 01:00 @ 56% | 01:00 @ 63% | 01:00 @ 69% | 01:00 @ 75% | 00:30 @ 65% | 4x [00:30 @ 98%, 00:30 @ 65%] | 02:00 @ 55% | 00:30 @ 56% | 00:30 @ 58% | 00:30 @ 60% | 00:30 @ 62% | 00:30 @ 64% | 00:30 @ 67% | 00:30 @ 69% | 00:30 @ 71% | 00:30 @ 73% | 00:30 @ 75% | 02:00 @ 55% | 12:00 @ 69% | 04:00 @ 55%",under-pressure,https://mywhooshinfo.com/workouts/workout/under-pressure
125,V02max 2min,Under 35 min,Under 35 min,Z2 - Endurance,Z1 - Recovery; Z2 - Endurance; Z3 - Tempo; Z4 - Threshold; Z5 - VO2Max; Z6 - Anaerobic,35:00,35.0,2100,54,0.97,,False,False,"Big session today! We open with 2 x 2min VO2 efforts. However, the target power steadily decreases from 'very hard' to just 'hard'. The workout concludes with a 6min effort featuring the same steady decrease in target power.",warmup 03:00 @ 45% FTP - 65% FTP | 01:00 @ 65% | 01:00 @ 79% | 01:00 @ 94% | 01:00 @ 108% | 08:00 @ 75% | 02:00 @ 65% | ramp 02:00 @ 139% FTP - 124% FTP | 02:00 @ 65% | ramp 02:00 @ 139% FTP - 124% FTP | 02:00 @ 65% | 01:00 @ 55% | ramp 06:00 @ 129% FTP - 113% FTP | 03:00 @ 55%,v02max-2min,https://mywhooshinfo.com/workouts/workout/v02max-2min
702,V02max 3min & 2min,VO2max,VO2max,Z5 - VO2Max,Z1 - Recovery; Z2 - Endurance; Z4 - Threshold; Z5 - VO2Max,01:09:00,69.0,4140,82,0.85,,False,False,"Working through the range of Zone 5 today. The opening 3-minute intervals are at the lower end of Zone 5. In contrast, the final intervals are 2 minutes in duration at the top end of Zone 5. The ability to recover from high-intensity V02max efforts is an essential cycling component.","warmup 10:00 @ 45% FTP - 70% FTP | 03:00 @ 95% | 05:00 @ 55% | 3x [03:00 @ 106%, 03:00 @ 65%] | 05:00 @ 55% | 4x [02:00 @ 118%, 04:00 @ 65%] | 04:00 @ 51%",v02max-3min-2min,https://mywhooshinfo.com/workouts/workout/v02max-3min-2min
10201,V02max 3min &amp; 2min,All training plan workouts,All training plan workouts,Z2 - Endurance,Z1 - Recovery; Z2 - Endurance; Z4 - Threshold; Z5 - VO2Max,01:09:00,69.0,4140,82,0.85,,False,False,Working through the range of Zone 5 today. The opening 3 minute intervals are at the lower end of Zone 5. While the final intervals are 2 minutes in duration at the top end of Zone 5. The ability to recover from high intensity V02max efforts isan important component of cycling.,"warmup 10:00 @ 45% FTP - 70% FTP | 03:00 @ 95% | 05:00 @ 55% | 3x [03:00 @ 106%, 03:00 @ 65%] | 05:00 @ 55% | 4x [02:00 @ 118%, 04:00 @ 65%] | 04:00 @ 51%",v02max-3min-amp-2min,https://mywhooshinfo.com/workouts/workout/v02max-3min-amp-2min
126,V02max 3min and 2min,Under 35 min,Under 35 min,Z2 - Endurance,Z1 - Recovery; Z2 - Endurance; Z4 - Threshold; Z5 - VO2Max,35:00,35.0,2100,44,0.87,,False,False,"Working through the range of Zone 5 today. The opening 3-minute intervals are at the lower end of Zone 5. In contrast, the final intervals are 2 minutes in duration at the top end of Zone 5.","warmup 05:00 @ 50% FTP - 70% FTP | 01:00 @ 95% | 05:00 @ 75% | 2x [03:00 @ 106%, 03:00 @ 65%] | 01:00 @ 55% | 2x [02:00 @ 118%, 03:00 @ 65%] | 01:00 @ 55%",v02max-3min-and-2min,https://mywhooshinfo.com/workouts/workout/v02max-3min-and-2min
10215,V02max climbing #1,All training plan workouts,All training plan workouts,Z5 - VO2Max,Z1 - Recovery; Z2 - Endurance; Z3 - Tempo; Z4 - Threshold; Z5 - VO2Max,01:20:00,80.0,4800,91,0.83,,True,False,"Simulating the demands of climbing at a V02max intensity, today you will complete 5 x 3min intervals, followed by 3 x 2min intervals. However, the target cadence is reduced from 85rpm in the 3min intervals to 70rpm in the 2min intervals. Complete the 3min intervals seated and the 2min intervals standing if possible.",warmup 10:00 @ 51% FTP - 75% FTP | 05:00 @ 105% | 05:00 @ 55% | 03:00 @ 106% | 03:00 @ 55% | 03:00 @ 106% | 03:00 @ 55% | 03:00 @ 106% | 03:00 @ 55% | 03:00 @ 106% | 03:00 @ 55% | 03:00 @ 106% | 03:00 @ 55% | 02:00 @ 55% | 02:00 @ 106% | 04:00 @ 55% | 02:00 @ 106% | 04:00 @ 55% | 02:00 @ 106% | 04:00 @ 55% | cooldown 10:00 @ 75% FTP - 50% FTP,v02max-climbing-1,https://mywhooshinfo.com/workouts/workout/v02max-climbing-1
703,V02max Declining 6min,VO2max,VO2max,Z5 - VO2Max,Z1 - Recovery; Z2 - Endurance; Z5 - VO2Max,01:01:30,61.5,3690,80,0.89,,True,False,"Working at the lower end of your Zone 5 V02max power, this session requires you to complete the most prolonged interval first, then reduce the following interval by 30sec each time. Starting with a 6min Zone 5 interval, you will finish with a 3.5min interval.",warmup 10:00 @ 50% FTP - 75% FTP | 06:00 @ 105% | 03:00 @ 55% | 05:30 @ 105% | 03:00 @ 55% | 05:00 @ 105% | 03:00 @ 55% | 04:30 @ 105% | 03:00 @ 55% | 04:00 @ 105% | 03:00 @ 55% | 03:30 @ 105% | 03:00 @ 55% | cooldown 05:00 @ 55% FTP - 50% FTP,v02max-declining-6min,https://mywhooshinfo.com/workouts/workout/v02max-declining-6min
10235,V02max Declining 6min,All training plan workouts,All training plan workouts,Z5 - VO2Max,Z1 - Recovery; Z2 - Endurance; Z5 - VO2Max,01:01:30,61.5,3690,81,0.89,,True,False,"Working at the lower end of your Zone 5 V02max power, this session requires you to complete the longest interval first, then reduce the following interval by 30sec each time. Starting with a 6min Zone 5 interval, you will finish with a 3.5min interval.",warmup 10:00 @ 50% FTP - 75% FTP | 06:00 @ 105% | 03:00 @ 55% | 05:30 @ 105% | 03:00 @ 55% | 05:00 @ 105% | 03:00 @ 55% | 04:30 @ 105% | 03:00 @ 55% | 04:00 @ 105% | 03:00 @ 55% | 03:30 @ 105% | 03:00 @ 55% | cooldown 05:00 @ 75% FTP - 50% FTP,v02max-declining-6min-m2xw,https://mywhooshinfo.com/workouts/workout/v02max-declining-6min-m2xw
704,V02max Increase #1,VO2max,All training plan workouts; VO2max,Z5 - VO2Max,Z1 - Recovery; Z2 - Endurance; Z4 - Threshold; Z5 - VO2Max,57:00,57.0,3420,75,0.89,,True,True,"Today's session simulates the demands of climbing at a V02max intensity by targeting a lower cadence. Five intervals at Lower Zone 5. However, each interval is extended by 30sec. The 1st effort is 4 minutes, then extend each effort by 30 seconds (the last effort is 6 minutes).",warmup 07:00 @ 45% FTP - 70% FTP | 03:00 @ 95% | 05:00 @ 55% | 04:00 @ 106% @ 85RPM | 03:00 @ 55% | 04:30 @ 106% @ 85RPM | 03:00 @ 55% | 05:00 @ 105% @ 85RPM | 03:00 @ 55% | 05:30 @ 106% @ 85RPM | 03:00 @ 55% | 06:00 @ 106% @ 85RPM | cooldown 05:00 @ 60% FTP - 50% FTP,v02max-increase-1,https://mywhooshinfo.com/workouts/workout/v02max-increase-1
10229,V02max Increase Climb,All training plan workouts,All training plan workouts,Z5 - VO2Max,Z1 - Recovery; Z2 - Endurance; Z3 - Tempo; Z4 - Threshold; Z5 - VO2Max,01:00:00,60.0,3600,79,0.89,,True,False,"Today's session simulates the demands of climbing at a V02max intensity, by targeting a lower cadence. 5 intervals at Lower Zone 5. However, each interval is extended by 30sec. The 1st effort is 4 minutes then extend each effort by 30 seconds (last effort is 6 minutes).",warmup 10:00 @ 50% FTP - 75% FTP | 03:00 @ 95% | 05:00 @ 55% | 04:00 @ 106% | 03:00 @ 55% | 04:30 @ 106% | 03:00 @ 55% | 05:00 @ 106% | 03:00 @ 55% | 05:30 @ 106% | 03:00 @ 55% | 06:00 @ 106% | cooldown 05:00 @ 75% FTP - 50% FTP,v02max-increase-climb,https://mywhooshinfo.com/workouts/workout/v02max-increase-climb
127,V02max x 3min,Under 35 min,Under 35 min,Z3 - Tempo,Z1 - Recovery; Z2 - Endurance; Z3 - Tempo; Z5 - VO2Max,32:00,32.0,1920,33,0.79,,False,False,"After warming up, the session will focus on completing two 3-minute VO2max intervals. However, we first build some fatigue through Zone 2 riding.","warmup 05:00 @ 51% FTP - 75% FTP | 10:00 @ 75% | 2x [03:00 @ 105%, 03:00 @ 55%] | cooldown 05:00 @ 65% FTP - 46% FTP",v02max-x-3min,https://mywhooshinfo.com/workouts/workout/v02max-x-3min
11266,VO2 Max #1 + Swim,All training plan workouts,All training plan workouts,Z4 - Threshold,Z1 - Recovery; Z2 - Endurance; Z3 - Tempo; Z4 - Threshold; Z5 - VO2Max,01:00:10,60.2,3610,64,0.8,,True,False,"By working just above Threshold in Zone 4 and into Zone 5, we can improve our VO2max abilities and increase our Threshold. These are high-intensity efforts, so the intervals are broken down into shorter work periods. A well developed VO2max system will allow you to recover from high-intensity efforts faster and increase endurance. For your swim session, complete 750 meters total, incorporating one set of 300 meters at a steady effort.","warmup 04:00 @ 43% FTP - 63% FTP | 02:00 @ 58% | 02:00 @ 63% | 02:00 @ 68% | 02:00 @ 73% | 02:00 @ 78% | 03:00 @ 55% | 04:00 @ 100% | 03:00 @ 55% | 4x [02:00 @ 103%, 02:00 @ 55%] | 02:00 @ 55% | 00:40 @ 115% | 00:20 @ 55% | 00:40 @ 115% | 00:20 @ 55% | 00:40 @ 115% | 00:20 @ 55% | 00:40 @ 115% | 00:20 @ 55% | 00:40 @ 115% | 01:00 @ 55% | 03:00 @ 55% | 00:30 @ 115% | 00:30 @ 55% | 00:30 @ 115% | 00:30 @ 55% | 00:30 @ 115% | 00:30 @ 55% | 00:30 @ 115% | 01:00 @ 55% | 05:00 @ 55%",vo2-max-1-swim,https://mywhooshinfo.com/workouts/workout/vo2-max-1-swim
10398,VO2 Max 3min &a 2min,All training plan workouts,All training plan workouts,Z2 - Endurance,Z1 - Recovery; Z2 - Endurance; Z3 - Tempo; Z4 - Threshold; Z5 - VO2Max,01:14:00,74.0,4440,89,0.85,,False,False,Working through the range of Zone 5 today. The opening 3 minute intervals are at the lower end of Zone 5. While the final intervals are 2 minutes in duration at the top end of Zone 5. This is a challenging session today!,warmup 10:00 @ 50% FTP - 75% FTP | 05:00 @ 98% | 05:00 @ 55% | 03:00 @ 106% | 03:00 @ 66% | 03:00 @ 106% | 03:00 @ 66% | 03:00 @ 106% | 03:00 @ 65% | 02:00 @ 55% | 02:00 @ 118% | 04:00 @ 66% | 02:00 @ 119% | 04:00 @ 65% | 02:00 @ 119% | 04:00 @ 65% | 02:00 @ 118% | 04:00 @ 55% | cooldown 10:00 @ 75% FTP - 50% FTP,vo2-max-3min-a-2min,https://mywhooshinfo.com/workouts/workout/vo2-max-3min-a-2min
10999,VO2 Max!,All training plan workouts,All training plan workouts,Z5 - VO2Max,Z1 - Recovery; Z2 - Endurance; Z5 - VO2Max,39:30,39.5,2370,38,0.76,,True,False,"Into the higher intensity of Zone 5, VO2 Max today! Interval duration in Zone 5 is typically 3 to 8 minutes. But don't worry, you will get plenty of rest between intervals. Training in Zone 5 allows you to extend your aerobic system. Today we are performing 3min VO2 Max intervals. The initial 30sec may feel comfortable, but it soon gets a little more challenging. That's when your aerobic system is performing close to its maximum.","warmup 05:00 @ 41% FTP - 70% FTP | 01:00 @ 50% | 00:30 @ 109% | 04:00 @ 50% | 3x [03:00 @ 105%, 05:00 @ 50%] | cooldown 05:00 @ 70% FTP - 40% FTP",vo2-max,https://mywhooshinfo.com/workouts/workout/vo2-max
11206,VO2 Over/Under,All training plan workouts,All training plan workouts,Z3 - Tempo,Z1 - Recovery; Z2 - Endurance; Z3 - Tempo; Z4 - Threshold; Z5 - VO2Max,55:00,55.0,3300,63,0.83,,True,False,"A classic over-under session, but with increased power for the over component. This is a very tough session in the gravel plan. You should be well recovered before trying this. If you struggle to complete the first interval, stop the session and try again on another day. It is better to complete the session well rather than push through the fatigue.","04:00 @ 55% | 03:00 @ 65% | 02:00 @ 80% | 02:00 @ 90% | 05:00 @ 55% | 4x [01:30 @ 90%, 00:30 @ 114%] | 05:00 @ 55% | 4x [01:30 @ 90%, 00:30 @ 114%] | 05:00 @ 55% | 4x [01:30 @ 90%, 00:30 @ 114%] | 05:00 @ 55%",vo2-over-under,https://mywhooshinfo.com/workouts/workout/vo2-over-under
705,VO2max #1,VO2max,All training plan workouts; VO2max,Z5 - VO2Max,Z1 - Recovery; Z2 - Endurance; Z3 - Tempo; Z4 - Threshold; Z5 - VO2Max,01:00:10,60.2,3610,64,0.8,,True,False,"By working just above Threshold in Zone 4 and into Zone 5, we can improve our VO2max abilities and increase our Threshold. These are high-intensity efforts, so the intervals are broken down into shorter work periods. A well developed VO2max system will allow you to recover from high-intensity efforts faster and increase endurance.","warmup 04:00 @ 43% FTP - 63% FTP | 02:00 @ 58% | 02:00 @ 63% | 02:00 @ 68% | 02:00 @ 73% | 02:00 @ 78% | 03:00 @ 55% | 04:00 @ 100% | 03:00 @ 55% | 4x [02:00 @ 103%, 02:00 @ 55%] | 02:00 @ 55% | 00:40 @ 115% | 00:20 @ 55% | 00:40 @ 115% | 00:20 @ 55% | 00:40 @ 115% | 00:20 @ 55% | 00:40 @ 115% | 00:20 @ 55% | 00:40 @ 115% | 01:00 @ 55% | 03:00 @ 55% | 00:30 @ 115% | 00:30 @ 55% | 00:30 @ 115% | 00:30 @ 55% | 00:30 @ 115% | 00:30 @ 55% | 00:30 @ 115% | 01:00 @ 55% | 05:00 @ 55%",vo2max-1,https://mywhooshinfo.com/workouts/workout/vo2max-1
706,VO2max #2,VO2max,VO2max,Z5 - VO2Max,Z1 - Recovery; Z2 - Endurance; Z3 - Tempo; Z4 - Threshold; Z6 - Anaerobic,59:45,59.8,3585,63,0.8,,True,False,"In today's workout, we build upon the intervals completed in the previous VO2max session and further extend your VO2max abilities. These are high-intensity efforts, so the intervals are broken down into shorter work periods. A well developed VO2max system will allow you to recover from high-intensity efforts faster and increase endurance.","warmup 04:00 @ 43% FTP - 63% FTP | 02:00 @ 58% | 02:00 @ 63% | 02:00 @ 68% | 02:00 @ 73% | 02:00 @ 78% | 03:00 @ 55% | 04:00 @ 100% | 05:00 @ 55% | 00:30 @ 125% | 00:15 @ 55% | 00:30 @ 125% | 00:15 @ 55% | 00:30 @ 125% | 00:15 @ 55% | 00:30 @ 125% | 00:15 @ 55% | 00:30 @ 125% | 03:00 @ 55% | 00:30 @ 125% | 00:30 @ 55% | 00:30 @ 125% | 00:30 @ 55% | 00:30 @ 125% | 00:30 @ 55% | 00:30 @ 125% | 04:00 @ 55% | 4x [02:00 @ 100%, 02:00 @ 55%] | 03:45 @ 55%",vo2max-2,https://mywhooshinfo.com/workouts/workout/vo2max-2
707,VO2max #3,VO2max,VO2max,Z5 - VO2Max,Z1 - Recovery; Z2 - Endurance; Z5 - VO2Max,39:30,39.5,2370,38,0.76,,True,False,"Training in Zone 5 allows you to extend your aerobic system. Into the higher intensity of Zone 5, VO2 Max today! Interval duration in Zone 5 is typically 3 to 8 minutes. But don't worry, you will get plenty of rest between intervals. Today we are performing 3min VO2 Max intervals. That's when your aerobic system is performing close to its maximum. The initial 30sec may feel comfortable, but it soon gets more challenging.","warmup 05:00 @ 45% FTP - 70% FTP | 01:00 @ 50% | 00:30 @ 109% | 04:00 @ 50% | 3x [03:00 @ 105%, 05:00 @ 50%] | cooldown 05:00 @ 70% FTP - 40% FTP",vo2max-3,https://mywhooshinfo.com/workouts/workout/vo2max-3
708,VO2max #4,VO2max,VO2max,Z5 - VO2Max,Z1 - Recovery; Z4 - Threshold; Z5 - VO2Max; Z6 - Anaerobic,01:06:00,66.0,3960,82,0.87,,True,True,"After a good warm-up, prepare yourself for some hard Max Aerobic intervals. But the good news is the intensity does decrease across the efforts! The 1st effort is 5min @ 120% Then 3 x 3min efforts @ 112% Followed by 2 x 2min efforts @ 109%. Be prepared; VO2max training requires motivation and focus from you.","05:00 @ 50% @ 85RPM | 2x [00:10 @ 200%, 00:50 @ 50%] | 02:00 @ 50% @ 85RPM | 01:00 @ 109% @ 95RPM | 02:00 @ 50% @ 85RPM | 05:00 @ 90% @ 95RPM | 03:00 @ 50% @ 85RPM | 05:00 @ 120% @ 90RPM | 05:00 @ 50% @ 85RPM | 3x [03:00 @ 112%, 05:00 @ 50%] | 2x [02:00 @ 109%, 04:00 @ 50%]",vo2max-4,https://mywhooshinfo.com/workouts/workout/vo2max-4
709,VO2max #5,VO2max,VO2max,Z5 - VO2Max,Z1 - Recovery; Z2 - Endurance; Z3 - Tempo; Z5 - VO2Max; Z6 - Anaerobic,01:02:00,62.0,3720,72,0.84,,True,False,"After a good warm-up, prepare yourself for some hard Max Aerobic intervals. But the good news is the intensity does decrease across the efforts! The 1st effort is 4min @ 120% Then 2 x 3min efforts @ 112% Followed by 2 x 2min efforts @ 109%. Be prepared; VO2max training requires motivation and focus from you.","warmup 05:00 @ 45% FTP - 75% FTP | 2x [00:10 @ 200%, 00:50 @ 50%] | 02:00 @ 50% | 01:00 @ 109% | 02:00 @ 50% | 05:00 @ 90% | 03:00 @ 50% | 04:00 @ 120% | 05:00 @ 50% | 2x [03:00 @ 112%, 05:00 @ 50%] | 2x [02:00 @ 109%, 04:00 @ 50%] | cooldown 05:00 @ 55% FTP - 45% FTP",vo2max-5,https://mywhooshinfo.com/workouts/workout/vo2max-5
710,VO2max #6,VO2max,VO2max,Z5 - VO2Max,Z1 - Recovery; Z2 - Endurance; Z4 - Threshold; Z5 - VO2Max,01:00:30,60.5,3630,74,0.86,,True,False,"Training to develop our VO2max requires high-intensity intervals where the majority (but not all) of the power produced comes from aerobic energy pathways. Athletes who excel in this area are generally able to climb and Time Trial well. On its own, VO2max interval training is an effective method to increase fitness. It also serves as a good indication of an athlete's potential.","warmup 06:00 @ 45% FTP - 70% FTP | 01:00 @ 50% | 01:00 @ 109% | 02:00 @ 50% | 04:00 @ 90% | 03:00 @ 50% | 2x [02:00 @ 108%, 02:00 @ 60%] | 03:00 @ 50% | 2x [03:00 @ 108%, 01:30 @ 60%] | 03:30 @ 50% | 04:00 @ 108% | 05:00 @ 50% | ramp 05:00 @ 105% FTP - 120% FTP | 01:00 @ 50% | cooldown 05:00 @ 55% FTP - 45% FTP",vo2max-6,https://mywhooshinfo.com/workouts/workout/vo2max-6
711,VO2max 3min #1,VO2max,All training plan workouts; VO2max,Z5 - VO2Max,Z1 - Recovery; Z2 - Endurance; Z3 - Tempo; Z5 - VO2Max,01:10:00,70.0,4200,74,0.8,,False,False,"After a good warm-up, prepare yourself for two sets of 3 minute VO2max efforts. A well developed VO2max system will allow you to recover from high-intensity efforts faster and increase endurance. Be prepared; VO2max training requires motivation and focus from you.","05:00 @ 50% | ramp 05:00 @ 50% FTP - 70% FTP | 01:00 @ 55% | 04:00 @ 81% | 02:00 @ 50% | 3x [03:00 @ 108%, 05:00 @ 50%] | 05:00 @ 50% | 3x [03:00 @ 107%, 05:00 @ 50%]",vo2max-3min-1,https://mywhooshinfo.com/workouts/workout/vo2max-3min-1
712,VO2max 3min #2,VO2max,All training plan workouts; VO2max,Z5 - VO2Max,Z1 - Recovery; Z2 - Endurance; Z3 - Tempo; Z5 - VO2Max,58:00,58.0,3480,66,0.83,,False,False,"After a good warm-up, prepare yourself for two sets of 3 minute VO2max efforts. A well developed VO2max system will allow you to recover from high-intensity efforts faster and increase endurance. Be prepared; VO2max training requires motivation and focus from you.","05:00 @ 50% | ramp 05:00 @ 50% FTP - 70% FTP | 01:00 @ 55% | 04:00 @ 81% | 02:00 @ 50% | 3x [03:00 @ 108%, 03:00 @ 50%] | 05:00 @ 50% | 3x [03:00 @ 107%, 03:00 @ 50%]",vo2max-3min-2,https://mywhooshinfo.com/workouts/workout/vo2max-3min-2
713,VO2max 4min #1,VO2max,All training plan workouts; VO2max,Z5 - VO2Max,Z1 - Recovery; Z2 - Endurance; Z3 - Tempo; Z5 - VO2Max,54:00,54.0,3240,56,0.79,Si Bradeley,False,False,"After a good warm-up, prepare yourself for 1 set of 4 minute VO2max efforts. A well developed VO2max system will allow you to recover from high-intensity efforts faster and increase endurance. Be prepared; VO2max training requires motivation and focus from you.","05:00 @ 50% | ramp 05:00 @ 55% FTP - 75% FTP | 01:00 @ 50% | 01:00 @ 106% | 05:00 @ 50% | 05:00 @ 81% | 05:00 @ 50% | 3x [04:00 @ 106%, 05:00 @ 50%]",vo2max-4min-1,https://mywhooshinfo.com/workouts/workout/vo2max-4min-1
714,VO2max 4min #2,VO2max,All training plan workouts; VO2max,Z5 - VO2Max,Z1 - Recovery; Z2 - Endurance; Z3 - Tempo; Z5 - VO2Max,59:00,59.0,3540,65,0.82,,False,False,"After a good warm-up, prepare yourself for 1 set of 4 minute VO2max efforts. A well developed VO2max system will allow you to recover from high-intensity efforts faster and increase endurance. Be prepared; VO2max training requires motivation and focus from you.","05:00 @ 50% | ramp 05:00 @ 55% FTP - 75% FTP | 01:00 @ 50% | 01:00 @ 106% | 05:00 @ 50% | 05:00 @ 81% | 05:00 @ 50% | 4x [04:00 @ 106%, 04:00 @ 50%]",vo2max-4min-2,https://mywhooshinfo.com/workouts/workout/vo2max-4min-2
715,VO2max 5min #1,VO2max,All training plan workouts; VO2max,Z5 - VO2Max,Z1 - Recovery; Z2 - Endurance; Z3 - Tempo; Z5 - VO2Max,01:07:00,67.0,4020,76,0.83,Lisa Hermansson,False,False,"After a good warm-up, prepare yourself for 1 set of 5 minute VO2max efforts. A well developed VO2max system will allow you to recover from high-intensity efforts faster and increase endurance. Be prepared; VO2max training requires motivation and focus from you.","05:00 @ 50% | ramp 05:00 @ 55% FTP - 75% FTP | 01:00 @ 50% | 01:00 @ 106% | 05:00 @ 50% | 05:00 @ 81% | 05:00 @ 50% | 4x [05:00 @ 106%, 05:00 @ 50%]",vo2max-5min-1,https://mywhooshinfo.com/workouts/workout/vo2max-5min-1
716,VO2max Climbing #1,VO2max,VO2max,Z5 - VO2Max,Z1 - Recovery; Z2 - Endurance; Z4 - Threshold; Z5 - VO2Max,01:00:00,60.0,3600,68,0.83,,True,True,"Simulating the demands of climbing at a VO2max intensity, today, you will complete 3 x 3min intervals, followed by 3 x 2min intervals. However, the target cadence is reduced from 85rpm in the 3min intervals to 70rpm in the 2min intervals. Complete the 3min intervals seated, and the 2min intervals are standing if possible.",warmup 05:00 @ 51% FTP - 75% FTP | 05:00 @ 105% | 05:00 @ 55% | 03:00 @ 106% @ 85RPM | 03:00 @ 55% | 03:00 @ 106% @ 85RPM | 03:00 @ 55% | 03:00 @ 106% @ 85RPM | 03:00 @ 55% | 02:00 @ 55% | 02:00 @ 106% @ 70RPM | 04:00 @ 55% | 02:00 @ 106% @ 70RPM | 04:00 @ 55% | 02:00 @ 106% @ 70RPM | 04:00 @ 55% | cooldown 07:00 @ 55% FTP - 50% FTP,vo2max-climbing-1,https://mywhooshinfo.com/workouts/workout/vo2max-climbing-1
717,VO2max Climbing #2,VO2max,VO2max,Z5 - VO2Max,Z1 - Recovery; Z2 - Endurance; Z4 - Threshold; Z5 - VO2Max,01:20:00,80.0,4800,90,0.82,,True,True,"Simulating the demands of climbing at a VO2 Max intensity, today, you will complete 5 x 3min intervals, followed by 3 x 2min intervals. However, the target cadence is reduced from 85rpm in the 3min intervals to 70rpm in the 2min intervals. Complete the 3min intervals seated, and the 2min intervals are standing if possible.",warmup 10:00 @ 51% FTP - 75% FTP | 05:00 @ 105% | 05:00 @ 55% | 03:00 @ 106% @ 85RPM | 03:00 @ 55% | 03:00 @ 106% @ 85RPM | 03:00 @ 55% | 03:00 @ 106% @ 85RPM | 03:00 @ 55% | 03:00 @ 106% @ 85RPM | 03:00 @ 55% | 03:00 @ 106% @ 85RPM | 03:00 @ 55% | 02:00 @ 55% | 02:00 @ 106% @ 70RPM | 04:00 @ 55% | 02:00 @ 106% @ 70RPM | 04:00 @ 55% | 02:00 @ 106% @ 70RPM | 04:00 @ 55% | cooldown 10:00 @ 55% FTP - 50% FTP,vo2max-climbing-2,https://mywhooshinfo.com/workouts/workout/vo2max-climbing-2
718,VO2max Climbing #3,VO2max,VO2max,Z5 - VO2Max,Z1 - Recovery; Z2 - Endurance; Z5 - VO2Max,01:03:00,63.0,3780,76,0.85,Si Bradeley,True,True,"There will be moments when you need to produce quality, sustained efforts above your threshold while climbing. Today we target this power area while using a different cadence for each effort.",warmup 10:00 @ 51% FTP - 75% FTP | 05:00 @ 110% @ 85RPM | 07:00 @ 55% | 05:00 @ 110% @ 80RPM | 07:00 @ 55% | 05:00 @ 110% @ 75RPM | 07:00 @ 55% | 05:00 @ 110% @ 75RPM | 07:00 @ 55% | cooldown 05:00 @ 55% FTP - 50% FTP,vo2max-climbing-3,https://mywhooshinfo.com/workouts/workout/vo2max-climbing-3
719,VO2max Declining,VO2max,VO2max,Z5 - VO2Max,Z1 - Recovery; Z2 - Endurance; Z5 - VO2Max,01:01:30,61.5,3690,80,0.89,,True,False,"Working at the lower end of your Zone 5 VO2 Max power, this session requires you to complete the most prolonged interval first, then reduce the following interval by 30sec each time. Starting with a 6min Zone 5 interval, you will finish with a 3.5min interval.",warmup 10:00 @ 50% FTP - 75% FTP | 06:00 @ 105% | 03:00 @ 55% | 05:30 @ 105% | 03:00 @ 55% | 05:00 @ 105% | 03:00 @ 55% | 04:30 @ 105% | 03:00 @ 55% | 04:00 @ 105% | 03:00 @ 55% | 03:30 @ 105% | 03:00 @ 55% | cooldown 05:00 @ 55% FTP - 50% FTP,vo2max-declining,https://mywhooshinfo.com/workouts/workout/vo2max-declining
722,VO2max Descending,VO2max,All training plan workouts; VO2max,Z5 - VO2Max,Z1 - Recovery; Z2 - Endurance; Z4 - Threshold; Z5 - VO2Max; Z6 - Anaerobic,57:00,57.0,3420,72,0.88,,True,False,VO2max training is one of the best ways to improve your climbing speed. These are high-intensity intervals above threshold. The result is an increased ability of the body to utilise the oxygen it takes on board. Today is a hard day. But the rewards are immense!,"03:00 @ 50% | 4x [00:10 @ 170%, 00:50 @ 50%] | 03:00 @ 70% | 02:00 @ 50% | 05:00 @ 90% | 03:00 @ 50% | 05:00 @ 115% | 01:00 @ 50% | 03:00 @ 65% | 01:00 @ 50% | 04:30 @ 112% | 01:00 @ 50% | 03:00 @ 65% | 01:00 @ 50% | 04:00 @ 109% | 01:00 @ 50% | 03:00 @ 65% | 01:00 @ 50% | 03:30 @ 106% | 05:00 @ 50%",vo2max-descending,https://mywhooshinfo.com/workouts/workout/vo2max-descending
720,VO2max Extending Climbs,VO2max,VO2max,Z5 - VO2Max,Z1 - Recovery; Z2 - Endurance; Z4 - Threshold; Z5 - VO2Max,01:02:00,62.0,3720,81,0.89,,True,True,"Today's session simulates the demands of climbing at a VO2max intensity by targeting a lower cadence. However, with five intervals at Lower Zone 5, each interval is extended by 30sec. The 1st effort is 4 minutes, then extend each effort by 30 seconds (the last effort is 6 minutes).",warmup 10:00 @ 50% FTP - 75% FTP | 05:00 @ 95% | 05:00 @ 55% | 04:00 @ 106% @ 85RPM | 03:00 @ 55% | 04:30 @ 106% @ 85RPM | 03:00 @ 55% | 05:00 @ 106% @ 85RPM | 03:00 @ 55% | 05:30 @ 106% @ 85RPM | 03:00 @ 55% | 06:00 @ 106% @ 85RPM | cooldown 05:00 @ 55% FTP - 50% FTP,vo2max-extending-climbs,https://mywhooshinfo.com/workouts/workout/vo2max-extending-climbs
721,VO2max!,VO2max,VO2max,Z5 - VO2Max,Z1 - Recovery; Z2 - Endurance; Z5 - VO2Max,39:30,39.5,2370,38,0.76,,True,False,"Training in Zone 5 allows you to extend your aerobic system. Into the higher intensity of Zone 5, VO2 Max today! Interval duration in Zone 5 is typically 3 to 8 minutes. But don't worry, you will get plenty of rest between intervals. Today we are performing 3min VO2 Max intervals. That's when your aerobic system is performing close to its maximum. The initial 30sec may feel comfortable, but it soon gets more challenging.","warmup 05:00 @ 41% FTP - 70% FTP | 01:00 @ 50% | 00:30 @ 109% | 04:00 @ 50% | 3x [03:00 @ 105%, 05:00 @ 50%] | cooldown 05:00 @ 65% FTP - 40% FTP",vo2max,https://mywhooshinfo.com/workouts/workout/vo2max
175,Wait for me,Fast Fitness,Fast Fitness,Z3 - Tempo,Z1 - Recovery; Z2 - Endurance; Z3 - Tempo; Z6 - Anaerobic,41:30,41.5,2490,45,0.81,,False,False,Long steady efforts are fine on their own. They take on a whole different meaning by completing a series of sprints before them.,"01:00 @ 50% | 01:00 @ 53% | 01:00 @ 56% | 01:00 @ 59% | 01:00 @ 62% | 01:00 @ 64% | 01:00 @ 67% | 01:00 @ 70% | 01:00 @ 73% | 01:00 @ 76% | 03:00 @ 55% | 3x [00:15 @ 160%, 00:30 @ 55%] | 10:00 @ 90% | 02:00 @ 55% | 3x [00:15 @ 160%, 00:30 @ 55%] | 08:00 @ 90% | 04:00 @ 50%",wait-for-me,https://mywhooshinfo.com/workouts/workout/wait-for-me
339,What are Intervals?,Endurance,Endurance,Z2 - Endurance,Z1 - Recovery; Z2 - Endurance; Z3 - Tempo; Z4 - Threshold,30:00,30.0,1800,22,0.66,,True,False,"Intervals play an essential part in your training. They increase fitness and allow you to burn more calories over a short period than steady-state riding. In cycling, we use the word 'Intervals' to define periods of higher intensity work alternating with low-intensity periods of recovery. Today we look at different ways of completing interval workouts and why we need them.","warmup 05:00 @ 40% FTP - 70% FTP | 02:00 @ 50% | 2x [02:00 @ 83%, 01:00 @ 50%] | 02:00 @ 50% | 3x [01:00 @ 95%, 02:00 @ 50%] | 01:00 @ 50% | cooldown 05:00 @ 70% FTP - 40% FTP",what-are-intervals,https://mywhooshinfo.com/workouts/workout/what-are-intervals
42,What are Training Zones?,Beginner,All training plan workouts; Beginner; Endurance,Z2 - Endurance,Z1 - Recovery; Z2 - Endurance; Z3 - Tempo; Z4 - Threshold; Z5 - VO2Max,31:30,31.5,1890,22,0.65,,True,False,"Understanding 'Training Zones' and their use will allow you to take your fitness journey to the next level. By completing varied duration and intensity efforts, you will personalise training to meet your needs. Today we introduce the idea of different 'Training Zones' and the required intensity and length of efforts.",warmup 05:00 @ 40% FTP - 75% FTP | 05:00 @ 50% | 03:00 @ 65% | 02:00 @ 50% | 03:00 @ 81% | 02:00 @ 50% | 02:00 @ 95% | 03:00 @ 50% | 00:30 @ 109% | 01:00 @ 50% | cooldown 05:00 @ 60% FTP - 45% FTP,what-are-training-zones,https://mywhooshinfo.com/workouts/workout/what-are-training-zones
43,What is FTP?,Beginner,All training plan workouts; Beginner; Threshold,Z3 - Tempo,Z1 - Recovery; Z2 - Endurance; Z3 - Tempo; Z4 - Threshold,36:00,36.0,2160,30,0.72,,True,False,"Functional Threshold Power (FTP) represents your ability to maintain the highest possible power for 1 hour. Regular assessment of FTP provides you with an indication of whether you are improving your fitness. Your training zones are based on a percentage of FTP, ensuring that each workout is personalised for your needs. If you don't yet know your FTP, use the FTP Bias button on the Whoosh Mobile App to adjust the intensity while completing workouts.",warmup 05:00 @ 40% FTP - 70% FTP | 02:00 @ 50% | 05:00 @ 76% | 04:00 @ 50% | 05:00 @ 81% | 04:00 @ 50% | 05:00 @ 95% | 01:00 @ 50% | cooldown 05:00 @ 70% FTP - 40% FTP,what-is-ftp,https://mywhooshinfo.com/workouts/workout/what-is-ftp
448,What is Sweetspot Training?,Sweetspot,Sweetspot,Z3 - Tempo,Z1 - Recovery; Z2 - Endurance; Z3 - Tempo,41:00,41.0,2460,34,0.71,,True,False,"Sweetspot Training (SST) is the area that typically provides the Most Bang for your buck! It targets many key physiological regions at once in a short amount of time. SST training falls between Upper Zone 3 and Lower Zone 4. It is a balanced amount of intensity and duration that improves your FTP. Sweetspot intervals can generally be completed up to twice a week. Interval duration is typically long, between 5-20 minutes, with similar recovery periods.","warmup 05:00 @ 40% FTP - 70% FTP | 01:00 @ 50% | 3x [05:00 @ 86%, 05:00 @ 50%] | cooldown 05:00 @ 70% FTP - 40% FTP",what-is-sweetspot-training,https://mywhooshinfo.com/workouts/workout/what-is-sweetspot-training
176,What must be done,Fast Fitness,Fast Fitness,Z2 - Endurance,Z1 - Recovery; Z2 - Endurance; Z3 - Tempo; Z4 - Threshold; Z5 - VO2Max,42:00,42.0,2520,42,0.78,,False,False,Stepped intervals require you to progress your way through the various Zones. The duration of each interval is decreased as the intensity increases.,01:00 @ 40% | 01:00 @ 49% | 01:00 @ 55% | 01:00 @ 61% | 01:00 @ 70% | 01:00 @ 50% | 05:00 @ 71% | 04:00 @ 82% | 03:00 @ 95% | 01:00 @ 109% | 03:00 @ 50% | 01:00 @ 109% | 03:00 @ 95% | 04:00 @ 82% | 05:00 @ 71% | 01:00 @ 75% | 01:00 @ 68% | 01:00 @ 63% | 01:00 @ 59% | 01:00 @ 54% | 01:00 @ 49% | 01:00 @ 42%,what-must-be-done,https://mywhooshinfo.com/workouts/workout/what-must-be-done
177,You know I'm right,Fast Fitness,Fast Fitness,Z3 - Tempo,Z1 - Recovery; Z2 - Endurance; Z3 - Tempo; Z5 - VO2Max,36:00,36.0,2160,47,0.89,,False,False,The classic over/under. This workout is also available as Video workout by a MyWhoosh coach Si Bradeley,"warmup 04:00 @ 50% FTP - 75% FTP | 01:00 @ 55% | 6x [00:30 @ 110%, 01:30 @ 90%] | 04:00 @ 55% | 6x [00:30 @ 116%, 01:30 @ 90%] | 03:00 @ 55%",you-know-i-m-right,https://mywhooshinfo.com/workouts/workout/you-know-i-m-right
44,Zone 2 Endurance #1,Beginner,All training plan workouts; Beginner; Endurance,Z2 - Endurance,Z1 - Recovery; Z2 - Endurance; Z3 - Tempo; Z4 - Threshold,01:00:00,60.0,3600,46,0.68,,True,False,"Zone 2 training is one of the most important aspects of any training plan. We don't always get faster by training faster. In Zone 2 training, we are stimulating your type 1 muscle fibres (slow-twitch). Spending time in Zone 2 is essential to improving performance.",03:00 @ 50% | 01:00 @ 60% | 01:00 @ 65% | 01:00 @ 81% | 01:00 @ 95% | 02:00 @ 50% | 04:00 @ 80% | 03:00 @ 50% | ramp 07:00 @ 60% FTP - 70% FTP | 03:00 @ 70% | ramp 07:00 @ 70% FTP - 60% FTP | ramp 07:00 @ 60% FTP - 75% FTP | 05:00 @ 75% | ramp 07:00 @ 75% FTP - 65% FTP | 05:00 @ 65% | cooldown 03:00 @ 65% FTP - 50% FTP,zone-2-endurance-1,https://mywhooshinfo.com/workouts/workout/zone-2-endurance-1
343,Zone 2 Endurance #2,Endurance,All training plan workouts; Endurance,Z2 - Endurance,Z1 - Recovery; Z2 - Endurance; Z3 - Tempo; Z5 - VO2Max; Z6 - Anaerobic,01:00:00,60.0,3600,46,0.68,,True,False,"An endurance-focused session featuring intermittent 15sec surges. These surges are low intensity, where the high cadence is the key. The majority of the workout is low intensity, with no residual fatigue expected from such a workout.","warmup 05:00 @ 42% FTP - 70% FTP | 02:00 @ 50% | 04:00 @ 70% | 4x [00:10 @ 135%, 00:50 @ 50%] | 02:00 @ 60% | 05:00 @ 85% | 03:00 @ 60% | 8x [00:15 @ 106%, 03:45 @ 65%] | 03:00 @ 50%",zone-2-endurance-2,https://mywhooshinfo.com/workouts/workout/zone-2-endurance-2
11273,Zone 2 Endurance #2 + Swim,All training plan workouts,All training plan workouts,Z2 - Endurance,Z1 - Recovery; Z2 - Endurance; Z3 - Tempo; Z5 - VO2Max; Z6 - Anaerobic,01:00:00,60.0,3600,46,0.68,,True,False,"An endurance-focused session featuring intermittent 15sec surges. These surges are low intensity, where high cadence is the key. The majority of the workout is low intensity, with no residual fatigue expected from such a workout. For your swim session, complete 750 meters total, incorporating one set of 300 meters at a steady effort.","warmup 05:00 @ 42% FTP - 70% FTP | 02:00 @ 50% | 04:00 @ 70% | 4x [00:10 @ 135%, 00:50 @ 50%] | 02:00 @ 60% | 05:00 @ 85% | 03:00 @ 60% | 8x [00:15 @ 106%, 03:45 @ 65%] | 03:00 @ 50%",zone-2-endurance-2-swim,https://mywhooshinfo.com/workouts/workout/zone-2-endurance-2-swim
344,Zone 2 Endurance 30min,Endurance,All training plan workouts; Endurance,Z2 - Endurance,Z1 - Recovery; Z2 - Endurance; Z3 - Tempo,59:00,59.0,3540,42,0.66,,True,False,"Zone 2 training is one of the most important aspects of any training plan. We don't always get faster by training faster. In Zone 2 training, we stimulate your type 1 muscle fibres (slow-twitch). Spending time in Zone 2 is essential to improving performance.","warmup 05:00 @ 50% FTP - 75% FTP | 5x [00:30 @ 65%, 00:30 @ 78%] | 02:00 @ 55% | ramp 10:00 @ 56% FTP - 75% FTP | 02:00 @ 55% | 30:00 @ 67% | 05:00 @ 55%",zone-2-endurance-30min,https://mywhooshinfo.com/workouts/workout/zone-2-endurance-30min
345,Zone 2 Endurance 40min,Endurance,All training plan workouts; Endurance,Z2 - Endurance,Z1 - Recovery; Z2 - Endurance,01:02:00,62.0,3720,44,0.66,,True,False,"Zone 2 training is one of the most important aspects of any training plan. We don't always get faster by training faster. In Zone 2 training, we stimulate your type 1 muscle fibres (slow-twitch). Spending time in Zone 2 is essential to improving performance.","05:00 @ 50% | 5x [00:30 @ 65%, 00:30 @ 75%] | ramp 05:00 @ 56% FTP - 75% FTP | 02:00 @ 55% | 40:00 @ 67% | 05:00 @ 55%",zone-2-endurance-40min,https://mywhooshinfo.com/workouts/workout/zone-2-endurance-40min
257,Zone 2 into 2min Anaerobic,Anaerobic,Anaerobic,Z6 - Anaerobic,Z1 - Recovery; Z2 - Endurance; Z3 - Tempo; Z4 - Threshold; Z5 - VO2Max; Z6 - Anaerobic,53:00,53.0,3180,44,0.71,,True,False,"After completing 25min @ Zone 2 Endurance, you will complete 2 x Capacity intervals that climb from 88-130% FTP over 2min.",warmup 03:00 @ 45% FTP - 60% FTP | 01:00 @ 60% | 01:00 @ 65% | 01:00 @ 81% | 01:00 @ 109% | 02:00 @ 50% | 25:00 @ 65% | 03:00 @ 50% | ramp 02:00 @ 88% FTP - 130% FTP | 03:00 @ 50% | ramp 02:00 @ 88% FTP - 130% FTP | 03:00 @ 50% | cooldown 06:00 @ 55% FTP - 50% FTP,zone-2-into-2min-anaerobic,https://mywhooshinfo.com/workouts/workout/zone-2-into-2min-anaerobic
723,Zone 2 into 30/15's,VO2max,VO2max,Z5 - VO2Max,Z1 - Recovery; Z2 - Endurance; Z3 - Tempo; Z4 - Threshold; Z6 - Anaerobic,56:30,56.5,3390,54,0.76,,True,False,"This session consists of alternating work periods of 30 seconds at high intensity and recovery periods of 15 seconds, where low-intensity work is performed. After warming up, you will complete 35min @ Zone 2 Endurance, followed by 10 x 30sec on / 15sec off. The workout will challenge your ability to spend a significant amount of time above 90% of VO2 Max. However, the set opens with a 3min threshold effort.","warmup 05:00 @ 45% FTP - 75% FTP | 2x [00:30 @ 65%, 00:30 @ 89%] | 30:00 @ 65% | ramp 03:00 @ 90% FTP - 104% FTP | 10x [00:30 @ 120%, 00:15 @ 65%] | 03:00 @ 50% | cooldown 06:00 @ 65% FTP - 50% FTP",zone-2-into-30-15-s,https://mywhooshinfo.com/workouts/workout/zone-2-into-30-15-s
724,Zone 2 into Max Aerobic,VO2max,VO2max,Z5 - VO2Max,Z1 - Recovery; Z2 - Endurance; Z3 - Tempo; Z4 - Threshold; Z5 - VO2Max; Z6 - Anaerobic,38:00,38.0,2280,35,0.75,,True,False,"After a good warm-up, we are going to build some endurance and fatigue before preparing yourself for a Max Aerobic interval. We can't always start the intervals with fresh legs. The session provides a different training stimulus by including some Zone 2 endurance before the high-intensity work.","warmup 05:00 @ 45% FTP - 70% FTP | 2x [00:10 @ 150%, 00:50 @ 50%] | 01:00 @ 103% | 15:00 @ 65% | 05:00 @ 85% | 01:00 @ 50% | 03:00 @ 109% | 01:00 @ 50% | cooldown 05:00 @ 55% FTP - 45% FTP",zone-2-into-max-aerobic,https://mywhooshinfo.com/workouts/workout/zone-2-into-max-aerobic
258,Zone 2 into Race Attack,Anaerobic,Anaerobic,Z6 - Anaerobic,Z1 - Recovery; Z2 - Endurance; Z3 - Tempo; Z4 - Threshold; Z5 - VO2Max; Z6 - Anaerobic,52:40,52.7,3160,64,0.86,,True,False,"This is your day to finish the race strongly! But first, we will complete some Zone 2 endurance work to build up some fatigue. After all, racing is about producing maximal efforts when the legs have already completed some hard work. While performing these efforts, visualise yourself attacking the winning break of the day!",03:00 @ 50% | 01:00 @ 60% | 01:00 @ 65% | 01:00 @ 81% | 01:00 @ 109% | 25:00 @ 65% | 00:30 @ 200% | 02:00 @ 100% | 00:30 @ 200% | 07:00 @ 65% | 00:20 @ 200% | 02:00 @ 100% | 00:20 @ 200% | 03:00 @ 50% | cooldown 05:00 @ 55% FTP - 50% FTP,zone-2-into-race-attack,https://mywhooshinfo.com/workouts/workout/zone-2-into-race-attack
45,Zone 2 into Threshold,Beginner,All training plan workouts; Beginner; Threshold,Z2 - Endurance,Z1 - Recovery; Z2 - Endurance; Z4 - Threshold; Z5 - VO2Max,36:00,36.0,2160,37,0.79,Si Bradeley,False,False,"After a good warmup, complete 2 x 5min Threshold efforts. However, the threshold effort ramps up from low to high threshold over the 5min. Recovery time is 1min @ 65% FTP. This is the level at which lactate is cleared at its highest rate.",warmup 04:00 @ 45% FTP - 75% FTP | 01:00 @ 50% | 01:00 @ 107% | 15:00 @ 65% | ramp 05:00 @ 90% FTP - 104% FTP | 01:00 @ 65% | ramp 05:00 @ 90% FTP - 104% FTP | 01:00 @ 65% | 03:00 @ 50%,zone-2-into-threshold,https://mywhooshinfo.com/workouts/workout/zone-2-into-threshold
346,Zone 2 Steady State,Endurance,Endurance,Z2 - Endurance,Z1 - Recovery; Z2 - Endurance,01:00:00,60.0,3600,43,0.66,,True,False,"Zone 2 endurance training is one of the most important aspects of any training plan. We don't always get faster by training faster. In Zone 2 training, we are stimulating your type 1 muscle fibres (slow-twitch). Spending time in Zone 2 is essential to improving performance. By completing the session with steady-state power, we can make other observations about your performance, including heart rate and lactate response.",03:00 @ 50% | 02:10 @ 60% | 52:50 @ 67% | 02:00 @ 50%,zone-2-steady-state,https://mywhooshinfo.com/workouts/workout/zone-2-steady-state
10102,Zone 2 with 1min,All training plan workouts,All training plan workouts,Z3 - Tempo,Z1 - Recovery; Z2 - Endurance; Z3 - Tempo; Z4 - Threshold; Z5 - VO2Max,57:00,57.0,3420,57,0.78,,True,False,"This session will allow you to maintain your base fitness by touching on some short, high intensity intervals. By completing 6 x 1min intervals with good recovery, you will keep those fast twitch muscle fibers in check for when the intensity begins.","warmup 05:00 @ 45% FTP - 75% FTP | 01:00 @ 50% | 4x [01:00 @ 88%, 01:00 @ 65%] | 01:00 @ 109% | 01:00 @ 65% | 03:00 @ 95% | 05:00 @ 75% | ramp 00:30 @ 75% FTP - 120% FTP | 05:00 @ 75% | ramp 00:30 @ 75% FTP - 120% FTP | 05:00 @ 75% | ramp 00:30 @ 75% FTP - 120% FTP | 05:00 @ 75% | ramp 00:30 @ 75% FTP - 120% FTP | 05:00 @ 75% | ramp 00:30 @ 75% FTP - 120% FTP | 05:00 @ 75% | ramp 00:30 @ 75% FTP - 120% FTP | cooldown 05:00 @ 75% FTP - 45% FTP",zone-2-with-1min,https://mywhooshinfo.com/workouts/workout/zone-2-with-1min
10337,Zone 2 with 1min,All training plan workouts,All training plan workouts,Z2 - Endurance,Z1 - Recovery; Z2 - Endurance; Z3 - Tempo; Z4 - Threshold; Z5 - VO2Max,01:00:00,60.0,3600,59,0.77,,False,False,"This session will allow you to maintain your base fitness by touching on some short, high intensity intervals. By completing 6 x 1min intervals with good recovery, you will keep those fast twitch muscle fibers in check for when the intensity begins.",05:00 @ 50% | ramp 05:00 @ 60% FTP - 75% FTP | 01:00 @ 45% | 01:00 @ 100% | 01:00 @ 45% | 01:00 @ 111% | 01:00 @ 45% | 03:00 @ 93% | 01:00 @ 45% | 05:00 @ 75% | ramp 01:00 @ 83% FTP - 115% FTP | 05:00 @ 75% | ramp 01:00 @ 83% FTP - 115% FTP | 05:00 @ 75% | ramp 01:00 @ 83% FTP - 115% FTP | 05:00 @ 75% | ramp 01:00 @ 83% FTP - 115% FTP | 05:00 @ 75% | ramp 01:00 @ 83% FTP - 115% FTP | 05:00 @ 75% | ramp 01:00 @ 83% FTP - 115% FTP | 05:00 @ 55%,zone-2-with-1min-ughf,https://mywhooshinfo.com/workouts/workout/zone-2-with-1min-ughf
46,Zone 2 with 30sec Spiked Tempo #1,Beginner,Beginner; Tempo,Z5 - VO2Max,Free Ride; Z1 - Recovery; Z2 - Endurance; Z3 - Tempo; Z5 - VO2Max; Z6 - Anaerobic,57:00,57.0,3420,59,0.79,,True,False,"Long Steady Tempo efforts on their own are practical training. But by incorporating 30-second high-intensity efforts into them, you will improve your body's ability to work aerobically for long periods. Today's sessions consist of a 12-minute Tempo effort with a 30-second surge every 3.5 minutes.","03:00 @ 50% | 4x [00:10 @ 200%, 00:50 @ 50%] | ramp 03:00 @ 60% FTP - 75% FTP | 30:00 @ Free ride | ramp 00:30 @ 106% FTP - 120% FTP | ramp 03:30 @ 76% FTP - 90% FTP | ramp 00:30 @ 106% FTP - 120% FTP | ramp 03:30 @ 76% FTP - 90% FTP | ramp 00:30 @ 106% FTP - 120% FTP | ramp 03:30 @ 76% FTP - 90% FTP | cooldown 05:00 @ 70% FTP - 45% FTP",zone-2-with-30sec-spiked-tempo-1,https://mywhooshinfo.com/workouts/workout/zone-2-with-30sec-spiked-tempo-1
347,Zone 2 with 6 x 1min,Endurance,All training plan workouts; Endurance,Z2 - Endurance,Z1 - Recovery; Z2 - Endurance; Z3 - Tempo; Z4 - Threshold; Z5 - VO2Max,57:00,57.0,3420,57,0.78,,True,False,"This session will allow you to maintain your base fitness by touching on short, high-intensity intervals. By completing 6 x 1min intervals with functional recovery, you will keep those fast-twitch muscle fibres in check for when the intensity begins.","warmup 05:00 @ 45% FTP - 75% FTP | 01:00 @ 50% | 4x [01:00 @ 88%, 01:00 @ 65%] | 01:00 @ 109% | 01:00 @ 65% | 03:00 @ 95% | 05:00 @ 75% | ramp 00:30 @ 75% FTP - 120% FTP | 05:00 @ 75% | ramp 00:30 @ 75% FTP - 120% FTP | 05:00 @ 75% | ramp 00:30 @ 75% FTP - 120% FTP | 05:00 @ 75% | ramp 00:30 @ 75% FTP - 120% FTP | 05:00 @ 75% | ramp 00:30 @ 75% FTP - 120% FTP | 05:00 @ 75% | ramp 00:30 @ 75% FTP - 120% FTP | cooldown 05:00 @ 75% FTP - 45% FTP",zone-2-with-6-x-1min,https://mywhooshinfo.com/workouts/workout/zone-2-with-6-x-1min
449,Zone 2 with Capacity into Sweetspot,Sweetspot,Sweetspot,Z3 - Tempo,Free Ride; Z1 - Recovery; Z2 - Endurance; Z3 - Tempo; Z4 - Threshold; Z5 - VO2Max; Z6 - Anaerobic,01:00:00,60.0,3600,71,0.85,,True,False,"Quite often, racing involves periods of short, high-intensity efforts, followed by a period of Tempo riding. Today we look to replicate what it takes to break away from the group and maintain that advantage.","warmup 05:00 @ 45% FTP - 75% FTP | 01:00 @ 50% | 01:00 @ 81% | 01:00 @ 50% | 01:00 @ 95% | 01:00 @ 50% | 01:00 @ 109% | 01:00 @ 50% | 25:00 @ Free ride | 2x [01:00 @ 125%, 01:00 @ 65%] | ramp 05:00 @ 76% FTP - 89% FTP | 2x [01:00 @ 125%, 01:00 @ 65%] | ramp 05:00 @ 89% FTP - 76% FTP | 01:00 @ 50% | cooldown 04:00 @ 65% FTP - 51% FTP",zone-2-with-capacity-into-sweetspot,https://mywhooshinfo.com/workouts/workout/zone-2-with-capacity-into-sweetspot
647,Zone 2 with Threshold #1,Threshold,All training plan workouts; Threshold,Z4 - Threshold,Free Ride; Z1 - Recovery; Z2 - Endurance; Z3 - Tempo; Z4 - Threshold,01:01:00,61.0,3660,60,0.77,,True,False,Everyone is good when fresh. The critical point is to be good when fatigued! This workout will build some fatigue through a controlled Zone 2 effort before completing a 6-minute Threshold interval. NOTE: The zone 2 work is completed as a free ride before returning to a controlled interval to finish the session.,"warmup 05:00 @ 45% FTP - 75% FTP | 2x [01:00 @ 80%, 01:00 @ 50%] | 2x [01:00 @ 98%, 01:00 @ 50%] | 35:00 @ Free ride | ramp 06:00 @ 90% FTP - 104% FTP | 02:00 @ 50% | cooldown 05:00 @ 65% FTP - 45% FTP",zone-2-with-threshold-1,https://mywhooshinfo.com/workouts/workout/zone-2-with-threshold-1
47,Zone 3 Volume,Beginner,Beginner; Tempo,Z3 - Tempo,Z1 - Recovery; Z2 - Endurance; Z3 - Tempo,01:00:00,60.0,3600,59,0.77,,True,False,"Zone 3 training is ideal for building muscular endurance during the late base phase of training. When completing long climbs, you will more than likely be spending a considerable amount of time at this intensity. To train this area effectively requires completing longer medium intensity intervals. Today's session consists of 3 x 12 minute Zone 3 intervals.",warmup 03:00 @ 47% FTP - 60% FTP | 01:00 @ 65% | 01:00 @ 81% | 01:00 @ 90% | 02:00 @ 50% | 04:00 @ 73% | 03:00 @ 50% | ramp 04:00 @ 76% FTP - 89% FTP | ramp 04:00 @ 76% FTP - 89% FTP | ramp 04:00 @ 76% FTP - 89% FTP | 02:00 @ 65% | ramp 04:00 @ 76% FTP - 89% FTP | ramp 04:00 @ 76% FTP - 89% FTP | ramp 04:00 @ 76% FTP - 89% FTP | 02:00 @ 65% | ramp 04:00 @ 76% FTP - 89% FTP | ramp 04:00 @ 76% FTP - 89% FTP | ramp 04:00 @ 76% FTP - 89% FTP | 05:00 @ 50%,zone-3-volume,https://mywhooshinfo.com/workouts/workout/zone-3-volume
10368,Zone 3 Volume,All training plan workouts,All training plan workouts,Z3 - Tempo,Z1 - Recovery; Z2 - Endurance; Z3 - Tempo; Z5 - VO2Max,01:00:00,60.0,3600,60,0.78,,True,False,"Zone 3 training is ideal for building muscular endurance during the late base phase of training. When completing long climbs, you will more than likely be spending a considerable amount of time at this intensity. To train this area effectively, requires completing longer medium intensity intervals. Today's session consists of 3 x 12 minute Zone 3 intervals.",warmup 03:00 @ 47% FTP - 60% FTP | 01:00 @ 65% | 01:00 @ 81% | 01:00 @ 109% | 02:00 @ 50% | 04:00 @ 73% | 03:00 @ 50% | ramp 04:00 @ 76% FTP - 89% FTP | ramp 04:00 @ 76% FTP - 89% FTP | ramp 04:00 @ 76% FTP - 89% FTP | 02:00 @ 65% | ramp 04:00 @ 76% FTP - 89% FTP | ramp 04:00 @ 76% FTP - 89% FTP | ramp 04:00 @ 76% FTP - 89% FTP | 02:00 @ 65% | ramp 04:00 @ 76% FTP - 89% FTP | ramp 04:00 @ 76% FTP - 89% FTP | ramp 04:00 @ 76% FTP - 89% FTP | 05:00 @ 50%,zone-3-volume-pigu,https://mywhooshinfo.com/workouts/workout/zone-3-volume-pigu
